{"data":[{"ObjectIdentifier": "03512713-9F15-4656-9F81-FC76661C4A62", "Properties": {"domain": "JAB.HTB", "name": "WMIGPO@JAB.HTB", "distinguishedname": "CN=WMIGPO,CN=WMIPOLICY,CN=SYSTEM,DC=JAB,DC=HTB", "domainsid": "S-1-5-21-715914501-2118353807-243417633", "highvalue": false, "description": "", "whencreated": 1698084469}, "IsDeleted": false, "IsACLProtected": false, "Aces": [{"RightName": "Owns", "IsInherited": false, "PrincipalSID": "S-1-5-21-715914501-2118353807-243417633-512", "PrincipalType": "Group"}, {"RightName": "WriteOwner", "IsInherited": false, "PrincipalSID": "S-1-5-21-715914501-2118353807-243417633-512", "PrincipalType": "Group"}, {"RightName": "WriteDacl", "IsInherited": false, "PrincipalSID": "S-1-5-21-715914501-2118353807-243417633-512", "PrincipalType": "Group"}, {"RightName": "GenericAll", "IsInherited": true, "PrincipalSID": "S-1-5-21-715914501-2118353807-243417633-519", "PrincipalType": "Group"}, {"RightName": "GenericAll", "IsInherited": true, "PrincipalSID": "S-1-5-21-715914501-2118353807-243417633-512", "PrincipalType": "Group"}], "ChildObjects": []},{"ObjectIdentifier": "98B5673E-24A6-41A4-B0F0-B7EAB89617AB", "Properties": {"domain": "JAB.HTB", "name": "POLICYTYPE@JAB.HTB", "distinguishedname": "CN=POLICYTYPE,CN=WMIPOLICY,CN=SYSTEM,DC=JAB,DC=HTB", "domainsid": "S-1-5-21-715914501-2118353807-243417633", "highvalue": false, "description": "", "whencreated": 1698084469}, "IsDeleted": false, "IsACLProtected": false, "Aces": [{"RightName": "Owns", "IsInherited": false, "PrincipalSID": "S-1-5-21-715914501-2118353807-243417633-512", "PrincipalType": "Group"}, {"RightName": "WriteOwner", "IsInherited": false, "PrincipalSID": "S-1-5-21-715914501-2118353807-243417633-512", "PrincipalType": "Group"}, {"RightName": "WriteDacl", "IsInherited": false, "PrincipalSID": "S-1-5-21-715914501-2118353807-243417633-512", "PrincipalType": "Group"}, {"RightName": "GenericAll", "IsInherited": true, "PrincipalSID": "S-1-5-21-715914501-2118353807-243417633-519", "PrincipalType": "Group"}, {"RightName": "GenericAll", "IsInherited": true, "PrincipalSID": "S-1-5-21-715914501-2118353807-243417633-512", "PrincipalType": "Group"}], "ChildObjects": []},{"ObjectIdentifier": "DDB3A3F5-4085-4EC6-B1AB-76DFDA35681B", "Properties": {"domain": "JAB.HTB", "name": "SOM@JAB.HTB", "distinguishedname": "CN=SOM,CN=WMIPOLICY,CN=SYSTEM,DC=JAB,DC=HTB", "domainsid": "S-1-5-21-715914501-2118353807-243417633", "highvalue": false, "description": "", "whencreated": 1698084469}, "IsDeleted": false, "IsACLProtected": true, "Aces": [{"RightName": "Owns", "IsInherited": false, "PrincipalSID": "S-1-5-21-715914501-2118353807-243417633-512", "PrincipalType": "Group"}, {"RightName": "GenericAll", "IsInherited": false, "PrincipalSID": "S-1-5-21-715914501-2118353807-243417633-512", "PrincipalType": "Group"}, {"RightName": "GenericAll", "IsInherited": false, "PrincipalSID": "S-1-5-21-715914501-2118353807-243417633-519", "PrincipalType": "Group"}], "ChildObjects": []},{"ObjectIdentifier": "E5A5E9B2-EA0A-4947-8E81-D584DD59A9B2", "Properties": {"domain": "JAB.HTB", "name": "POLICYTEMPLATE@JAB.HTB", "distinguishedname": "CN=POLICYTEMPLATE,CN=WMIPOLICY,CN=SYSTEM,DC=JAB,DC=HTB", "domainsid": "S-1-5-21-715914501-2118353807-243417633", "highvalue": false, "description": "", "whencreated": 1698084469}, "IsDeleted": false, "IsACLProtected": false, "Aces": [{"RightName": "Owns", "IsInherited": false, "PrincipalSID": "S-1-5-21-715914501-2118353807-243417633-512", "PrincipalType": "Group"}, {"RightName": "WriteOwner", "IsInherited": false, "PrincipalSID": "S-1-5-21-715914501-2118353807-243417633-512", "PrincipalType": "Group"}, {"RightName": "WriteDacl", "IsInherited": false, "PrincipalSID": "S-1-5-21-715914501-2118353807-243417633-512", "PrincipalType": "Group"}, {"RightName": "GenericAll", "IsInherited": true, "PrincipalSID": "S-1-5-21-715914501-2118353807-243417633-519", "PrincipalType": "Group"}, {"RightName": "GenericAll", "IsInherited": true, "PrincipalSID": "S-1-5-21-715914501-2118353807-243417633-512", "PrincipalType": "Group"}], "ChildObjects": []},{"ObjectIdentifier": "515D670A-FE2B-446D-97E8-61F3342D118F", "Properties": {"domain": "JAB.HTB", "name": "WMIPOLICY@JAB.HTB", "distinguishedname": "CN=WMIPOLICY,CN=SYSTEM,DC=JAB,DC=HTB", "domainsid": "S-1-5-21-715914501-2118353807-243417633", "highvalue": false, "description": "", "whencreated": 1698084469}, "IsDeleted": false, "IsACLProtected": true, "Aces": [{"RightName": "Owns", "IsInherited": false, "PrincipalSID": "S-1-5-21-715914501-2118353807-243417633-512", "PrincipalType": "Group"}, {"RightName": "GenericAll", "IsInherited": false, "PrincipalSID": "S-1-5-21-715914501-2118353807-243417633-519", "PrincipalType": "Group"}, {"RightName": "GenericAll", "IsInherited": false, "PrincipalSID": "S-1-5-21-715914501-2118353807-243417633-512", "PrincipalType": "Group"}], "ChildObjects": []},{"ObjectIdentifier": "3BD7BFE8-7268-4013-AB9E-D12C77FC904F", "Properties": {"domain": "JAB.HTB", "name": "COMPARTITIONSETS@JAB.HTB", "distinguishedname": "CN=COMPARTITIONSETS,CN=SYSTEM,DC=JAB,DC=HTB", "domainsid": "S-1-5-21-715914501-2118353807-243417633", "highvalue": false, "description": "", "whencreated": 1698084469}, "IsDeleted": false, "IsACLProtected": false, "Aces": [{"RightName": "Owns", "IsInherited": false, "PrincipalSID": "S-1-5-21-715914501-2118353807-243417633-512", "PrincipalType": "Group"}, {"RightName": "WriteOwner", "IsInherited": false, "PrincipalSID": "S-1-5-21-715914501-2118353807-243417633-512", "PrincipalType": "Group"}, {"RightName": "WriteDacl", "IsInherited": false, "PrincipalSID": "S-1-5-21-715914501-2118353807-243417633-512", "PrincipalType": "Group"}, {"RightName": "GenericAll", "IsInherited": true, "PrincipalSID": "S-1-5-21-715914501-2118353807-243417633-519", "PrincipalType": "Group"}, {"RightName": "WriteOwner", "IsInherited": true, "PrincipalSID": "JAB.HTB-S-1-5-32-544", "PrincipalType": "Group"}, {"RightName": "WriteDacl", "IsInherited": true, "PrincipalSID": "JAB.HTB-S-1-5-32-544", "PrincipalType": "Group"}], "ChildObjects": []},{"ObjectIdentifier": "6365277D-4B4A-4427-B1F7-3454DE39ADD3", "Properties": {"domain": "JAB.HTB", "name": "COMPARTITIONS@JAB.HTB", "distinguishedname": "CN=COMPARTITIONS,CN=SYSTEM,DC=JAB,DC=HTB", "domainsid": "S-1-5-21-715914501-2118353807-243417633", "highvalue": false, "description": "", "whencreated": 1698084469}, "IsDeleted": false, "IsACLProtected": false, "Aces": [{"RightName": "Owns", "IsInherited": false, "PrincipalSID": "S-1-5-21-715914501-2118353807-243417633-512", "PrincipalType": "Group"}, {"RightName": "WriteOwner", "IsInherited": false, "PrincipalSID": "S-1-5-21-715914501-2118353807-243417633-512", "PrincipalType": "Group"}, {"RightName": "WriteDacl", "IsInherited": false, "PrincipalSID": "S-1-5-21-715914501-2118353807-243417633-512", "PrincipalType": "Group"}, {"RightName": "GenericAll", "IsInherited": true, "PrincipalSID": "S-1-5-21-715914501-2118353807-243417633-519", "PrincipalType": "Group"}, {"RightName": "WriteOwner", "IsInherited": true, "PrincipalSID": "JAB.HTB-S-1-5-32-544", "PrincipalType": "Group"}, {"RightName": "WriteDacl", "IsInherited": true, "PrincipalSID": "JAB.HTB-S-1-5-32-544", "PrincipalType": "Group"}], "ChildObjects": []},{"ObjectIdentifier": "4B6576B5-089D-4DFB-B79E-66D24E85CD3F", "Properties": {"domain": "JAB.HTB", "name": "ADMINSDHOLDER@JAB.HTB", "distinguishedname": "CN=ADMINSDHOLDER,CN=SYSTEM,DC=JAB,DC=HTB", "domainsid": "S-1-5-21-715914501-2118353807-243417633", "highvalue": false, "description": "", "whencreated": 1698084469}, "IsDeleted": false, "IsACLProtected": true, "Aces": [{"RightName": "Owns", "IsInherited": false, "PrincipalSID": "S-1-5-21-715914501-2118353807-243417633-512", "PrincipalType": "Group"}, {"RightName": "WriteOwner", "IsInherited": false, "PrincipalSID": "S-1-5-21-715914501-2118353807-243417633-512", "PrincipalType": "Group"}, {"RightName": "WriteDacl", "IsInherited": false, "PrincipalSID": "S-1-5-21-715914501-2118353807-243417633-512", "PrincipalType": "Group"}, {"RightName": "WriteOwner", "IsInherited": false, "PrincipalSID": "S-1-5-21-715914501-2118353807-243417633-519", "PrincipalType": "Group"}, {"RightName": "WriteDacl", "IsInherited": false, "PrincipalSID": "S-1-5-21-715914501-2118353807-243417633-519", "PrincipalType": "Group"}, {"RightName": "WriteOwner", "IsInherited": false, "PrincipalSID": "JAB.HTB-S-1-5-32-544", "PrincipalType": "Group"}, {"RightName": "WriteDacl", "IsInherited": false, "PrincipalSID": "JAB.HTB-S-1-5-32-544", "PrincipalType": "Group"}], "ChildObjects": []},{"ObjectIdentifier": "1FB9C20B-6874-451C-B607-6DDCAADDF637", "Properties": {"domain": "JAB.HTB", "name": "RAS AND IAS SERVERS ACCESS CHECK@JAB.HTB", "distinguishedname": "CN=RAS AND IAS SERVERS ACCESS CHECK,CN=SYSTEM,DC=JAB,DC=HTB", "domainsid": "S-1-5-21-715914501-2118353807-243417633", "highvalue": false, "description": "", "whencreated": 1698084469}, "IsDeleted": false, "IsACLProtected": false, "Aces": [{"RightName": "Owns", "IsInherited": false, "PrincipalSID": "S-1-5-21-715914501-2118353807-243417633-512", "PrincipalType": "Group"}, {"RightName": "WriteOwner", "IsInherited": false, "PrincipalSID": "S-1-5-21-715914501-2118353807-243417633-553", "PrincipalType": "Group"}, {"RightName": "WriteDacl", "IsInherited": false, "PrincipalSID": "S-1-5-21-715914501-2118353807-243417633-553", "PrincipalType": "Group"}, {"RightName": "GenericAll", "IsInherited": true, "PrincipalSID": "S-1-5-21-715914501-2118353807-243417633-519", "PrincipalType": "Group"}, {"RightName": "WriteOwner", "IsInherited": true, "PrincipalSID": "JAB.HTB-S-1-5-32-544", "PrincipalType": "Group"}, {"RightName": "WriteDacl", "IsInherited": true, "PrincipalSID": "JAB.HTB-S-1-5-32-544", "PrincipalType": "Group"}], "ChildObjects": []},{"ObjectIdentifier": "9075AC96-A1E8-4D0D-9B7C-E0072A8A7C5E", "Properties": {"domain": "JAB.HTB", "name": "POLICIES@JAB.HTB", "distinguishedname": "CN=POLICIES,CN=SYSTEM,DC=JAB,DC=HTB", "domainsid": "S-1-5-21-715914501-2118353807-243417633", "highvalue": false, "description": "", "whencreated": 1698084469}, "IsDeleted": false, "IsACLProtected": false, "Aces": [{"RightName": "Owns", "IsInherited": false, "PrincipalSID": "S-1-5-21-715914501-2118353807-243417633-512", "PrincipalType": "Group"}, {"RightName": "WriteOwner", "IsInherited": false, "PrincipalSID": "S-1-5-21-715914501-2118353807-243417633-512", "PrincipalType": "Group"}, {"RightName": "WriteDacl", "IsInherited": false, "PrincipalSID": "S-1-5-21-715914501-2118353807-243417633-512", "PrincipalType": "Group"}, {"RightName": "GenericAll", "IsInherited": true, "PrincipalSID": "S-1-5-21-715914501-2118353807-243417633-519", "PrincipalType": "Group"}, {"RightName": "WriteOwner", "IsInherited": true, "PrincipalSID": "JAB.HTB-S-1-5-32-544", "PrincipalType": "Group"}, {"RightName": "WriteDacl", "IsInherited": true, "PrincipalSID": "JAB.HTB-S-1-5-32-544", "PrincipalType": "Group"}], "ChildObjects": []},{"ObjectIdentifier": "3A9FDC40-F30F-4ED3-B9B8-E9FCE7B8643A", "Properties": {"domain": "JAB.HTB", "name": "MEETINGS@JAB.HTB", "distinguishedname": "CN=MEETINGS,CN=SYSTEM,DC=JAB,DC=HTB", "domainsid": "S-1-5-21-715914501-2118353807-243417633", "highvalue": false, "description": "", "whencreated": 1698084469}, "IsDeleted": false, "IsACLProtected": false, "Aces": [{"RightName": "Owns", "IsInherited": false, "PrincipalSID": "S-1-5-21-715914501-2118353807-243417633-512", "PrincipalType": "Group"}, {"RightName": "WriteOwner", "IsInherited": false, "PrincipalSID": "S-1-5-21-715914501-2118353807-243417633-512", "PrincipalType": "Group"}, {"RightName": "WriteDacl", "IsInherited": false, "PrincipalSID": "S-1-5-21-715914501-2118353807-243417633-512", "PrincipalType": "Group"}, {"RightName": "GenericAll", "IsInherited": true, "PrincipalSID": "S-1-5-21-715914501-2118353807-243417633-519", "PrincipalType": "Group"}, {"RightName": "WriteOwner", "IsInherited": true, "PrincipalSID": "JAB.HTB-S-1-5-32-544", "PrincipalType": "Group"}, {"RightName": "WriteDacl", "IsInherited": true, "PrincipalSID": "JAB.HTB-S-1-5-32-544", "PrincipalType": "Group"}], "ChildObjects": []},{"ObjectIdentifier": "C9559C4A-4BB0-4A6B-A3A7-ACE46B8917B4", "Properties": {"domain": "JAB.HTB", "name": "WINSOCKSERVICES@JAB.HTB", "distinguishedname": "CN=WINSOCKSERVICES,CN=SYSTEM,DC=JAB,DC=HTB", "domainsid": "S-1-5-21-715914501-2118353807-243417633", "highvalue": false, "description": "", "whencreated": 1698084469}, "IsDeleted": false, "IsACLProtected": false, "Aces": [{"RightName": "Owns", "IsInherited": false, "PrincipalSID": "S-1-5-21-715914501-2118353807-243417633-512", "PrincipalType": "Group"}, {"RightName": "WriteOwner", "IsInherited": false, "PrincipalSID": "S-1-5-21-715914501-2118353807-243417633-512", "PrincipalType": "Group"}, {"RightName": "WriteDacl", "IsInherited": false, "PrincipalSID": "S-1-5-21-715914501-2118353807-243417633-512", "PrincipalType": "Group"}, {"RightName": "GenericAll", "IsInherited": true, "PrincipalSID": "S-1-5-21-715914501-2118353807-243417633-519", "PrincipalType": "Group"}, {"RightName": "WriteOwner", "IsInherited": true, "PrincipalSID": "JAB.HTB-S-1-5-32-544", "PrincipalType": "Group"}, {"RightName": "WriteDacl", "IsInherited": true, "PrincipalSID": "JAB.HTB-S-1-5-32-544", "PrincipalType": "Group"}], "ChildObjects": []},{"ObjectIdentifier": "C58A0A3E-B469-4B1B-BF07-623AE818255E", "Properties": {"domain": "JAB.HTB", "name": "MANAGED SERVICE ACCOUNTS@JAB.HTB", "distinguishedname": "CN=MANAGED SERVICE ACCOUNTS,DC=JAB,DC=HTB", "domainsid": "S-1-5-21-715914501-2118353807-243417633", "highvalue": false, "description": "Default container for managed service accounts", "whencreated": 1698084470}, "IsDeleted": false, "IsACLProtected": false, "Aces": [{"RightName": "Owns", "IsInherited": false, "PrincipalSID": "S-1-5-21-715914501-2118353807-243417633-512", "PrincipalType": "Group"}, {"RightName": "WriteOwner", "IsInherited": false, "PrincipalSID": "S-1-5-21-715914501-2118353807-243417633-512", "PrincipalType": "Group"}, {"RightName": "WriteDacl", "IsInherited": false, "PrincipalSID": "S-1-5-21-715914501-2118353807-243417633-512", "PrincipalType": "Group"}, {"RightName": "GenericAll", "IsInherited": true, "PrincipalSID": "S-1-5-21-715914501-2118353807-243417633-519", "PrincipalType": "Group"}, {"RightName": "WriteOwner", "IsInherited": true, "PrincipalSID": "JAB.HTB-S-1-5-32-544", "PrincipalType": "Group"}, {"RightName": "WriteDacl", "IsInherited": true, "PrincipalSID": "JAB.HTB-S-1-5-32-544", "PrincipalType": "Group"}], "ChildObjects": []},{"ObjectIdentifier": "EBA6F24C-66B5-4E32-A57C-D1DD6E89257D", "Properties": {"domain": "JAB.HTB", "name": "MICROSOFT@JAB.HTB", "distinguishedname": "CN=MICROSOFT,CN=PROGRAM DATA,DC=JAB,DC=HTB", "domainsid": "S-1-5-21-715914501-2118353807-243417633", "highvalue": false, "description": "Default location for storage of Microsoft application data.", "whencreated": 1698084470}, "IsDeleted": false, "IsACLProtected": false, "Aces": [{"RightName": "Owns", "IsInherited": false, "PrincipalSID": "S-1-5-21-715914501-2118353807-243417633-512", "PrincipalType": "Group"}, {"RightName": "GenericAll", "IsInherited": false, "PrincipalSID": "S-1-5-21-715914501-2118353807-243417633-512", "PrincipalType": "Group"}, {"RightName": "GenericAll", "IsInherited": true, "PrincipalSID": "S-1-5-21-715914501-2118353807-243417633-519", "PrincipalType": "Group"}, {"RightName": "WriteOwner", "IsInherited": true, "PrincipalSID": "JAB.HTB-S-1-5-32-544", "PrincipalType": "Group"}, {"RightName": "WriteDacl", "IsInherited": true, "PrincipalSID": "JAB.HTB-S-1-5-32-544", "PrincipalType": "Group"}], "ChildObjects": []},{"ObjectIdentifier": "DA3DFB07-F34A-4A22-89F1-B1CF78ECC275", "Properties": {"domain": "JAB.HTB", "name": "PROGRAM DATA@JAB.HTB", "distinguishedname": "CN=PROGRAM DATA,DC=JAB,DC=HTB", "domainsid": "S-1-5-21-715914501-2118353807-243417633", "highvalue": false, "description": "Default location for storage of application data.", "whencreated": 1698084470}, "IsDeleted": false, "IsACLProtected": false, "Aces": [{"RightName": "Owns", "IsInherited": false, "PrincipalSID": "S-1-5-21-715914501-2118353807-243417633-512", "PrincipalType": "Group"}, {"RightName": "GenericAll", "IsInherited": false, "PrincipalSID": "S-1-5-21-715914501-2118353807-243417633-512", "PrincipalType": "Group"}, {"RightName": "GenericAll", "IsInherited": true, "PrincipalSID": "S-1-5-21-715914501-2118353807-243417633-519", "PrincipalType": "Group"}, {"RightName": "WriteOwner", "IsInherited": true, "PrincipalSID": "JAB.HTB-S-1-5-32-544", "PrincipalType": "Group"}, {"RightName": "WriteDacl", "IsInherited": true, "PrincipalSID": "JAB.HTB-S-1-5-32-544", "PrincipalType": "Group"}], "ChildObjects": []},{"ObjectIdentifier": "92B3B58F-A60A-46EF-873C-190697FF52EC", "Properties": {"domain": "JAB.HTB", "name": "FOREIGNSECURITYPRINCIPALS@JAB.HTB", "distinguishedname": "CN=FOREIGNSECURITYPRINCIPALS,DC=JAB,DC=HTB", "domainsid": "S-1-5-21-715914501-2118353807-243417633", "highvalue": false, "description": "Default container for security identifiers (SIDs) associated with objects from external, trusted domains", "whencreated": 1698084470}, "IsDeleted": false, "IsACLProtected": false, "Aces": [{"RightName": "Owns", "IsInherited": false, "PrincipalSID": "S-1-5-21-715914501-2118353807-243417633-512", "PrincipalType": "Group"}, {"RightName": "GenericAll", "IsInherited": false, "PrincipalSID": "S-1-5-21-715914501-2118353807-243417633-512", "PrincipalType": "Group"}, {"RightName": "GenericAll", "IsInherited": true, "PrincipalSID": "S-1-5-21-715914501-2118353807-243417633-519", "PrincipalType": "Group"}, {"RightName": "WriteOwner", "IsInherited": true, "PrincipalSID": "JAB.HTB-S-1-5-32-544", "PrincipalType": "Group"}, {"RightName": "WriteDacl", "IsInherited": true, "PrincipalSID": "JAB.HTB-S-1-5-32-544", "PrincipalType": "Group"}], "ChildObjects": []},{"ObjectIdentifier": "90859875-F919-46D6-93F1-A853E69C64CD", "Properties": {"domain": "JAB.HTB", "name": "SYSTEM@JAB.HTB", "distinguishedname": "CN=SYSTEM,DC=JAB,DC=HTB", "domainsid": "S-1-5-21-715914501-2118353807-243417633", "highvalue": false, "description": "Builtin system settings", "whencreated": 1698084469}, "IsDeleted": false, "IsACLProtected": false, "Aces": [{"RightName": "Owns", "IsInherited": false, "PrincipalSID": "S-1-5-21-715914501-2118353807-243417633-512", "PrincipalType": "Group"}, {"RightName": "WriteOwner", "IsInherited": false, "PrincipalSID": "S-1-5-21-715914501-2118353807-243417633-512", "PrincipalType": "Group"}, {"RightName": "WriteDacl", "IsInherited": false, "PrincipalSID": "S-1-5-21-715914501-2118353807-243417633-512", "PrincipalType": "Group"}, {"RightName": "GenericAll", "IsInherited": true, "PrincipalSID": "S-1-5-21-715914501-2118353807-243417633-519", "PrincipalType": "Group"}, {"RightName": "WriteOwner", "IsInherited": true, "PrincipalSID": "JAB.HTB-S-1-5-32-544", "PrincipalType": "Group"}, {"RightName": "WriteDacl", "IsInherited": true, "PrincipalSID": "JAB.HTB-S-1-5-32-544", "PrincipalType": "Group"}], "ChildObjects": []},{"ObjectIdentifier": "86AC6999-7B63-493B-ABA2-CC799B9BFB5C", "Properties": {"domain": "JAB.HTB", "name": "COMPUTERS@JAB.HTB", "distinguishedname": "CN=COMPUTERS,DC=JAB,DC=HTB", "domainsid": "S-1-5-21-715914501-2118353807-243417633", "highvalue": false, "description": "Default container for upgraded computer accounts", "whencreated": 1698084469}, "IsDeleted": false, "IsACLProtected": false, "Aces": [{"RightName": "Owns", "IsInherited": false, "PrincipalSID": "S-1-5-21-715914501-2118353807-243417633-512", "PrincipalType": "Group"}, {"RightName": "WriteOwner", "IsInherited": false, "PrincipalSID": "S-1-5-21-715914501-2118353807-243417633-512", "PrincipalType": "Group"}, {"RightName": "WriteDacl", "IsInherited": false, "PrincipalSID": "S-1-5-21-715914501-2118353807-243417633-512", "PrincipalType": "Group"}, {"RightName": "GenericAll", "IsInherited": true, "PrincipalSID": "S-1-5-21-715914501-2118353807-243417633-519", "PrincipalType": "Group"}, {"RightName": "WriteOwner", "IsInherited": true, "PrincipalSID": "JAB.HTB-S-1-5-32-544", "PrincipalType": "Group"}, {"RightName": "WriteDacl", "IsInherited": true, "PrincipalSID": "JAB.HTB-S-1-5-32-544", "PrincipalType": "Group"}], "ChildObjects": [{"ObjectIdentifier": "S-1-5-21-715914501-2118353807-243417633-1552", "ObjectType": "Computer"}, {"ObjectIdentifier": "S-1-5-21-715914501-2118353807-243417633-1551", "ObjectType": "Computer"}, {"ObjectIdentifier": "S-1-5-21-715914501-2118353807-243417633-1550", "ObjectType": "Computer"}, {"ObjectIdentifier": "S-1-5-21-715914501-2118353807-243417633-1549", "ObjectType": "Computer"}, {"ObjectIdentifier": "S-1-5-21-715914501-2118353807-243417633-1548", "ObjectType": "Computer"}, {"ObjectIdentifier": "S-1-5-21-715914501-2118353807-243417633-1547", "ObjectType": "Computer"}, {"ObjectIdentifier": "S-1-5-21-715914501-2118353807-243417633-1546", "ObjectType": "Computer"}, {"ObjectIdentifier": "S-1-5-21-715914501-2118353807-243417633-1545", "ObjectType": "Computer"}, {"ObjectIdentifier": "S-1-5-21-715914501-2118353807-243417633-1544", "ObjectType": "Computer"}, {"ObjectIdentifier": "S-1-5-21-715914501-2118353807-243417633-1543", "ObjectType": "Computer"}, {"ObjectIdentifier": "S-1-5-21-715914501-2118353807-243417633-1542", "ObjectType": "Computer"}, {"ObjectIdentifier": "S-1-5-21-715914501-2118353807-243417633-1541", "ObjectType": "Computer"}, {"ObjectIdentifier": "S-1-5-21-715914501-2118353807-243417633-1540", "ObjectType": "Computer"}, {"ObjectIdentifier": "S-1-5-21-715914501-2118353807-243417633-1539", "ObjectType": "Computer"}, {"ObjectIdentifier": "S-1-5-21-715914501-2118353807-243417633-1538", "ObjectType": "Computer"}, {"ObjectIdentifier": "S-1-5-21-715914501-2118353807-243417633-1537", "ObjectType": "Computer"}, {"ObjectIdentifier": "S-1-5-21-715914501-2118353807-243417633-1536", "ObjectType": "Computer"}, {"ObjectIdentifier": "S-1-5-21-715914501-2118353807-243417633-1535", "ObjectType": "Computer"}, {"ObjectIdentifier": "S-1-5-21-715914501-2118353807-243417633-1534", "ObjectType": "Computer"}, {"ObjectIdentifier": "S-1-5-21-715914501-2118353807-243417633-1533", "ObjectType": "Computer"}, {"ObjectIdentifier": "S-1-5-21-715914501-2118353807-243417633-1248", "ObjectType": "Computer"}, {"ObjectIdentifier": "S-1-5-21-715914501-2118353807-243417633-1247", "ObjectType": "Computer"}, {"ObjectIdentifier": "S-1-5-21-715914501-2118353807-243417633-1246", "ObjectType": "Computer"}, {"ObjectIdentifier": "S-1-5-21-715914501-2118353807-243417633-1245", "ObjectType": "Computer"}, {"ObjectIdentifier": "S-1-5-21-715914501-2118353807-243417633-1244", "ObjectType": "Computer"}, {"ObjectIdentifier": "S-1-5-21-715914501-2118353807-243417633-1243", "ObjectType": "Computer"}, {"ObjectIdentifier": "S-1-5-21-715914501-2118353807-243417633-1242", "ObjectType": "Computer"}, {"ObjectIdentifier": "S-1-5-21-715914501-2118353807-243417633-1241", "ObjectType": "Computer"}, {"ObjectIdentifier": "S-1-5-21-715914501-2118353807-243417633-1240", "ObjectType": "Computer"}, {"ObjectIdentifier": "S-1-5-21-715914501-2118353807-243417633-1239", "ObjectType": "Computer"}, {"ObjectIdentifier": "S-1-5-21-715914501-2118353807-243417633-1238", "ObjectType": "Computer"}, {"ObjectIdentifier": "S-1-5-21-715914501-2118353807-243417633-1237", "ObjectType": "Computer"}, {"ObjectIdentifier": "S-1-5-21-715914501-2118353807-243417633-1236", "ObjectType": "Computer"}, {"ObjectIdentifier": "S-1-5-21-715914501-2118353807-243417633-1235", "ObjectType": "Computer"}, {"ObjectIdentifier": "S-1-5-21-715914501-2118353807-243417633-1234", "ObjectType": "Computer"}, {"ObjectIdentifier": "S-1-5-21-715914501-2118353807-243417633-1233", "ObjectType": "Computer"}, {"ObjectIdentifier": "S-1-5-21-715914501-2118353807-243417633-1232", "ObjectType": "Computer"}, {"ObjectIdentifier": "S-1-5-21-715914501-2118353807-243417633-1532", "ObjectType": "Computer"}, {"ObjectIdentifier": "S-1-5-21-715914501-2118353807-243417633-1531", "ObjectType": "Computer"}, {"ObjectIdentifier": "S-1-5-21-715914501-2118353807-243417633-1530", "ObjectType": "Computer"}, {"ObjectIdentifier": "S-1-5-21-715914501-2118353807-243417633-1529", "ObjectType": "Computer"}, {"ObjectIdentifier": "S-1-5-21-715914501-2118353807-243417633-1528", "ObjectType": "Computer"}, {"ObjectIdentifier": "S-1-5-21-715914501-2118353807-243417633-1527", "ObjectType": "Computer"}, {"ObjectIdentifier": "S-1-5-21-715914501-2118353807-243417633-1526", "ObjectType": "Computer"}, {"ObjectIdentifier": "S-1-5-21-715914501-2118353807-243417633-1525", "ObjectType": "Computer"}, {"ObjectIdentifier": "S-1-5-21-715914501-2118353807-243417633-1524", "ObjectType": "Computer"}, {"ObjectIdentifier": "S-1-5-21-715914501-2118353807-243417633-1523", "ObjectType": "Computer"}, {"ObjectIdentifier": "S-1-5-21-715914501-2118353807-243417633-1522", "ObjectType": "Computer"}, {"ObjectIdentifier": "S-1-5-21-715914501-2118353807-243417633-1521", "ObjectType": "Computer"}, {"ObjectIdentifier": "S-1-5-21-715914501-2118353807-243417633-1520", "ObjectType": "Computer"}, {"ObjectIdentifier": "S-1-5-21-715914501-2118353807-243417633-1519", "ObjectType": "Computer"}, {"ObjectIdentifier": "S-1-5-21-715914501-2118353807-243417633-1518", "ObjectType": "Computer"}, {"ObjectIdentifier": "S-1-5-21-715914501-2118353807-243417633-1517", "ObjectType": "Computer"}, {"ObjectIdentifier": "S-1-5-21-715914501-2118353807-243417633-1516", "ObjectType": "Computer"}, {"ObjectIdentifier": "S-1-5-21-715914501-2118353807-243417633-1515", "ObjectType": "Computer"}, {"ObjectIdentifier": "S-1-5-21-715914501-2118353807-243417633-1514", "ObjectType": "Computer"}, {"ObjectIdentifier": "S-1-5-21-715914501-2118353807-243417633-1513", "ObjectType": "Computer"}, {"ObjectIdentifier": "S-1-5-21-715914501-2118353807-243417633-1512", "ObjectType": "Computer"}, {"ObjectIdentifier": "S-1-5-21-715914501-2118353807-243417633-1511", "ObjectType": "Computer"}, {"ObjectIdentifier": "S-1-5-21-715914501-2118353807-243417633-1510", "ObjectType": "Computer"}, {"ObjectIdentifier": "S-1-5-21-715914501-2118353807-243417633-1509", "ObjectType": "Computer"}, {"ObjectIdentifier": "S-1-5-21-715914501-2118353807-243417633-1508", "ObjectType": "Computer"}, {"ObjectIdentifier": "S-1-5-21-715914501-2118353807-243417633-1507", "ObjectType": "Computer"}, {"ObjectIdentifier": "S-1-5-21-715914501-2118353807-243417633-1506", "ObjectType": "Computer"}, {"ObjectIdentifier": "S-1-5-21-715914501-2118353807-243417633-1505", "ObjectType": "Computer"}, {"ObjectIdentifier": "S-1-5-21-715914501-2118353807-243417633-1504", "ObjectType": "Computer"}, {"ObjectIdentifier": "S-1-5-21-715914501-2118353807-243417633-1503", "ObjectType": "Computer"}, {"ObjectIdentifier": "S-1-5-21-715914501-2118353807-243417633-1502", "ObjectType": "Computer"}, {"ObjectIdentifier": "S-1-5-21-715914501-2118353807-243417633-1272", "ObjectType": "Computer"}, {"ObjectIdentifier": "S-1-5-21-715914501-2118353807-243417633-1270", "ObjectType": "Computer"}, {"ObjectIdentifier": "S-1-5-21-715914501-2118353807-243417633-1221", "ObjectType": "Computer"}, {"ObjectIdentifier": "S-1-5-21-715914501-2118353807-243417633-1268", "ObjectType": "Computer"}, {"ObjectIdentifier": "S-1-5-21-715914501-2118353807-243417633-1218", "ObjectType": "Computer"}, {"ObjectIdentifier": "S-1-5-21-715914501-2118353807-243417633-1501", "ObjectType": "Computer"}, {"ObjectIdentifier": "S-1-5-21-715914501-2118353807-243417633-1500", "ObjectType": "Computer"}, {"ObjectIdentifier": "S-1-5-21-715914501-2118353807-243417633-1499", "ObjectType": "Computer"}, {"ObjectIdentifier": "S-1-5-21-715914501-2118353807-243417633-1498", "ObjectType": "Computer"}, {"ObjectIdentifier": "S-1-5-21-715914501-2118353807-243417633-1497", "ObjectType": "Computer"}, {"ObjectIdentifier": "S-1-5-21-715914501-2118353807-243417633-1496", "ObjectType": "Computer"}, {"ObjectIdentifier": "S-1-5-21-715914501-2118353807-243417633-1495", "ObjectType": "Computer"}, {"ObjectIdentifier": "S-1-5-21-715914501-2118353807-243417633-1494", "ObjectType": "Computer"}, {"ObjectIdentifier": "S-1-5-21-715914501-2118353807-243417633-1493", "ObjectType": "Computer"}, {"ObjectIdentifier": "S-1-5-21-715914501-2118353807-243417633-1492", "ObjectType": "Computer"}, {"ObjectIdentifier": "S-1-5-21-715914501-2118353807-243417633-1491", "ObjectType": "Computer"}, {"ObjectIdentifier": "S-1-5-21-715914501-2118353807-243417633-1490", "ObjectType": "Computer"}, {"ObjectIdentifier": "S-1-5-21-715914501-2118353807-243417633-1489", "ObjectType": "Computer"}, {"ObjectIdentifier": "S-1-5-21-715914501-2118353807-243417633-1488", "ObjectType": "Computer"}, {"ObjectIdentifier": "S-1-5-21-715914501-2118353807-243417633-1487", "ObjectType": "Computer"}, {"ObjectIdentifier": "S-1-5-21-715914501-2118353807-243417633-1486", "ObjectType": "Computer"}, {"ObjectIdentifier": "S-1-5-21-715914501-2118353807-243417633-1485", "ObjectType": "Computer"}, {"ObjectIdentifier": "S-1-5-21-715914501-2118353807-243417633-1484", "ObjectType": "Computer"}, {"ObjectIdentifier": "S-1-5-21-715914501-2118353807-243417633-1483", "ObjectType": "Computer"}, {"ObjectIdentifier": "S-1-5-21-715914501-2118353807-243417633-1482", "ObjectType": "Computer"}, {"ObjectIdentifier": "S-1-5-21-715914501-2118353807-243417633-1481", "ObjectType": "Computer"}, {"ObjectIdentifier": "S-1-5-21-715914501-2118353807-243417633-1480", "ObjectType": "Computer"}, {"ObjectIdentifier": "S-1-5-21-715914501-2118353807-243417633-1479", "ObjectType": "Computer"}, {"ObjectIdentifier": "S-1-5-21-715914501-2118353807-243417633-1478", "ObjectType": "Computer"}, {"ObjectIdentifier": "S-1-5-21-715914501-2118353807-243417633-1477", "ObjectType": "Computer"}, {"ObjectIdentifier": "S-1-5-21-715914501-2118353807-243417633-1476", "ObjectType": "Computer"}, {"ObjectIdentifier": "S-1-5-21-715914501-2118353807-243417633-1475", "ObjectType": "Computer"}, {"ObjectIdentifier": "S-1-5-21-715914501-2118353807-243417633-1474", "ObjectType": "Computer"}, {"ObjectIdentifier": "S-1-5-21-715914501-2118353807-243417633-1473", "ObjectType": "Computer"}, {"ObjectIdentifier": "S-1-5-21-715914501-2118353807-243417633-1472", "ObjectType": "Computer"}, {"ObjectIdentifier": "S-1-5-21-715914501-2118353807-243417633-1471", "ObjectType": "Computer"}, {"ObjectIdentifier": "S-1-5-21-715914501-2118353807-243417633-1470", "ObjectType": "Computer"}, {"ObjectIdentifier": "S-1-5-21-715914501-2118353807-243417633-1294", "ObjectType": "Computer"}, {"ObjectIdentifier": "S-1-5-21-715914501-2118353807-243417633-1636", "ObjectType": "Computer"}, {"ObjectIdentifier": "S-1-5-21-715914501-2118353807-243417633-1635", "ObjectType": "Computer"}, {"ObjectIdentifier": "S-1-5-21-715914501-2118353807-243417633-1634", "ObjectType": "Computer"}, {"ObjectIdentifier": "S-1-5-21-715914501-2118353807-243417633-1633", "ObjectType": "Computer"}, {"ObjectIdentifier": "S-1-5-21-715914501-2118353807-243417633-1632", "ObjectType": "Computer"}, {"ObjectIdentifier": "S-1-5-21-715914501-2118353807-243417633-1631", "ObjectType": "Computer"}, {"ObjectIdentifier": "S-1-5-21-715914501-2118353807-243417633-1630", "ObjectType": "Computer"}, {"ObjectIdentifier": "S-1-5-21-715914501-2118353807-243417633-1629", "ObjectType": "Computer"}, {"ObjectIdentifier": "S-1-5-21-715914501-2118353807-243417633-1628", "ObjectType": "Computer"}, {"ObjectIdentifier": "S-1-5-21-715914501-2118353807-243417633-1627", "ObjectType": "Computer"}, {"ObjectIdentifier": "S-1-5-21-715914501-2118353807-243417633-1626", "ObjectType": "Computer"}, {"ObjectIdentifier": "S-1-5-21-715914501-2118353807-243417633-1625", "ObjectType": "Computer"}, {"ObjectIdentifier": "S-1-5-21-715914501-2118353807-243417633-1624", "ObjectType": "Computer"}, {"ObjectIdentifier": "S-1-5-21-715914501-2118353807-243417633-1623", "ObjectType": "Computer"}, {"ObjectIdentifier": "S-1-5-21-715914501-2118353807-243417633-1622", "ObjectType": "Computer"}, {"ObjectIdentifier": "S-1-5-21-715914501-2118353807-243417633-1621", "ObjectType": "Computer"}, {"ObjectIdentifier": "S-1-5-21-715914501-2118353807-243417633-1620", "ObjectType": "Computer"}, {"ObjectIdentifier": "S-1-5-21-715914501-2118353807-243417633-1619", "ObjectType": "Computer"}, {"ObjectIdentifier": "S-1-5-21-715914501-2118353807-243417633-1618", "ObjectType": "Computer"}, {"ObjectIdentifier": "S-1-5-21-715914501-2118353807-243417633-1617", "ObjectType": "Computer"}, {"ObjectIdentifier": "S-1-5-21-715914501-2118353807-243417633-1616", "ObjectType": "Computer"}, {"ObjectIdentifier": "S-1-5-21-715914501-2118353807-243417633-1615", "ObjectType": "Computer"}, {"ObjectIdentifier": "S-1-5-21-715914501-2118353807-243417633-1614", "ObjectType": "Computer"}, {"ObjectIdentifier": "S-1-5-21-715914501-2118353807-243417633-1613", "ObjectType": "Computer"}, {"ObjectIdentifier": "S-1-5-21-715914501-2118353807-243417633-1612", "ObjectType": "Computer"}, {"ObjectIdentifier": "S-1-5-21-715914501-2118353807-243417633-1611", "ObjectType": "Computer"}, {"ObjectIdentifier": "S-1-5-21-715914501-2118353807-243417633-1610", "ObjectType": "Computer"}, {"ObjectIdentifier": "S-1-5-21-715914501-2118353807-243417633-1609", "ObjectType": "Computer"}, {"ObjectIdentifier": "S-1-5-21-715914501-2118353807-243417633-1608", "ObjectType": "Computer"}, {"ObjectIdentifier": "S-1-5-21-715914501-2118353807-243417633-1607", "ObjectType": "Computer"}, {"ObjectIdentifier": "S-1-5-21-715914501-2118353807-243417633-1606", "ObjectType": "Computer"}, {"ObjectIdentifier": "S-1-5-21-715914501-2118353807-243417633-1605", "ObjectType": "Computer"}, {"ObjectIdentifier": "S-1-5-21-715914501-2118353807-243417633-1604", "ObjectType": "Computer"}, {"ObjectIdentifier": "S-1-5-21-715914501-2118353807-243417633-1603", "ObjectType": "Computer"}, {"ObjectIdentifier": "S-1-5-21-715914501-2118353807-243417633-1602", "ObjectType": "Computer"}, {"ObjectIdentifier": "S-1-5-21-715914501-2118353807-243417633-1601", "ObjectType": "Computer"}, {"ObjectIdentifier": "S-1-5-21-715914501-2118353807-243417633-1600", "ObjectType": "Computer"}, {"ObjectIdentifier": "S-1-5-21-715914501-2118353807-243417633-1599", "ObjectType": "Computer"}, {"ObjectIdentifier": "S-1-5-21-715914501-2118353807-243417633-1598", "ObjectType": "Computer"}, {"ObjectIdentifier": "S-1-5-21-715914501-2118353807-243417633-1597", "ObjectType": "Computer"}, {"ObjectIdentifier": "S-1-5-21-715914501-2118353807-243417633-1596", "ObjectType": "Computer"}, {"ObjectIdentifier": "S-1-5-21-715914501-2118353807-243417633-1595", "ObjectType": "Computer"}, {"ObjectIdentifier": "S-1-5-21-715914501-2118353807-243417633-1594", "ObjectType": "Computer"}, {"ObjectIdentifier": "S-1-5-21-715914501-2118353807-243417633-1593", "ObjectType": "Computer"}, {"ObjectIdentifier": "S-1-5-21-715914501-2118353807-243417633-1592", "ObjectType": "Computer"}, {"ObjectIdentifier": "S-1-5-21-715914501-2118353807-243417633-1591", "ObjectType": "Computer"}, {"ObjectIdentifier": "S-1-5-21-715914501-2118353807-243417633-1590", "ObjectType": "Computer"}, {"ObjectIdentifier": "S-1-5-21-715914501-2118353807-243417633-1589", "ObjectType": "Computer"}, {"ObjectIdentifier": "S-1-5-21-715914501-2118353807-243417633-1588", "ObjectType": "Computer"}, {"ObjectIdentifier": "S-1-5-21-715914501-2118353807-243417633-1587", "ObjectType": "Computer"}, {"ObjectIdentifier": "S-1-5-21-715914501-2118353807-243417633-1586", "ObjectType": "Computer"}, {"ObjectIdentifier": "S-1-5-21-715914501-2118353807-243417633-1585", "ObjectType": "Computer"}, {"ObjectIdentifier": "S-1-5-21-715914501-2118353807-243417633-1584", "ObjectType": "Computer"}, {"ObjectIdentifier": "S-1-5-21-715914501-2118353807-243417633-1583", "ObjectType": "Computer"}, {"ObjectIdentifier": "S-1-5-21-715914501-2118353807-243417633-1582", "ObjectType": "Computer"}, {"ObjectIdentifier": "S-1-5-21-715914501-2118353807-243417633-1581", "ObjectType": "Computer"}, {"ObjectIdentifier": "S-1-5-21-715914501-2118353807-243417633-1580", "ObjectType": "Computer"}, {"ObjectIdentifier": "S-1-5-21-715914501-2118353807-243417633-1579", "ObjectType": "Computer"}, {"ObjectIdentifier": "S-1-5-21-715914501-2118353807-243417633-1578", "ObjectType": "Computer"}, {"ObjectIdentifier": "S-1-5-21-715914501-2118353807-243417633-1267", "ObjectType": "Computer"}, {"ObjectIdentifier": "S-1-5-21-715914501-2118353807-243417633-1266", "ObjectType": "Computer"}, {"ObjectIdentifier": "S-1-5-21-715914501-2118353807-243417633-1265", "ObjectType": "Computer"}, {"ObjectIdentifier": "S-1-5-21-715914501-2118353807-243417633-1264", "ObjectType": "Computer"}, {"ObjectIdentifier": "S-1-5-21-715914501-2118353807-243417633-1263", "ObjectType": "Computer"}, {"ObjectIdentifier": "S-1-5-21-715914501-2118353807-243417633-1262", "ObjectType": "Computer"}, {"ObjectIdentifier": "S-1-5-21-715914501-2118353807-243417633-1261", "ObjectType": "Computer"}, {"ObjectIdentifier": "S-1-5-21-715914501-2118353807-243417633-1260", "ObjectType": "Computer"}, {"ObjectIdentifier": "S-1-5-21-715914501-2118353807-243417633-1259", "ObjectType": "Computer"}, {"ObjectIdentifier": "S-1-5-21-715914501-2118353807-243417633-1258", "ObjectType": "Computer"}, {"ObjectIdentifier": "S-1-5-21-715914501-2118353807-243417633-1257", "ObjectType": "Computer"}, {"ObjectIdentifier": "S-1-5-21-715914501-2118353807-243417633-1256", "ObjectType": "Computer"}, {"ObjectIdentifier": "S-1-5-21-715914501-2118353807-243417633-1255", "ObjectType": "Computer"}, {"ObjectIdentifier": "S-1-5-21-715914501-2118353807-243417633-1254", "ObjectType": "Computer"}, {"ObjectIdentifier": "S-1-5-21-715914501-2118353807-243417633-1253", "ObjectType": "Computer"}, {"ObjectIdentifier": "S-1-5-21-715914501-2118353807-243417633-1252", "ObjectType": "Computer"}, {"ObjectIdentifier": "S-1-5-21-715914501-2118353807-243417633-1251", "ObjectType": "Computer"}, {"ObjectIdentifier": "S-1-5-21-715914501-2118353807-243417633-1250", "ObjectType": "Computer"}, {"ObjectIdentifier": "S-1-5-21-715914501-2118353807-243417633-1249", "ObjectType": "Computer"}, {"ObjectIdentifier": "S-1-5-21-715914501-2118353807-243417633-1639", "ObjectType": "Computer"}, {"ObjectIdentifier": "S-1-5-21-715914501-2118353807-243417633-1638", "ObjectType": "Computer"}, {"ObjectIdentifier": "S-1-5-21-715914501-2118353807-243417633-1637", "ObjectType": "Computer"}, {"ObjectIdentifier": "S-1-5-21-715914501-2118353807-243417633-1645", "ObjectType": "Computer"}, {"ObjectIdentifier": "S-1-5-21-715914501-2118353807-243417633-1644", "ObjectType": "Computer"}, {"ObjectIdentifier": "S-1-5-21-715914501-2118353807-243417633-1643", "ObjectType": "Computer"}, {"ObjectIdentifier": "S-1-5-21-715914501-2118353807-243417633-1642", "ObjectType": "Computer"}, {"ObjectIdentifier": "S-1-5-21-715914501-2118353807-243417633-1641", "ObjectType": "Computer"}, {"ObjectIdentifier": "S-1-5-21-715914501-2118353807-243417633-1640", "ObjectType": "Computer"}, {"ObjectIdentifier": "S-1-5-21-715914501-2118353807-243417633-1277", "ObjectType": "Computer"}, {"ObjectIdentifier": "S-1-5-21-715914501-2118353807-243417633-1274", "ObjectType": "Computer"}, {"ObjectIdentifier": "S-1-5-21-715914501-2118353807-243417633-1220", "ObjectType": "Computer"}, {"ObjectIdentifier": "S-1-5-21-715914501-2118353807-243417633-1275", "ObjectType": "Computer"}, {"ObjectIdentifier": "S-1-5-21-715914501-2118353807-243417633-1276", "ObjectType": "Computer"}, {"ObjectIdentifier": "S-1-5-21-715914501-2118353807-243417633-1273", "ObjectType": "Computer"}, {"ObjectIdentifier": "S-1-5-21-715914501-2118353807-243417633-1290", "ObjectType": "Computer"}, {"ObjectIdentifier": "S-1-5-21-715914501-2118353807-243417633-1426", "ObjectType": "Computer"}, {"ObjectIdentifier": "S-1-5-21-715914501-2118353807-243417633-1417", "ObjectType": "Computer"}, {"ObjectIdentifier": "S-1-5-21-715914501-2118353807-243417633-1291", "ObjectType": "Computer"}, {"ObjectIdentifier": "S-1-5-21-715914501-2118353807-243417633-1217", "ObjectType": "Computer"}, {"ObjectIdentifier": "S-1-5-21-715914501-2118353807-243417633-1278", "ObjectType": "Computer"}, {"ObjectIdentifier": "S-1-5-21-715914501-2118353807-243417633-1281", "ObjectType": "Computer"}, {"ObjectIdentifier": "S-1-5-21-715914501-2118353807-243417633-1288", "ObjectType": "Computer"}, {"ObjectIdentifier": "S-1-5-21-715914501-2118353807-243417633-1287", "ObjectType": "Computer"}, {"ObjectIdentifier": "S-1-5-21-715914501-2118353807-243417633-1286", "ObjectType": "Computer"}, {"ObjectIdentifier": "S-1-5-21-715914501-2118353807-243417633-1285", "ObjectType": "Computer"}, {"ObjectIdentifier": "S-1-5-21-715914501-2118353807-243417633-1284", "ObjectType": "Computer"}, {"ObjectIdentifier": "S-1-5-21-715914501-2118353807-243417633-1283", "ObjectType": "Computer"}, {"ObjectIdentifier": "S-1-5-21-715914501-2118353807-243417633-1282", "ObjectType": "Computer"}, {"ObjectIdentifier": "S-1-5-21-715914501-2118353807-243417633-1279", "ObjectType": "Computer"}, {"ObjectIdentifier": "S-1-5-21-715914501-2118353807-243417633-1280", "ObjectType": "Computer"}, {"ObjectIdentifier": "S-1-5-21-715914501-2118353807-243417633-1222", "ObjectType": "Computer"}, {"ObjectIdentifier": "S-1-5-21-715914501-2118353807-243417633-1700", "ObjectType": "Computer"}, {"ObjectIdentifier": "S-1-5-21-715914501-2118353807-243417633-1699", "ObjectType": "Computer"}, {"ObjectIdentifier": "S-1-5-21-715914501-2118353807-243417633-1698", "ObjectType": "Computer"}, {"ObjectIdentifier": "S-1-5-21-715914501-2118353807-243417633-1697", "ObjectType": "Computer"}, {"ObjectIdentifier": "S-1-5-21-715914501-2118353807-243417633-1696", "ObjectType": "Computer"}, {"ObjectIdentifier": "S-1-5-21-715914501-2118353807-243417633-1695", "ObjectType": "Computer"}, {"ObjectIdentifier": "S-1-5-21-715914501-2118353807-243417633-1694", "ObjectType": "Computer"}, {"ObjectIdentifier": "S-1-5-21-715914501-2118353807-243417633-1271", "ObjectType": "Computer"}, {"ObjectIdentifier": "S-1-5-21-715914501-2118353807-243417633-1289", "ObjectType": "Computer"}, {"ObjectIdentifier": "S-1-5-21-715914501-2118353807-243417633-1693", "ObjectType": "Computer"}, {"ObjectIdentifier": "S-1-5-21-715914501-2118353807-243417633-1692", "ObjectType": "Computer"}, {"ObjectIdentifier": "S-1-5-21-715914501-2118353807-243417633-1691", "ObjectType": "Computer"}, {"ObjectIdentifier": "S-1-5-21-715914501-2118353807-243417633-1690", "ObjectType": "Computer"}, {"ObjectIdentifier": "S-1-5-21-715914501-2118353807-243417633-1689", "ObjectType": "Computer"}, {"ObjectIdentifier": "S-1-5-21-715914501-2118353807-243417633-1688", "ObjectType": "Computer"}, {"ObjectIdentifier": "S-1-5-21-715914501-2118353807-243417633-1687", "ObjectType": "Computer"}, {"ObjectIdentifier": "S-1-5-21-715914501-2118353807-243417633-1686", "ObjectType": "Computer"}, {"ObjectIdentifier": "S-1-5-21-715914501-2118353807-243417633-1685", "ObjectType": "Computer"}, {"ObjectIdentifier": "S-1-5-21-715914501-2118353807-243417633-1684", "ObjectType": "Computer"}, {"ObjectIdentifier": "S-1-5-21-715914501-2118353807-243417633-1683", "ObjectType": "Computer"}, {"ObjectIdentifier": "S-1-5-21-715914501-2118353807-243417633-1682", "ObjectType": "Computer"}, {"ObjectIdentifier": "S-1-5-21-715914501-2118353807-243417633-1681", "ObjectType": "Computer"}, {"ObjectIdentifier": "S-1-5-21-715914501-2118353807-243417633-1680", "ObjectType": "Computer"}, {"ObjectIdentifier": "S-1-5-21-715914501-2118353807-243417633-1679", "ObjectType": "Computer"}, {"ObjectIdentifier": "S-1-5-21-715914501-2118353807-243417633-1302", "ObjectType": "Computer"}, {"ObjectIdentifier": "S-1-5-21-715914501-2118353807-243417633-1301", "ObjectType": "Computer"}, {"ObjectIdentifier": "S-1-5-21-715914501-2118353807-243417633-1300", "ObjectType": "Computer"}, {"ObjectIdentifier": "S-1-5-21-715914501-2118353807-243417633-1299", "ObjectType": "Computer"}, {"ObjectIdentifier": "S-1-5-21-715914501-2118353807-243417633-1298", "ObjectType": "Computer"}, {"ObjectIdentifier": "S-1-5-21-715914501-2118353807-243417633-1297", "ObjectType": "Computer"}, {"ObjectIdentifier": "S-1-5-21-715914501-2118353807-243417633-1296", "ObjectType": "Computer"}, {"ObjectIdentifier": "S-1-5-21-715914501-2118353807-243417633-1295", "ObjectType": "Computer"}, {"ObjectIdentifier": "S-1-5-21-715914501-2118353807-243417633-1293", "ObjectType": "Computer"}, {"ObjectIdentifier": "S-1-5-21-715914501-2118353807-243417633-1269", "ObjectType": "Computer"}, {"ObjectIdentifier": "S-1-5-21-715914501-2118353807-243417633-1231", "ObjectType": "Computer"}, {"ObjectIdentifier": "S-1-5-21-715914501-2118353807-243417633-1230", "ObjectType": "Computer"}, {"ObjectIdentifier": "S-1-5-21-715914501-2118353807-243417633-1229", "ObjectType": "Computer"}, {"ObjectIdentifier": "S-1-5-21-715914501-2118353807-243417633-1228", "ObjectType": "Computer"}, {"ObjectIdentifier": "S-1-5-21-715914501-2118353807-243417633-1227", "ObjectType": "Computer"}, {"ObjectIdentifier": "S-1-5-21-715914501-2118353807-243417633-1226", "ObjectType": "Computer"}, {"ObjectIdentifier": "S-1-5-21-715914501-2118353807-243417633-1225", "ObjectType": "Computer"}, {"ObjectIdentifier": "S-1-5-21-715914501-2118353807-243417633-1224", "ObjectType": "Computer"}, {"ObjectIdentifier": "S-1-5-21-715914501-2118353807-243417633-1223", "ObjectType": "Computer"}, {"ObjectIdentifier": "S-1-5-21-715914501-2118353807-243417633-1219", "ObjectType": "Computer"}, {"ObjectIdentifier": "S-1-5-21-715914501-2118353807-243417633-1416", "ObjectType": "Computer"}, {"ObjectIdentifier": "S-1-5-21-715914501-2118353807-243417633-1415", "ObjectType": "Computer"}, {"ObjectIdentifier": "S-1-5-21-715914501-2118353807-243417633-1414", "ObjectType": "Computer"}, {"ObjectIdentifier": "S-1-5-21-715914501-2118353807-243417633-1413", "ObjectType": "Computer"}, {"ObjectIdentifier": "S-1-5-21-715914501-2118353807-243417633-1412", "ObjectType": "Computer"}, {"ObjectIdentifier": "S-1-5-21-715914501-2118353807-243417633-1411", "ObjectType": "Computer"}, {"ObjectIdentifier": "S-1-5-21-715914501-2118353807-243417633-1410", "ObjectType": "Computer"}, {"ObjectIdentifier": "S-1-5-21-715914501-2118353807-243417633-1409", "ObjectType": "Computer"}, {"ObjectIdentifier": "S-1-5-21-715914501-2118353807-243417633-1408", "ObjectType": "Computer"}, {"ObjectIdentifier": "S-1-5-21-715914501-2118353807-243417633-1407", "ObjectType": "Computer"}, {"ObjectIdentifier": "S-1-5-21-715914501-2118353807-243417633-1406", "ObjectType": "Computer"}, {"ObjectIdentifier": "S-1-5-21-715914501-2118353807-243417633-1405", "ObjectType": "Computer"}, {"ObjectIdentifier": "S-1-5-21-715914501-2118353807-243417633-1404", "ObjectType": "Computer"}, {"ObjectIdentifier": "S-1-5-21-715914501-2118353807-243417633-1403", "ObjectType": "Computer"}, {"ObjectIdentifier": "S-1-5-21-715914501-2118353807-243417633-1402", "ObjectType": "Computer"}, {"ObjectIdentifier": "S-1-5-21-715914501-2118353807-243417633-1401", "ObjectType": "Computer"}, {"ObjectIdentifier": "S-1-5-21-715914501-2118353807-243417633-1400", "ObjectType": "Computer"}, {"ObjectIdentifier": "S-1-5-21-715914501-2118353807-243417633-1399", "ObjectType": "Computer"}, {"ObjectIdentifier": "S-1-5-21-715914501-2118353807-243417633-1398", "ObjectType": "Computer"}, {"ObjectIdentifier": "S-1-5-21-715914501-2118353807-243417633-1397", "ObjectType": "Computer"}, {"ObjectIdentifier": "S-1-5-21-715914501-2118353807-243417633-1396", "ObjectType": "Computer"}, {"ObjectIdentifier": "S-1-5-21-715914501-2118353807-243417633-1395", "ObjectType": "Computer"}, {"ObjectIdentifier": "S-1-5-21-715914501-2118353807-243417633-1394", "ObjectType": "Computer"}, {"ObjectIdentifier": "S-1-5-21-715914501-2118353807-243417633-1393", "ObjectType": "Computer"}, {"ObjectIdentifier": "S-1-5-21-715914501-2118353807-243417633-1392", "ObjectType": "Computer"}, {"ObjectIdentifier": "S-1-5-21-715914501-2118353807-243417633-1391", "ObjectType": "Computer"}, {"ObjectIdentifier": "S-1-5-21-715914501-2118353807-243417633-1390", "ObjectType": "Computer"}, {"ObjectIdentifier": "S-1-5-21-715914501-2118353807-243417633-1389", "ObjectType": "Computer"}, {"ObjectIdentifier": "S-1-5-21-715914501-2118353807-243417633-1388", "ObjectType": "Computer"}, {"ObjectIdentifier": "S-1-5-21-715914501-2118353807-243417633-1387", "ObjectType": "Computer"}, {"ObjectIdentifier": "S-1-5-21-715914501-2118353807-243417633-1386", "ObjectType": "Computer"}, {"ObjectIdentifier": "S-1-5-21-715914501-2118353807-243417633-1385", "ObjectType": "Computer"}, {"ObjectIdentifier": "S-1-5-21-715914501-2118353807-243417633-1384", "ObjectType": "Computer"}, {"ObjectIdentifier": "S-1-5-21-715914501-2118353807-243417633-1383", "ObjectType": "Computer"}, {"ObjectIdentifier": "S-1-5-21-715914501-2118353807-243417633-1382", "ObjectType": "Computer"}, {"ObjectIdentifier": "S-1-5-21-715914501-2118353807-243417633-1381", "ObjectType": "Computer"}, {"ObjectIdentifier": "S-1-5-21-715914501-2118353807-243417633-1380", "ObjectType": "Computer"}, {"ObjectIdentifier": "S-1-5-21-715914501-2118353807-243417633-1379", "ObjectType": "Computer"}, {"ObjectIdentifier": "S-1-5-21-715914501-2118353807-243417633-1378", "ObjectType": "Computer"}, {"ObjectIdentifier": "S-1-5-21-715914501-2118353807-243417633-1377", "ObjectType": "Computer"}, {"ObjectIdentifier": "S-1-5-21-715914501-2118353807-243417633-1376", "ObjectType": "Computer"}, {"ObjectIdentifier": "S-1-5-21-715914501-2118353807-243417633-1375", "ObjectType": "Computer"}, {"ObjectIdentifier": "S-1-5-21-715914501-2118353807-243417633-1374", "ObjectType": "Computer"}, {"ObjectIdentifier": "S-1-5-21-715914501-2118353807-243417633-1373", "ObjectType": "Computer"}, {"ObjectIdentifier": "S-1-5-21-715914501-2118353807-243417633-1372", "ObjectType": "Computer"}, {"ObjectIdentifier": "S-1-5-21-715914501-2118353807-243417633-1371", "ObjectType": "Computer"}, {"ObjectIdentifier": "S-1-5-21-715914501-2118353807-243417633-1370", "ObjectType": "Computer"}, {"ObjectIdentifier": "S-1-5-21-715914501-2118353807-243417633-1369", "ObjectType": "Computer"}, {"ObjectIdentifier": "S-1-5-21-715914501-2118353807-243417633-1368", "ObjectType": "Computer"}, {"ObjectIdentifier": "S-1-5-21-715914501-2118353807-243417633-1367", "ObjectType": "Computer"}, {"ObjectIdentifier": "S-1-5-21-715914501-2118353807-243417633-1366", "ObjectType": "Computer"}, {"ObjectIdentifier": "S-1-5-21-715914501-2118353807-243417633-1365", "ObjectType": "Computer"}, {"ObjectIdentifier": "S-1-5-21-715914501-2118353807-243417633-1364", "ObjectType": "Computer"}, {"ObjectIdentifier": "S-1-5-21-715914501-2118353807-243417633-1363", "ObjectType": "Computer"}, {"ObjectIdentifier": "S-1-5-21-715914501-2118353807-243417633-1362", "ObjectType": "Computer"}, {"ObjectIdentifier": "S-1-5-21-715914501-2118353807-243417633-1361", "ObjectType": "Computer"}, {"ObjectIdentifier": "S-1-5-21-715914501-2118353807-243417633-1360", "ObjectType": "Computer"}, {"ObjectIdentifier": "S-1-5-21-715914501-2118353807-243417633-1359", "ObjectType": "Computer"}, {"ObjectIdentifier": "S-1-5-21-715914501-2118353807-243417633-1358", "ObjectType": "Computer"}, {"ObjectIdentifier": "S-1-5-21-715914501-2118353807-243417633-1357", "ObjectType": "Computer"}, {"ObjectIdentifier": "S-1-5-21-715914501-2118353807-243417633-1356", "ObjectType": "Computer"}, {"ObjectIdentifier": "S-1-5-21-715914501-2118353807-243417633-1355", "ObjectType": "Computer"}, {"ObjectIdentifier": "S-1-5-21-715914501-2118353807-243417633-1354", "ObjectType": "Computer"}, {"ObjectIdentifier": "S-1-5-21-715914501-2118353807-243417633-1353", "ObjectType": "Computer"}, {"ObjectIdentifier": "S-1-5-21-715914501-2118353807-243417633-1352", "ObjectType": "Computer"}, {"ObjectIdentifier": "S-1-5-21-715914501-2118353807-243417633-1351", "ObjectType": "Computer"}, {"ObjectIdentifier": "S-1-5-21-715914501-2118353807-243417633-1350", "ObjectType": "Computer"}, {"ObjectIdentifier": "S-1-5-21-715914501-2118353807-243417633-1349", "ObjectType": "Computer"}, {"ObjectIdentifier": "S-1-5-21-715914501-2118353807-243417633-1348", "ObjectType": "Computer"}, {"ObjectIdentifier": "S-1-5-21-715914501-2118353807-243417633-1347", "ObjectType": "Computer"}, {"ObjectIdentifier": "S-1-5-21-715914501-2118353807-243417633-1346", "ObjectType": "Computer"}, {"ObjectIdentifier": "S-1-5-21-715914501-2118353807-243417633-1345", "ObjectType": "Computer"}, {"ObjectIdentifier": "S-1-5-21-715914501-2118353807-243417633-1344", "ObjectType": "Computer"}, {"ObjectIdentifier": "S-1-5-21-715914501-2118353807-243417633-1343", "ObjectType": "Computer"}, {"ObjectIdentifier": "S-1-5-21-715914501-2118353807-243417633-1342", "ObjectType": "Computer"}, {"ObjectIdentifier": "S-1-5-21-715914501-2118353807-243417633-1341", "ObjectType": "Computer"}, {"ObjectIdentifier": "S-1-5-21-715914501-2118353807-243417633-1340", "ObjectType": "Computer"}, {"ObjectIdentifier": "S-1-5-21-715914501-2118353807-243417633-1339", "ObjectType": "Computer"}, {"ObjectIdentifier": "S-1-5-21-715914501-2118353807-243417633-1338", "ObjectType": "Computer"}, {"ObjectIdentifier": "S-1-5-21-715914501-2118353807-243417633-1337", "ObjectType": "Computer"}, {"ObjectIdentifier": "S-1-5-21-715914501-2118353807-243417633-1336", "ObjectType": "Computer"}, {"ObjectIdentifier": "S-1-5-21-715914501-2118353807-243417633-1335", "ObjectType": "Computer"}, {"ObjectIdentifier": "S-1-5-21-715914501-2118353807-243417633-1334", "ObjectType": "Computer"}, {"ObjectIdentifier": "S-1-5-21-715914501-2118353807-243417633-1333", "ObjectType": "Computer"}, {"ObjectIdentifier": "S-1-5-21-715914501-2118353807-243417633-1332", "ObjectType": "Computer"}, {"ObjectIdentifier": "S-1-5-21-715914501-2118353807-243417633-1331", "ObjectType": "Computer"}, {"ObjectIdentifier": "S-1-5-21-715914501-2118353807-243417633-1330", "ObjectType": "Computer"}, {"ObjectIdentifier": "S-1-5-21-715914501-2118353807-243417633-1329", "ObjectType": "Computer"}, {"ObjectIdentifier": "S-1-5-21-715914501-2118353807-243417633-1328", "ObjectType": "Computer"}, {"ObjectIdentifier": "S-1-5-21-715914501-2118353807-243417633-1327", "ObjectType": "Computer"}, {"ObjectIdentifier": "S-1-5-21-715914501-2118353807-243417633-1326", "ObjectType": "Computer"}, {"ObjectIdentifier": "S-1-5-21-715914501-2118353807-243417633-1325", "ObjectType": "Computer"}, {"ObjectIdentifier": "S-1-5-21-715914501-2118353807-243417633-1324", "ObjectType": "Computer"}, {"ObjectIdentifier": "S-1-5-21-715914501-2118353807-243417633-1323", "ObjectType": "Computer"}, {"ObjectIdentifier": "S-1-5-21-715914501-2118353807-243417633-1322", "ObjectType": "Computer"}, {"ObjectIdentifier": "S-1-5-21-715914501-2118353807-243417633-1321", "ObjectType": "Computer"}, {"ObjectIdentifier": "S-1-5-21-715914501-2118353807-243417633-1320", "ObjectType": "Computer"}, {"ObjectIdentifier": "S-1-5-21-715914501-2118353807-243417633-1319", "ObjectType": "Computer"}, {"ObjectIdentifier": "S-1-5-21-715914501-2118353807-243417633-1318", "ObjectType": "Computer"}, {"ObjectIdentifier": "S-1-5-21-715914501-2118353807-243417633-1317", "ObjectType": "Computer"}, {"ObjectIdentifier": "S-1-5-21-715914501-2118353807-243417633-1316", "ObjectType": "Computer"}, {"ObjectIdentifier": "S-1-5-21-715914501-2118353807-243417633-1315", "ObjectType": "Computer"}, {"ObjectIdentifier": "S-1-5-21-715914501-2118353807-243417633-1314", "ObjectType": "Computer"}, {"ObjectIdentifier": "S-1-5-21-715914501-2118353807-243417633-1313", "ObjectType": "Computer"}, {"ObjectIdentifier": "S-1-5-21-715914501-2118353807-243417633-1312", "ObjectType": "Computer"}, {"ObjectIdentifier": "S-1-5-21-715914501-2118353807-243417633-1311", "ObjectType": "Computer"}, {"ObjectIdentifier": "S-1-5-21-715914501-2118353807-243417633-1310", "ObjectType": "Computer"}, {"ObjectIdentifier": "S-1-5-21-715914501-2118353807-243417633-1309", "ObjectType": "Computer"}, {"ObjectIdentifier": "S-1-5-21-715914501-2118353807-243417633-1308", "ObjectType": "Computer"}, {"ObjectIdentifier": "S-1-5-21-715914501-2118353807-243417633-1307", "ObjectType": "Computer"}, {"ObjectIdentifier": "S-1-5-21-715914501-2118353807-243417633-1306", "ObjectType": "Computer"}, {"ObjectIdentifier": "S-1-5-21-715914501-2118353807-243417633-1305", "ObjectType": "Computer"}, {"ObjectIdentifier": "S-1-5-21-715914501-2118353807-243417633-1304", "ObjectType": "Computer"}, {"ObjectIdentifier": "S-1-5-21-715914501-2118353807-243417633-1303", "ObjectType": "Computer"}, {"ObjectIdentifier": "S-1-5-21-715914501-2118353807-243417633-1292", "ObjectType": "Computer"}, {"ObjectIdentifier": "S-1-5-21-715914501-2118353807-243417633-1577", "ObjectType": "Computer"}, {"ObjectIdentifier": "S-1-5-21-715914501-2118353807-243417633-1576", "ObjectType": "Computer"}, {"ObjectIdentifier": "S-1-5-21-715914501-2118353807-243417633-1575", "ObjectType": "Computer"}, {"ObjectIdentifier": "S-1-5-21-715914501-2118353807-243417633-1574", "ObjectType": "Computer"}, {"ObjectIdentifier": "S-1-5-21-715914501-2118353807-243417633-1573", "ObjectType": "Computer"}, {"ObjectIdentifier": "S-1-5-21-715914501-2118353807-243417633-1572", "ObjectType": "Computer"}, {"ObjectIdentifier": "S-1-5-21-715914501-2118353807-243417633-1571", "ObjectType": "Computer"}, {"ObjectIdentifier": "S-1-5-21-715914501-2118353807-243417633-1570", "ObjectType": "Computer"}, {"ObjectIdentifier": "S-1-5-21-715914501-2118353807-243417633-1569", "ObjectType": "Computer"}, {"ObjectIdentifier": "S-1-5-21-715914501-2118353807-243417633-1568", "ObjectType": "Computer"}, {"ObjectIdentifier": "S-1-5-21-715914501-2118353807-243417633-1567", "ObjectType": "Computer"}, {"ObjectIdentifier": "S-1-5-21-715914501-2118353807-243417633-1566", "ObjectType": "Computer"}, {"ObjectIdentifier": "S-1-5-21-715914501-2118353807-243417633-1565", "ObjectType": "Computer"}, {"ObjectIdentifier": "S-1-5-21-715914501-2118353807-243417633-1564", "ObjectType": "Computer"}, {"ObjectIdentifier": "S-1-5-21-715914501-2118353807-243417633-1563", "ObjectType": "Computer"}, {"ObjectIdentifier": "S-1-5-21-715914501-2118353807-243417633-1562", "ObjectType": "Computer"}, {"ObjectIdentifier": "S-1-5-21-715914501-2118353807-243417633-1561", "ObjectType": "Computer"}, {"ObjectIdentifier": "S-1-5-21-715914501-2118353807-243417633-1560", "ObjectType": "Computer"}, {"ObjectIdentifier": "S-1-5-21-715914501-2118353807-243417633-1559", "ObjectType": "Computer"}, {"ObjectIdentifier": "S-1-5-21-715914501-2118353807-243417633-1558", "ObjectType": "Computer"}, {"ObjectIdentifier": "S-1-5-21-715914501-2118353807-243417633-1557", "ObjectType": "Computer"}, {"ObjectIdentifier": "S-1-5-21-715914501-2118353807-243417633-1556", "ObjectType": "Computer"}, {"ObjectIdentifier": "S-1-5-21-715914501-2118353807-243417633-1555", "ObjectType": "Computer"}, {"ObjectIdentifier": "S-1-5-21-715914501-2118353807-243417633-1554", "ObjectType": "Computer"}, {"ObjectIdentifier": "S-1-5-21-715914501-2118353807-243417633-1553", "ObjectType": "Computer"}, {"ObjectIdentifier": "S-1-5-21-715914501-2118353807-243417633-1705", "ObjectType": "Computer"}, {"ObjectIdentifier": "S-1-5-21-715914501-2118353807-243417633-1704", "ObjectType": "Computer"}, {"ObjectIdentifier": "S-1-5-21-715914501-2118353807-243417633-1703", "ObjectType": "Computer"}, {"ObjectIdentifier": "S-1-5-21-715914501-2118353807-243417633-1702", "ObjectType": "Computer"}, {"ObjectIdentifier": "S-1-5-21-715914501-2118353807-243417633-1701", "ObjectType": "Computer"}, {"ObjectIdentifier": "S-1-5-21-715914501-2118353807-243417633-1646", "ObjectType": "Computer"}, {"ObjectIdentifier": "S-1-5-21-715914501-2118353807-243417633-1678", "ObjectType": "Computer"}, {"ObjectIdentifier": "S-1-5-21-715914501-2118353807-243417633-1677", "ObjectType": "Computer"}, {"ObjectIdentifier": "S-1-5-21-715914501-2118353807-243417633-1676", "ObjectType": "Computer"}, {"ObjectIdentifier": "S-1-5-21-715914501-2118353807-243417633-1675", "ObjectType": "Computer"}, {"ObjectIdentifier": "S-1-5-21-715914501-2118353807-243417633-1674", "ObjectType": "Computer"}, {"ObjectIdentifier": "S-1-5-21-715914501-2118353807-243417633-1673", "ObjectType": "Computer"}, {"ObjectIdentifier": "S-1-5-21-715914501-2118353807-243417633-1672", "ObjectType": "Computer"}, {"ObjectIdentifier": "S-1-5-21-715914501-2118353807-243417633-1671", "ObjectType": "Computer"}, {"ObjectIdentifier": "S-1-5-21-715914501-2118353807-243417633-1670", "ObjectType": "Computer"}, {"ObjectIdentifier": "S-1-5-21-715914501-2118353807-243417633-1669", "ObjectType": "Computer"}, {"ObjectIdentifier": "S-1-5-21-715914501-2118353807-243417633-1668", "ObjectType": "Computer"}, {"ObjectIdentifier": "S-1-5-21-715914501-2118353807-243417633-1667", "ObjectType": "Computer"}, {"ObjectIdentifier": "S-1-5-21-715914501-2118353807-243417633-1666", "ObjectType": "Computer"}, {"ObjectIdentifier": "S-1-5-21-715914501-2118353807-243417633-1665", "ObjectType": "Computer"}, {"ObjectIdentifier": "S-1-5-21-715914501-2118353807-243417633-1664", "ObjectType": "Computer"}, {"ObjectIdentifier": "S-1-5-21-715914501-2118353807-243417633-1663", "ObjectType": "Computer"}, {"ObjectIdentifier": "S-1-5-21-715914501-2118353807-243417633-1662", "ObjectType": "Computer"}, {"ObjectIdentifier": "S-1-5-21-715914501-2118353807-243417633-1661", "ObjectType": "Computer"}, {"ObjectIdentifier": "S-1-5-21-715914501-2118353807-243417633-1660", "ObjectType": "Computer"}, {"ObjectIdentifier": "S-1-5-21-715914501-2118353807-243417633-1659", "ObjectType": "Computer"}, {"ObjectIdentifier": "S-1-5-21-715914501-2118353807-243417633-1658", "ObjectType": "Computer"}, {"ObjectIdentifier": "S-1-5-21-715914501-2118353807-243417633-1657", "ObjectType": "Computer"}, {"ObjectIdentifier": "S-1-5-21-715914501-2118353807-243417633-1656", "ObjectType": "Computer"}, {"ObjectIdentifier": "S-1-5-21-715914501-2118353807-243417633-1655", "ObjectType": "Computer"}, {"ObjectIdentifier": "S-1-5-21-715914501-2118353807-243417633-1654", "ObjectType": "Computer"}, {"ObjectIdentifier": "S-1-5-21-715914501-2118353807-243417633-1653", "ObjectType": "Computer"}, {"ObjectIdentifier": "S-1-5-21-715914501-2118353807-243417633-1652", "ObjectType": "Computer"}, {"ObjectIdentifier": "S-1-5-21-715914501-2118353807-243417633-1651", "ObjectType": "Computer"}, {"ObjectIdentifier": "S-1-5-21-715914501-2118353807-243417633-1650", "ObjectType": "Computer"}, {"ObjectIdentifier": "S-1-5-21-715914501-2118353807-243417633-1649", "ObjectType": "Computer"}, {"ObjectIdentifier": "S-1-5-21-715914501-2118353807-243417633-1648", "ObjectType": "Computer"}, {"ObjectIdentifier": "S-1-5-21-715914501-2118353807-243417633-1647", "ObjectType": "Computer"}, {"ObjectIdentifier": "S-1-5-21-715914501-2118353807-243417633-1717", "ObjectType": "Computer"}, {"ObjectIdentifier": "S-1-5-21-715914501-2118353807-243417633-1716", "ObjectType": "Computer"}, {"ObjectIdentifier": "S-1-5-21-715914501-2118353807-243417633-1715", "ObjectType": "Computer"}, {"ObjectIdentifier": "S-1-5-21-715914501-2118353807-243417633-1714", "ObjectType": "Computer"}, {"ObjectIdentifier": "S-1-5-21-715914501-2118353807-243417633-1713", "ObjectType": "Computer"}, {"ObjectIdentifier": "S-1-5-21-715914501-2118353807-243417633-1712", "ObjectType": "Computer"}, {"ObjectIdentifier": "S-1-5-21-715914501-2118353807-243417633-1711", "ObjectType": "Computer"}, {"ObjectIdentifier": "S-1-5-21-715914501-2118353807-243417633-1710", "ObjectType": "Computer"}, {"ObjectIdentifier": "S-1-5-21-715914501-2118353807-243417633-1709", "ObjectType": "Computer"}, {"ObjectIdentifier": "S-1-5-21-715914501-2118353807-243417633-1708", "ObjectType": "Computer"}, {"ObjectIdentifier": "S-1-5-21-715914501-2118353807-243417633-1707", "ObjectType": "Computer"}, {"ObjectIdentifier": "S-1-5-21-715914501-2118353807-243417633-1706", "ObjectType": "Computer"}, {"ObjectIdentifier": "S-1-5-21-715914501-2118353807-243417633-1425", "ObjectType": "Computer"}, {"ObjectIdentifier": "S-1-5-21-715914501-2118353807-243417633-1424", "ObjectType": "Computer"}, {"ObjectIdentifier": "S-1-5-21-715914501-2118353807-243417633-1423", "ObjectType": "Computer"}, {"ObjectIdentifier": "S-1-5-21-715914501-2118353807-243417633-1422", "ObjectType": "Computer"}, {"ObjectIdentifier": "S-1-5-21-715914501-2118353807-243417633-1469", "ObjectType": "Computer"}, {"ObjectIdentifier": "S-1-5-21-715914501-2118353807-243417633-1468", "ObjectType": "Computer"}, {"ObjectIdentifier": "S-1-5-21-715914501-2118353807-243417633-1467", "ObjectType": "Computer"}, {"ObjectIdentifier": "S-1-5-21-715914501-2118353807-243417633-1466", "ObjectType": "Computer"}, {"ObjectIdentifier": "S-1-5-21-715914501-2118353807-243417633-1421", "ObjectType": "Computer"}, {"ObjectIdentifier": "S-1-5-21-715914501-2118353807-243417633-1465", "ObjectType": "Computer"}, {"ObjectIdentifier": "S-1-5-21-715914501-2118353807-243417633-1464", "ObjectType": "Computer"}, {"ObjectIdentifier": "S-1-5-21-715914501-2118353807-243417633-1463", "ObjectType": "Computer"}, {"ObjectIdentifier": "S-1-5-21-715914501-2118353807-243417633-1462", "ObjectType": "Computer"}, {"ObjectIdentifier": "S-1-5-21-715914501-2118353807-243417633-1461", "ObjectType": "Computer"}, {"ObjectIdentifier": "S-1-5-21-715914501-2118353807-243417633-1460", "ObjectType": "Computer"}, {"ObjectIdentifier": "S-1-5-21-715914501-2118353807-243417633-1459", "ObjectType": "Computer"}, {"ObjectIdentifier": "S-1-5-21-715914501-2118353807-243417633-1458", "ObjectType": "Computer"}, {"ObjectIdentifier": "S-1-5-21-715914501-2118353807-243417633-1457", "ObjectType": "Computer"}, {"ObjectIdentifier": "S-1-5-21-715914501-2118353807-243417633-1456", "ObjectType": "Computer"}, {"ObjectIdentifier": "S-1-5-21-715914501-2118353807-243417633-1420", "ObjectType": "Computer"}, {"ObjectIdentifier": "S-1-5-21-715914501-2118353807-243417633-1455", "ObjectType": "Computer"}, {"ObjectIdentifier": "S-1-5-21-715914501-2118353807-243417633-1454", "ObjectType": "Computer"}, {"ObjectIdentifier": "S-1-5-21-715914501-2118353807-243417633-1453", "ObjectType": "Computer"}, {"ObjectIdentifier": "S-1-5-21-715914501-2118353807-243417633-1452", "ObjectType": "Computer"}, {"ObjectIdentifier": "S-1-5-21-715914501-2118353807-243417633-1451", "ObjectType": "Computer"}, {"ObjectIdentifier": "S-1-5-21-715914501-2118353807-243417633-1450", "ObjectType": "Computer"}, {"ObjectIdentifier": "S-1-5-21-715914501-2118353807-243417633-1449", "ObjectType": "Computer"}, {"ObjectIdentifier": "S-1-5-21-715914501-2118353807-243417633-1448", "ObjectType": "Computer"}, {"ObjectIdentifier": "S-1-5-21-715914501-2118353807-243417633-1447", "ObjectType": "Computer"}, {"ObjectIdentifier": "S-1-5-21-715914501-2118353807-243417633-1446", "ObjectType": "Computer"}, {"ObjectIdentifier": "S-1-5-21-715914501-2118353807-243417633-1419", "ObjectType": "Computer"}, {"ObjectIdentifier": "S-1-5-21-715914501-2118353807-243417633-1445", "ObjectType": "Computer"}, {"ObjectIdentifier": "S-1-5-21-715914501-2118353807-243417633-1444", "ObjectType": "Computer"}, {"ObjectIdentifier": "S-1-5-21-715914501-2118353807-243417633-1443", "ObjectType": "Computer"}, {"ObjectIdentifier": "S-1-5-21-715914501-2118353807-243417633-1442", "ObjectType": "Computer"}, {"ObjectIdentifier": "S-1-5-21-715914501-2118353807-243417633-1441", "ObjectType": "Computer"}, {"ObjectIdentifier": "S-1-5-21-715914501-2118353807-243417633-1440", "ObjectType": "Computer"}, {"ObjectIdentifier": "S-1-5-21-715914501-2118353807-243417633-1439", "ObjectType": "Computer"}, {"ObjectIdentifier": "S-1-5-21-715914501-2118353807-243417633-1438", "ObjectType": "Computer"}, {"ObjectIdentifier": "S-1-5-21-715914501-2118353807-243417633-1437", "ObjectType": "Computer"}, {"ObjectIdentifier": "S-1-5-21-715914501-2118353807-243417633-1436", "ObjectType": "Computer"}, {"ObjectIdentifier": "S-1-5-21-715914501-2118353807-243417633-1418", "ObjectType": "Computer"}, {"ObjectIdentifier": "S-1-5-21-715914501-2118353807-243417633-1435", "ObjectType": "Computer"}, {"ObjectIdentifier": "S-1-5-21-715914501-2118353807-243417633-1434", "ObjectType": "Computer"}, {"ObjectIdentifier": "S-1-5-21-715914501-2118353807-243417633-1433", "ObjectType": "Computer"}, {"ObjectIdentifier": "S-1-5-21-715914501-2118353807-243417633-1432", "ObjectType": "Computer"}, {"ObjectIdentifier": "S-1-5-21-715914501-2118353807-243417633-1431", "ObjectType": "Computer"}, {"ObjectIdentifier": "S-1-5-21-715914501-2118353807-243417633-1430", "ObjectType": "Computer"}, {"ObjectIdentifier": "S-1-5-21-715914501-2118353807-243417633-1429", "ObjectType": "Computer"}, {"ObjectIdentifier": "S-1-5-21-715914501-2118353807-243417633-1428", "ObjectType": "Computer"}, {"ObjectIdentifier": "S-1-5-21-715914501-2118353807-243417633-1427", "ObjectType": "Computer"}]},{"ObjectIdentifier": "60D9B748-972A-4D38-ABF6-57E21963B12B", "Properties": {"domain": "JAB.HTB", "name": "USERS@JAB.HTB", "distinguishedname": "CN=USERS,DC=JAB,DC=HTB", "domainsid": "S-1-5-21-715914501-2118353807-243417633", "highvalue": false, "description": "Default container for upgraded user accounts", "whencreated": 1698084469}, "IsDeleted": false, "IsACLProtected": false, "Aces": [{"RightName": "Owns", "IsInherited": false, "PrincipalSID": "S-1-5-21-715914501-2118353807-243417633-512", "PrincipalType": "Group"}, {"RightName": "WriteOwner", "IsInherited": false, "PrincipalSID": "S-1-5-21-715914501-2118353807-243417633-512", "PrincipalType": "Group"}, {"RightName": "WriteDacl", "IsInherited": false, "PrincipalSID": "S-1-5-21-715914501-2118353807-243417633-512", "PrincipalType": "Group"}, {"RightName": "GenericAll", "IsInherited": true, "PrincipalSID": "S-1-5-21-715914501-2118353807-243417633-519", "PrincipalType": "Group"}, {"RightName": "WriteOwner", "IsInherited": true, "PrincipalSID": "JAB.HTB-S-1-5-32-544", "PrincipalType": "Group"}, {"RightName": "WriteDacl", "IsInherited": true, "PrincipalSID": "JAB.HTB-S-1-5-32-544", "PrincipalType": "Group"}], "ChildObjects": [{"ObjectIdentifier": "S-1-5-21-715914501-2118353807-243417633-518", "ObjectType": "Group"}, {"ObjectIdentifier": "S-1-5-21-715914501-2118353807-243417633-521", "ObjectType": "Group"}, {"ObjectIdentifier": "S-1-5-21-715914501-2118353807-243417633-553", "ObjectType": "Group"}, {"ObjectIdentifier": "S-1-5-21-715914501-2118353807-243417633-525", "ObjectType": "Group"}, {"ObjectIdentifier": "S-1-5-21-715914501-2118353807-243417633-502", "ObjectType": "User"}, {"ObjectIdentifier": "S-1-5-21-715914501-2118353807-243417633-526", "ObjectType": "Group"}, {"ObjectIdentifier": "S-1-5-21-715914501-2118353807-243417633-501", "ObjectType": "User"}, {"ObjectIdentifier": "S-1-5-21-715914501-2118353807-243417633-520", "ObjectType": "Group"}, {"ObjectIdentifier": "S-1-5-21-715914501-2118353807-243417633-498", "ObjectType": "Group"}, {"ObjectIdentifier": "S-1-5-21-715914501-2118353807-243417633-527", "ObjectType": "Group"}, {"ObjectIdentifier": "S-1-5-21-715914501-2118353807-243417633-519", "ObjectType": "Group"}, {"ObjectIdentifier": "S-1-5-21-715914501-2118353807-243417633-513", "ObjectType": "Group"}, {"ObjectIdentifier": "S-1-5-21-715914501-2118353807-243417633-514", "ObjectType": "Group"}, {"ObjectIdentifier": "S-1-5-21-715914501-2118353807-243417633-516", "ObjectType": "Group"}, {"ObjectIdentifier": "S-1-5-21-715914501-2118353807-243417633-515", "ObjectType": "Group"}, {"ObjectIdentifier": "S-1-5-21-715914501-2118353807-243417633-512", "ObjectType": "Group"}, {"ObjectIdentifier": "S-1-5-21-715914501-2118353807-243417633-1103", "ObjectType": "Group"}, {"ObjectIdentifier": "S-1-5-21-715914501-2118353807-243417633-1102", "ObjectType": "Group"}, {"ObjectIdentifier": "S-1-5-21-715914501-2118353807-243417633-572", "ObjectType": "Group"}, {"ObjectIdentifier": "S-1-5-21-715914501-2118353807-243417633-522", "ObjectType": "Group"}, {"ObjectIdentifier": "S-1-5-21-715914501-2118353807-243417633-517", "ObjectType": "Group"}, {"ObjectIdentifier": "S-1-5-21-715914501-2118353807-243417633-571", "ObjectType": "Group"}, {"ObjectIdentifier": "S-1-5-21-715914501-2118353807-243417633-500", "ObjectType": "User"}]}],"meta":{"methods":0,"type":"containers","count":19, "version":5}}