{"data": [{"ObjectIdentifier": "S-1-5-21-715914501-2118353807-243417633", "Properties": {"name": "JAB.HTB", "domain": "JAB.HTB", "domainsid": "S-1-5-21-715914501-2118353807-243417633", "distinguishedname": "DC=JAB,DC=HTB", "description": "", "functionallevel": "2016", "highvalue": true, "whencreated": 1698084462}, "Trusts": [], "Aces": [{"RightName": "Owns", "IsInherited": false, "PrincipalSID": "JAB.HTB-S-1-5-32-544", "PrincipalType": "Group"}, {"RightName": "GetChanges", "IsInherited": false, "PrincipalSID": "S-1-5-21-715914501-2118353807-243417633-498", "PrincipalType": "Group"}, {"RightName": "GetChangesAll", "IsInherited": false, "PrincipalSID": "S-1-5-21-715914501-2118353807-243417633-516", "PrincipalType": "Group"}, {"RightName": "GetChangesInFilteredSet", "IsInherited": false, "PrincipalSID": "JAB.HTB-S-1-5-32-544", "PrincipalType": "Group"}, {"RightName": "GetChanges", "IsInherited": false, "PrincipalSID": "JAB.HTB-S-1-5-32-544", "PrincipalType": "Group"}, {"RightName": "GetChangesAll", "IsInherited": false, "PrincipalSID": "JAB.HTB-S-1-5-32-544", "PrincipalType": "Group"}, {"RightName": "GetChangesInFilteredSet", "IsInherited": false, "PrincipalSID": "JAB.HTB-S-1-5-9", "PrincipalType": "Group"}, {"RightName": "GetChanges", "IsInherited": false, "PrincipalSID": "JAB.HTB-S-1-5-9", "PrincipalType": "Group"}, {"RightName": "WriteOwner", "IsInherited": false, "PrincipalSID": "S-1-5-21-715914501-2118353807-243417633-512", "PrincipalType": "Group"}, {"RightName": "AllExtendedRights", "IsInherited": false, "PrincipalSID": "S-1-5-21-715914501-2118353807-243417633-512", "PrincipalType": "Group"}, {"RightName": "WriteDacl", "IsInherited": false, "PrincipalSID": "S-1-5-21-715914501-2118353807-243417633-512", "PrincipalType": "Group"}, {"RightName": "GenericAll", "IsInherited": false, "PrincipalSID": "S-1-5-21-715914501-2118353807-243417633-519", "PrincipalType": "Group"}, {"RightName": "WriteOwner", "IsInherited": false, "PrincipalSID": "JAB.HTB-S-1-5-32-544", "PrincipalType": "Group"}, {"RightName": "AllExtendedRights", "IsInherited": false, "PrincipalSID": "JAB.HTB-S-1-5-32-544", "PrincipalType": "Group"}, {"RightName": "WriteDacl", "IsInherited": false, "PrincipalSID": "JAB.HTB-S-1-5-32-544", "PrincipalType": "Group"}], "Links": [{"IsEnforced": false, "GUID": "6FC4FA34-6B77-4209-8142-B3BE84DFB203"}], "ChildObjects": [{"ObjectIdentifier": "60D9B748-972A-4D38-ABF6-57E21963B12B", "ObjectType": "Container"}, {"ObjectIdentifier": "C58A0A3E-B469-4B1B-BF07-623AE818255E", "ObjectType": "Container"}, {"ObjectIdentifier": "92B3B58F-A60A-46EF-873C-190697FF52EC", "ObjectType": "Container"}, {"ObjectIdentifier": "525B8D53-DCC9-4189-98D2-DAEA6A8D13F0", "ObjectType": "OU"}, {"ObjectIdentifier": "6FDF50A0-F166-46F4-943A-8FF2257371E4", "ObjectType": "OU"}, {"ObjectIdentifier": "86AC6999-7B63-493B-ABA2-CC799B9BFB5C", "ObjectType": "Container"}], "GPOChanges": {"AffectedComputers": [], "DcomUsers": [], "LocalAdmins": [], "PSRemoteUsers": [], "RemoteDesktopUsers": []}, "IsDeleted": false, "IsACLProtected": false}], "meta": {"type": "domains", "count": 1, "version": 5}}