{"data":[{"ObjectIdentifier": "53DCB3C4-228C-43CA-ACA1-722949E7318B", "Properties": {"domain": "JAB.HTB", "name": "DEFAULT DOMAIN CONTROLLERS POLICY@JAB.HTB", "distinguishedname": "CN={6AC1786C-016F-11D2-945F-00C04FB984F9},CN=POLICIES,CN=SYSTEM,DC=JAB,DC=HTB", "domainsid": "S-1-5-21-715914501-2118353807-243417633", "highvalue": false, "gpcpath": "\\\\JAB.HTB\\SYSVOL\\JAB.HTB\\POLICIES\\{6AC1786C-016F-11D2-945F-00C04FB984F9}", "description": null, "whencreated": 1698084469}, "IsDeleted": false, "IsACLProtected": true, "Aces": [{"RightName": "Owns", "IsInherited": false, "PrincipalSID": "S-1-5-21-715914501-2118353807-243417633-512", "PrincipalType": "Group"}, {"RightName": "GenericWrite", "IsInherited": false, "PrincipalSID": "S-1-5-21-715914501-2118353807-243417633-512", "PrincipalType": "Group"}, {"RightName": "WriteOwner", "IsInherited": false, "PrincipalSID": "S-1-5-21-715914501-2118353807-243417633-512", "PrincipalType": "Group"}, {"RightName": "WriteDacl", "IsInherited": false, "PrincipalSID": "S-1-5-21-715914501-2118353807-243417633-512", "PrincipalType": "Group"}, {"RightName": "GenericWrite", "IsInherited": false, "PrincipalSID": "S-1-5-21-715914501-2118353807-243417633-519", "PrincipalType": "Group"}, {"RightName": "WriteOwner", "IsInherited": false, "PrincipalSID": "S-1-5-21-715914501-2118353807-243417633-519", "PrincipalType": "Group"}, {"RightName": "WriteDacl", "IsInherited": false, "PrincipalSID": "S-1-5-21-715914501-2118353807-243417633-519", "PrincipalType": "Group"}, {"RightName": "GenericWrite", "IsInherited": false, "PrincipalSID": "S-1-5-21-715914501-2118353807-243417633-512", "PrincipalType": "Group"}, {"RightName": "WriteOwner", "IsInherited": false, "PrincipalSID": "S-1-5-21-715914501-2118353807-243417633-512", "PrincipalType": "Group"}, {"RightName": "WriteDacl", "IsInherited": false, "PrincipalSID": "S-1-5-21-715914501-2118353807-243417633-512", "PrincipalType": "Group"}]},{"ObjectIdentifier": "6FC4FA34-6B77-4209-8142-B3BE84DFB203", "Properties": {"domain": "JAB.HTB", "name": "DEFAULT DOMAIN POLICY@JAB.HTB", "distinguishedname": "CN={31B2F340-016D-11D2-945F-00C04FB984F9},CN=POLICIES,CN=SYSTEM,DC=JAB,DC=HTB", "domainsid": "S-1-5-21-715914501-2118353807-243417633", "highvalue": false, "gpcpath": "\\\\JAB.HTB\\SYSVOL\\JAB.HTB\\POLICIES\\{31B2F340-016D-11D2-945F-00C04FB984F9}", "description": null, "whencreated": 1698084469}, "IsDeleted": false, "IsACLProtected": true, "Aces": [{"RightName": "Owns", "IsInherited": false, "PrincipalSID": "S-1-5-21-715914501-2118353807-243417633-512", "PrincipalType": "Group"}, {"RightName": "GenericWrite", "IsInherited": false, "PrincipalSID": "S-1-5-21-715914501-2118353807-243417633-512", "PrincipalType": "Group"}, {"RightName": "WriteOwner", "IsInherited": false, "PrincipalSID": "S-1-5-21-715914501-2118353807-243417633-512", "PrincipalType": "Group"}, {"RightName": "WriteDacl", "IsInherited": false, "PrincipalSID": "S-1-5-21-715914501-2118353807-243417633-512", "PrincipalType": "Group"}, {"RightName": "GenericWrite", "IsInherited": false, "PrincipalSID": "S-1-5-21-715914501-2118353807-243417633-519", "PrincipalType": "Group"}, {"RightName": "WriteOwner", "IsInherited": false, "PrincipalSID": "S-1-5-21-715914501-2118353807-243417633-519", "PrincipalType": "Group"}, {"RightName": "WriteDacl", "IsInherited": false, "PrincipalSID": "S-1-5-21-715914501-2118353807-243417633-519", "PrincipalType": "Group"}, {"RightName": "GenericWrite", "IsInherited": false, "PrincipalSID": "S-1-5-21-715914501-2118353807-243417633-512", "PrincipalType": "Group"}, {"RightName": "WriteOwner", "IsInherited": false, "PrincipalSID": "S-1-5-21-715914501-2118353807-243417633-512", "PrincipalType": "Group"}, {"RightName": "WriteDacl", "IsInherited": false, "PrincipalSID": "S-1-5-21-715914501-2118353807-243417633-512", "PrincipalType": "Group"}]}],"meta":{"methods":0,"type":"gpos","count":2, "version":5}}