﻿{"data":[{"Properties":{"domain":"BLAZORIZED.HTB","name":"ADMINISTRATOR@BLAZORIZED.HTB","distinguishedname":"CN=ADMINISTRATOR,CN=USERS,DC=BLAZORIZED,DC=HTB","domainsid":"S-1-5-21-2039403211-964143010-2924010611","highvalue":false,"samaccountname":"Administrator","description":"Built-in account for administering the computer/domain","whencreated":1704720625,"sensitive":false,"dontreqpreauth":false,"passwordnotreqd":false,"unconstraineddelegation":false,"pwdneverexpires":true,"enabled":true,"trustedtoauth":false,"lastlogon":1720285758,"lastlogontimestamp":1719490686,"pwdlastset":1708883683,"serviceprincipalnames":[],"hasspn":false,"displayname":null,"email":null,"title":null,"homedirectory":null,"userpassword":null,"unixpassword":null,"unicodepassword":null,"sfupassword":null,"logonscript":null,"admincount":true,"sidhistory":[]},"AllowedToDelegate":[],"PrimaryGroupSID":"S-1-5-21-2039403211-964143010-2924010611-513","HasSIDHistory":[],"SPNTargets":[],"Aces":[{"PrincipalSID":"S-1-5-21-2039403211-964143010-2924010611-512","PrincipalType":"Group","RightName":"Owns","IsInherited":false},{"PrincipalSID":"BLAZORIZED.HTB-S-1-5-32-544","PrincipalType":"Group","RightName":"WriteDacl","IsInherited":false},{"PrincipalSID":"BLAZORIZED.HTB-S-1-5-32-544","PrincipalType":"Group","RightName":"WriteOwner","IsInherited":false},{"PrincipalSID":"BLAZORIZED.HTB-S-1-5-32-544","PrincipalType":"Group","RightName":"AllExtendedRights","IsInherited":false},{"PrincipalSID":"BLAZORIZED.HTB-S-1-5-32-544","PrincipalType":"Group","RightName":"GenericWrite","IsInherited":false},{"PrincipalSID":"S-1-5-21-2039403211-964143010-2924010611-512","PrincipalType":"Group","RightName":"WriteDacl","IsInherited":false},{"PrincipalSID":"S-1-5-21-2039403211-964143010-2924010611-512","PrincipalType":"Group","RightName":"WriteOwner","IsInherited":false},{"PrincipalSID":"S-1-5-21-2039403211-964143010-2924010611-512","PrincipalType":"Group","RightName":"AllExtendedRights","IsInherited":false},{"PrincipalSID":"S-1-5-21-2039403211-964143010-2924010611-512","PrincipalType":"Group","RightName":"GenericWrite","IsInherited":false},{"PrincipalSID":"S-1-5-21-2039403211-964143010-2924010611-519","PrincipalType":"Group","RightName":"WriteDacl","IsInherited":false},{"PrincipalSID":"S-1-5-21-2039403211-964143010-2924010611-519","PrincipalType":"Group","RightName":"WriteOwner","IsInherited":false},{"PrincipalSID":"S-1-5-21-2039403211-964143010-2924010611-519","PrincipalType":"Group","RightName":"AllExtendedRights","IsInherited":false},{"PrincipalSID":"S-1-5-21-2039403211-964143010-2924010611-519","PrincipalType":"Group","RightName":"GenericWrite","IsInherited":false}],"ObjectIdentifier":"S-1-5-21-2039403211-964143010-2924010611-500","IsDeleted":false,"IsACLProtected":true},{"Properties":{"domain":"BLAZORIZED.HTB","name":"NU_1056@BLAZORIZED.HTB","distinguishedname":"CN=NU_1056,CN=USERS,DC=BLAZORIZED,DC=HTB","domainsid":"S-1-5-21-2039403211-964143010-2924010611","highvalue":false,"samaccountname":"NU_1056","description":null,"whencreated":1704779290,"sensitive":false,"dontreqpreauth":false,"passwordnotreqd":false,"unconstraineddelegation":false,"pwdneverexpires":true,"enabled":true,"trustedtoauth":false,"lastlogon":0,"lastlogontimestamp":-1,"pwdlastset":1704800890,"serviceprincipalnames":[],"hasspn":false,"displayname":"NU_1056","email":null,"title":null,"homedirectory":null,"userpassword":null,"unixpassword":null,"unicodepassword":null,"sfupassword":null,"logonscript":null,"admincount":false,"sidhistory":[]},"AllowedToDelegate":[],"PrimaryGroupSID":"S-1-5-21-2039403211-964143010-2924010611-513","HasSIDHistory":[],"SPNTargets":[],"Aces":[{"PrincipalSID":"S-1-5-21-2039403211-964143010-2924010611-512","PrincipalType":"Group","RightName":"Owns","IsInherited":false},{"PrincipalSID":"BLAZORIZED.HTB-S-1-5-32-548","PrincipalType":"Group","RightName":"GenericAll","IsInherited":false},{"PrincipalSID":"S-1-5-21-2039403211-964143010-2924010611-512","PrincipalType":"Group","RightName":"GenericAll","IsInherited":false},{"PrincipalSID":"S-1-5-21-2039403211-964143010-2924010611-526","PrincipalType":"Group","RightName":"AddKeyCredentialLink","IsInherited":true},{"PrincipalSID":"S-1-5-21-2039403211-964143010-2924010611-527","PrincipalType":"Group","RightName":"AddKeyCredentialLink","IsInherited":true},{"PrincipalSID":"S-1-5-21-2039403211-964143010-2924010611-519","PrincipalType":"Group","RightName":"GenericAll","IsInherited":true},{"PrincipalSID":"BLAZORIZED.HTB-S-1-5-32-544","PrincipalType":"Group","RightName":"WriteDacl","IsInherited":true},{"PrincipalSID":"BLAZORIZED.HTB-S-1-5-32-544","PrincipalType":"Group","RightName":"WriteOwner","IsInherited":true},{"PrincipalSID":"BLAZORIZED.HTB-S-1-5-32-544","PrincipalType":"Group","RightName":"AllExtendedRights","IsInherited":true},{"PrincipalSID":"BLAZORIZED.HTB-S-1-5-32-544","PrincipalType":"Group","RightName":"GenericWrite","IsInherited":true}],"ObjectIdentifier":"S-1-5-21-2039403211-964143010-2924010611-1109","IsDeleted":false,"IsACLProtected":false},{"Properties":{"domain":"BLAZORIZED.HTB","name":"RSA_4810@BLAZORIZED.HTB","distinguishedname":"CN=RSA_4810,CN=USERS,DC=BLAZORIZED,DC=HTB","domainsid":"S-1-5-21-2039403211-964143010-2924010611","highvalue":false,"samaccountname":"RSA_4810","description":null,"whencreated":1704778635,"sensitive":false,"dontreqpreauth":false,"passwordnotreqd":false,"unconstraineddelegation":false,"pwdneverexpires":true,"enabled":true,"trustedtoauth":false,"lastlogon":1706895870,"lastlogontimestamp":1720282948,"pwdlastset":1708883759,"serviceprincipalnames":["b3rry/ghost"],"hasspn":true,"displayname":"RSA_4810","email":null,"title":null,"homedirectory":null,"userpassword":null,"unixpassword":null,"unicodepassword":null,"sfupassword":null,"logonscript":null,"admincount":false,"sidhistory":[]},"AllowedToDelegate":[],"PrimaryGroupSID":"S-1-5-21-2039403211-964143010-2924010611-513","HasSIDHistory":[],"SPNTargets":[],"Aces":[{"PrincipalSID":"S-1-5-21-2039403211-964143010-2924010611-512","PrincipalType":"Group","RightName":"Owns","IsInherited":false},{"PrincipalSID":"BLAZORIZED.HTB-S-1-5-32-548","PrincipalType":"Group","RightName":"GenericAll","IsInherited":false},{"PrincipalSID":"S-1-5-21-2039403211-964143010-2924010611-512","PrincipalType":"Group","RightName":"GenericAll","IsInherited":false},{"PrincipalSID":"S-1-5-21-2039403211-964143010-2924010611-1117","PrincipalType":"User","RightName":"WriteSPN","IsInherited":false},{"PrincipalSID":"S-1-5-21-2039403211-964143010-2924010611-526","PrincipalType":"Group","RightName":"AddKeyCredentialLink","IsInherited":true},{"PrincipalSID":"S-1-5-21-2039403211-964143010-2924010611-527","PrincipalType":"Group","RightName":"AddKeyCredentialLink","IsInherited":true},{"PrincipalSID":"S-1-5-21-2039403211-964143010-2924010611-519","PrincipalType":"Group","RightName":"GenericAll","IsInherited":true},{"PrincipalSID":"BLAZORIZED.HTB-S-1-5-32-544","PrincipalType":"Group","RightName":"WriteDacl","IsInherited":true},{"PrincipalSID":"BLAZORIZED.HTB-S-1-5-32-544","PrincipalType":"Group","RightName":"WriteOwner","IsInherited":true},{"PrincipalSID":"BLAZORIZED.HTB-S-1-5-32-544","PrincipalType":"Group","RightName":"AllExtendedRights","IsInherited":true},{"PrincipalSID":"BLAZORIZED.HTB-S-1-5-32-544","PrincipalType":"Group","RightName":"GenericWrite","IsInherited":true}],"ObjectIdentifier":"S-1-5-21-2039403211-964143010-2924010611-1107","IsDeleted":false,"IsACLProtected":false},{"Properties":{"domain":"BLAZORIZED.HTB","name":"NU_1058@BLAZORIZED.HTB","distinguishedname":"CN=NU_1058,CN=USERS,DC=BLAZORIZED,DC=HTB","domainsid":"S-1-5-21-2039403211-964143010-2924010611","highvalue":false,"samaccountname":"NU_1058","description":null,"whencreated":1704779422,"sensitive":false,"dontreqpreauth":false,"passwordnotreqd":false,"unconstraineddelegation":false,"pwdneverexpires":true,"enabled":true,"trustedtoauth":false,"lastlogon":0,"lastlogontimestamp":-1,"pwdlastset":1704801022,"serviceprincipalnames":[],"hasspn":false,"displayname":"NU_1058","email":null,"title":null,"homedirectory":null,"userpassword":null,"unixpassword":null,"unicodepassword":null,"sfupassword":null,"logonscript":null,"admincount":false,"sidhistory":[]},"AllowedToDelegate":[],"PrimaryGroupSID":"S-1-5-21-2039403211-964143010-2924010611-513","HasSIDHistory":[],"SPNTargets":[],"Aces":[{"PrincipalSID":"S-1-5-21-2039403211-964143010-2924010611-512","PrincipalType":"Group","RightName":"Owns","IsInherited":false},{"PrincipalSID":"BLAZORIZED.HTB-S-1-5-32-548","PrincipalType":"Group","RightName":"GenericAll","IsInherited":false},{"PrincipalSID":"S-1-5-21-2039403211-964143010-2924010611-512","PrincipalType":"Group","RightName":"GenericAll","IsInherited":false},{"PrincipalSID":"S-1-5-21-2039403211-964143010-2924010611-526","PrincipalType":"Group","RightName":"AddKeyCredentialLink","IsInherited":true},{"PrincipalSID":"S-1-5-21-2039403211-964143010-2924010611-527","PrincipalType":"Group","RightName":"AddKeyCredentialLink","IsInherited":true},{"PrincipalSID":"S-1-5-21-2039403211-964143010-2924010611-519","PrincipalType":"Group","RightName":"GenericAll","IsInherited":true},{"PrincipalSID":"BLAZORIZED.HTB-S-1-5-32-544","PrincipalType":"Group","RightName":"WriteDacl","IsInherited":true},{"PrincipalSID":"BLAZORIZED.HTB-S-1-5-32-544","PrincipalType":"Group","RightName":"WriteOwner","IsInherited":true},{"PrincipalSID":"BLAZORIZED.HTB-S-1-5-32-544","PrincipalType":"Group","RightName":"AllExtendedRights","IsInherited":true},{"PrincipalSID":"BLAZORIZED.HTB-S-1-5-32-544","PrincipalType":"Group","RightName":"GenericWrite","IsInherited":true}],"ObjectIdentifier":"S-1-5-21-2039403211-964143010-2924010611-1111","IsDeleted":false,"IsACLProtected":false},{"Properties":{"domain":"BLAZORIZED.HTB","name":"NU_1057@BLAZORIZED.HTB","distinguishedname":"CN=NU_1057,CN=USERS,DC=BLAZORIZED,DC=HTB","domainsid":"S-1-5-21-2039403211-964143010-2924010611","highvalue":false,"samaccountname":"NU_1057","description":null,"whencreated":1704779379,"sensitive":false,"dontreqpreauth":false,"passwordnotreqd":false,"unconstraineddelegation":false,"pwdneverexpires":true,"enabled":true,"trustedtoauth":false,"lastlogon":0,"lastlogontimestamp":-1,"pwdlastset":1704800979,"serviceprincipalnames":[],"hasspn":false,"displayname":null,"email":null,"title":null,"homedirectory":null,"userpassword":null,"unixpassword":null,"unicodepassword":null,"sfupassword":null,"logonscript":null,"admincount":false,"sidhistory":[]},"AllowedToDelegate":[],"PrimaryGroupSID":"S-1-5-21-2039403211-964143010-2924010611-513","HasSIDHistory":[],"SPNTargets":[],"Aces":[{"PrincipalSID":"S-1-5-21-2039403211-964143010-2924010611-512","PrincipalType":"Group","RightName":"Owns","IsInherited":false},{"PrincipalSID":"BLAZORIZED.HTB-S-1-5-32-548","PrincipalType":"Group","RightName":"GenericAll","IsInherited":false},{"PrincipalSID":"S-1-5-21-2039403211-964143010-2924010611-512","PrincipalType":"Group","RightName":"GenericAll","IsInherited":false},{"PrincipalSID":"S-1-5-21-2039403211-964143010-2924010611-526","PrincipalType":"Group","RightName":"AddKeyCredentialLink","IsInherited":true},{"PrincipalSID":"S-1-5-21-2039403211-964143010-2924010611-527","PrincipalType":"Group","RightName":"AddKeyCredentialLink","IsInherited":true},{"PrincipalSID":"S-1-5-21-2039403211-964143010-2924010611-519","PrincipalType":"Group","RightName":"GenericAll","IsInherited":true},{"PrincipalSID":"BLAZORIZED.HTB-S-1-5-32-544","PrincipalType":"Group","RightName":"WriteDacl","IsInherited":true},{"PrincipalSID":"BLAZORIZED.HTB-S-1-5-32-544","PrincipalType":"Group","RightName":"WriteOwner","IsInherited":true},{"PrincipalSID":"BLAZORIZED.HTB-S-1-5-32-544","PrincipalType":"Group","RightName":"AllExtendedRights","IsInherited":true},{"PrincipalSID":"BLAZORIZED.HTB-S-1-5-32-544","PrincipalType":"Group","RightName":"GenericWrite","IsInherited":true}],"ObjectIdentifier":"S-1-5-21-2039403211-964143010-2924010611-1110","IsDeleted":false,"IsACLProtected":false},{"Properties":{"domain":"BLAZORIZED.HTB","name":"NU_1055@BLAZORIZED.HTB","distinguishedname":"CN=NU_1055,CN=USERS,DC=BLAZORIZED,DC=HTB","domainsid":"S-1-5-21-2039403211-964143010-2924010611","highvalue":false,"samaccountname":"NU_1055","description":null,"whencreated":1704871438,"sensitive":false,"dontreqpreauth":false,"passwordnotreqd":false,"unconstraineddelegation":false,"pwdneverexpires":true,"enabled":true,"trustedtoauth":false,"lastlogon":1720284866,"lastlogontimestamp":1719490664,"pwdlastset":1708883706,"serviceprincipalnames":[],"hasspn":false,"displayname":"NU_1055","email":null,"title":null,"homedirectory":"C:\\Users\\NU_1055","userpassword":null,"unixpassword":null,"unicodepassword":null,"sfupassword":null,"logonscript":null,"admincount":false,"sidhistory":[]},"AllowedToDelegate":[],"PrimaryGroupSID":"S-1-5-21-2039403211-964143010-2924010611-513","HasSIDHistory":[],"SPNTargets":[],"Aces":[{"PrincipalSID":"S-1-5-21-2039403211-964143010-2924010611-512","PrincipalType":"Group","RightName":"Owns","IsInherited":false},{"PrincipalSID":"BLAZORIZED.HTB-S-1-5-32-548","PrincipalType":"Group","RightName":"GenericAll","IsInherited":false},{"PrincipalSID":"S-1-5-21-2039403211-964143010-2924010611-512","PrincipalType":"Group","RightName":"GenericAll","IsInherited":false},{"PrincipalSID":"S-1-5-21-2039403211-964143010-2924010611-526","PrincipalType":"Group","RightName":"AddKeyCredentialLink","IsInherited":true},{"PrincipalSID":"S-1-5-21-2039403211-964143010-2924010611-527","PrincipalType":"Group","RightName":"AddKeyCredentialLink","IsInherited":true},{"PrincipalSID":"S-1-5-21-2039403211-964143010-2924010611-519","PrincipalType":"Group","RightName":"GenericAll","IsInherited":true},{"PrincipalSID":"BLAZORIZED.HTB-S-1-5-32-544","PrincipalType":"Group","RightName":"WriteDacl","IsInherited":true},{"PrincipalSID":"BLAZORIZED.HTB-S-1-5-32-544","PrincipalType":"Group","RightName":"WriteOwner","IsInherited":true},{"PrincipalSID":"BLAZORIZED.HTB-S-1-5-32-544","PrincipalType":"Group","RightName":"AllExtendedRights","IsInherited":true},{"PrincipalSID":"BLAZORIZED.HTB-S-1-5-32-544","PrincipalType":"Group","RightName":"GenericWrite","IsInherited":true}],"ObjectIdentifier":"S-1-5-21-2039403211-964143010-2924010611-1117","IsDeleted":false,"IsACLProtected":false},{"Properties":{"domain":"BLAZORIZED.HTB","name":"RSA_4811@BLAZORIZED.HTB","distinguishedname":"CN=RSA_4811,CN=USERS,DC=BLAZORIZED,DC=HTB","domainsid":"S-1-5-21-2039403211-964143010-2924010611","highvalue":false,"samaccountname":"RSA_4811","description":null,"whencreated":1704872201,"sensitive":false,"dontreqpreauth":false,"passwordnotreqd":false,"unconstraineddelegation":false,"pwdneverexpires":true,"enabled":true,"trustedtoauth":false,"lastlogon":1704909845,"lastlogontimestamp":1704909582,"pwdlastset":1704893801,"serviceprincipalnames":[],"hasspn":false,"displayname":"RSA_4811","email":null,"title":null,"homedirectory":null,"userpassword":null,"unixpassword":null,"unicodepassword":null,"sfupassword":null,"logonscript":null,"admincount":false,"sidhistory":[]},"AllowedToDelegate":[],"PrimaryGroupSID":"S-1-5-21-2039403211-964143010-2924010611-513","HasSIDHistory":[],"SPNTargets":[],"Aces":[{"PrincipalSID":"S-1-5-21-2039403211-964143010-2924010611-512","PrincipalType":"Group","RightName":"Owns","IsInherited":false},{"PrincipalSID":"BLAZORIZED.HTB-S-1-5-32-548","PrincipalType":"Group","RightName":"GenericAll","IsInherited":false},{"PrincipalSID":"S-1-5-21-2039403211-964143010-2924010611-512","PrincipalType":"Group","RightName":"GenericAll","IsInherited":false},{"PrincipalSID":"S-1-5-21-2039403211-964143010-2924010611-526","PrincipalType":"Group","RightName":"AddKeyCredentialLink","IsInherited":true},{"PrincipalSID":"S-1-5-21-2039403211-964143010-2924010611-527","PrincipalType":"Group","RightName":"AddKeyCredentialLink","IsInherited":true},{"PrincipalSID":"S-1-5-21-2039403211-964143010-2924010611-519","PrincipalType":"Group","RightName":"GenericAll","IsInherited":true},{"PrincipalSID":"BLAZORIZED.HTB-S-1-5-32-544","PrincipalType":"Group","RightName":"WriteDacl","IsInherited":true},{"PrincipalSID":"BLAZORIZED.HTB-S-1-5-32-544","PrincipalType":"Group","RightName":"WriteOwner","IsInherited":true},{"PrincipalSID":"BLAZORIZED.HTB-S-1-5-32-544","PrincipalType":"Group","RightName":"AllExtendedRights","IsInherited":true},{"PrincipalSID":"BLAZORIZED.HTB-S-1-5-32-544","PrincipalType":"Group","RightName":"GenericWrite","IsInherited":true}],"ObjectIdentifier":"S-1-5-21-2039403211-964143010-2924010611-1118","IsDeleted":false,"IsACLProtected":false},{"Properties":{"domain":"BLAZORIZED.HTB","name":"RSA_4812@BLAZORIZED.HTB","distinguishedname":"CN=RSA_4812,CN=USERS,DC=BLAZORIZED,DC=HTB","domainsid":"S-1-5-21-2039403211-964143010-2924010611","highvalue":false,"samaccountname":"RSA_4812","description":null,"whencreated":1704872309,"sensitive":false,"dontreqpreauth":false,"passwordnotreqd":false,"unconstraineddelegation":false,"pwdneverexpires":true,"enabled":true,"trustedtoauth":false,"lastlogon":0,"lastlogontimestamp":-1,"pwdlastset":1704893909,"serviceprincipalnames":[],"hasspn":false,"displayname":"RSA_4812","email":null,"title":null,"homedirectory":null,"userpassword":null,"unixpassword":null,"unicodepassword":null,"sfupassword":null,"logonscript":null,"admincount":false,"sidhistory":[]},"AllowedToDelegate":[],"PrimaryGroupSID":"S-1-5-21-2039403211-964143010-2924010611-513","HasSIDHistory":[],"SPNTargets":[],"Aces":[{"PrincipalSID":"S-1-5-21-2039403211-964143010-2924010611-512","PrincipalType":"Group","RightName":"Owns","IsInherited":false},{"PrincipalSID":"BLAZORIZED.HTB-S-1-5-32-548","PrincipalType":"Group","RightName":"GenericAll","IsInherited":false},{"PrincipalSID":"S-1-5-21-2039403211-964143010-2924010611-512","PrincipalType":"Group","RightName":"GenericAll","IsInherited":false},{"PrincipalSID":"S-1-5-21-2039403211-964143010-2924010611-526","PrincipalType":"Group","RightName":"AddKeyCredentialLink","IsInherited":true},{"PrincipalSID":"S-1-5-21-2039403211-964143010-2924010611-527","PrincipalType":"Group","RightName":"AddKeyCredentialLink","IsInherited":true},{"PrincipalSID":"S-1-5-21-2039403211-964143010-2924010611-519","PrincipalType":"Group","RightName":"GenericAll","IsInherited":true},{"PrincipalSID":"BLAZORIZED.HTB-S-1-5-32-544","PrincipalType":"Group","RightName":"WriteDacl","IsInherited":true},{"PrincipalSID":"BLAZORIZED.HTB-S-1-5-32-544","PrincipalType":"Group","RightName":"WriteOwner","IsInherited":true},{"PrincipalSID":"BLAZORIZED.HTB-S-1-5-32-544","PrincipalType":"Group","RightName":"AllExtendedRights","IsInherited":true},{"PrincipalSID":"BLAZORIZED.HTB-S-1-5-32-544","PrincipalType":"Group","RightName":"GenericWrite","IsInherited":true}],"ObjectIdentifier":"S-1-5-21-2039403211-964143010-2924010611-1120","IsDeleted":false,"IsACLProtected":false},{"Properties":{"domain":"BLAZORIZED.HTB","name":"RSA_4814@BLAZORIZED.HTB","distinguishedname":"CN=RSA_4814,CN=USERS,DC=BLAZORIZED,DC=HTB","domainsid":"S-1-5-21-2039403211-964143010-2924010611","highvalue":false,"samaccountname":"RSA_4814","description":null,"whencreated":1704872389,"sensitive":false,"dontreqpreauth":false,"passwordnotreqd":false,"unconstraineddelegation":false,"pwdneverexpires":true,"enabled":true,"trustedtoauth":false,"lastlogon":0,"lastlogontimestamp":-1,"pwdlastset":1704893989,"serviceprincipalnames":[],"hasspn":false,"displayname":"RSA_4814","email":null,"title":null,"homedirectory":null,"userpassword":null,"unixpassword":null,"unicodepassword":null,"sfupassword":null,"logonscript":null,"admincount":false,"sidhistory":[]},"AllowedToDelegate":[],"PrimaryGroupSID":"S-1-5-21-2039403211-964143010-2924010611-513","HasSIDHistory":[],"SPNTargets":[],"Aces":[{"PrincipalSID":"S-1-5-21-2039403211-964143010-2924010611-512","PrincipalType":"Group","RightName":"Owns","IsInherited":false},{"PrincipalSID":"BLAZORIZED.HTB-S-1-5-32-548","PrincipalType":"Group","RightName":"GenericAll","IsInherited":false},{"PrincipalSID":"S-1-5-21-2039403211-964143010-2924010611-512","PrincipalType":"Group","RightName":"GenericAll","IsInherited":false},{"PrincipalSID":"S-1-5-21-2039403211-964143010-2924010611-526","PrincipalType":"Group","RightName":"AddKeyCredentialLink","IsInherited":true},{"PrincipalSID":"S-1-5-21-2039403211-964143010-2924010611-527","PrincipalType":"Group","RightName":"AddKeyCredentialLink","IsInherited":true},{"PrincipalSID":"S-1-5-21-2039403211-964143010-2924010611-519","PrincipalType":"Group","RightName":"GenericAll","IsInherited":true},{"PrincipalSID":"BLAZORIZED.HTB-S-1-5-32-544","PrincipalType":"Group","RightName":"WriteDacl","IsInherited":true},{"PrincipalSID":"BLAZORIZED.HTB-S-1-5-32-544","PrincipalType":"Group","RightName":"WriteOwner","IsInherited":true},{"PrincipalSID":"BLAZORIZED.HTB-S-1-5-32-544","PrincipalType":"Group","RightName":"AllExtendedRights","IsInherited":true},{"PrincipalSID":"BLAZORIZED.HTB-S-1-5-32-544","PrincipalType":"Group","RightName":"GenericWrite","IsInherited":true}],"ObjectIdentifier":"S-1-5-21-2039403211-964143010-2924010611-1122","IsDeleted":false,"IsACLProtected":false},{"Properties":{"domain":"BLAZORIZED.HTB","name":"RSA_4813@BLAZORIZED.HTB","distinguishedname":"CN=RSA_4813,CN=USERS,DC=BLAZORIZED,DC=HTB","domainsid":"S-1-5-21-2039403211-964143010-2924010611","highvalue":false,"samaccountname":"RSA_4813","description":null,"whencreated":1704872346,"sensitive":false,"dontreqpreauth":false,"passwordnotreqd":false,"unconstraineddelegation":false,"pwdneverexpires":true,"enabled":true,"trustedtoauth":false,"lastlogon":0,"lastlogontimestamp":-1,"pwdlastset":1704893946,"serviceprincipalnames":[],"hasspn":false,"displayname":"RSA_4813","email":null,"title":null,"homedirectory":null,"userpassword":null,"unixpassword":null,"unicodepassword":null,"sfupassword":null,"logonscript":null,"admincount":false,"sidhistory":[]},"AllowedToDelegate":[],"PrimaryGroupSID":"S-1-5-21-2039403211-964143010-2924010611-513","HasSIDHistory":[],"SPNTargets":[],"Aces":[{"PrincipalSID":"S-1-5-21-2039403211-964143010-2924010611-512","PrincipalType":"Group","RightName":"Owns","IsInherited":false},{"PrincipalSID":"BLAZORIZED.HTB-S-1-5-32-548","PrincipalType":"Group","RightName":"GenericAll","IsInherited":false},{"PrincipalSID":"S-1-5-21-2039403211-964143010-2924010611-512","PrincipalType":"Group","RightName":"GenericAll","IsInherited":false},{"PrincipalSID":"S-1-5-21-2039403211-964143010-2924010611-526","PrincipalType":"Group","RightName":"AddKeyCredentialLink","IsInherited":true},{"PrincipalSID":"S-1-5-21-2039403211-964143010-2924010611-527","PrincipalType":"Group","RightName":"AddKeyCredentialLink","IsInherited":true},{"PrincipalSID":"S-1-5-21-2039403211-964143010-2924010611-519","PrincipalType":"Group","RightName":"GenericAll","IsInherited":true},{"PrincipalSID":"BLAZORIZED.HTB-S-1-5-32-544","PrincipalType":"Group","RightName":"WriteDacl","IsInherited":true},{"PrincipalSID":"BLAZORIZED.HTB-S-1-5-32-544","PrincipalType":"Group","RightName":"WriteOwner","IsInherited":true},{"PrincipalSID":"BLAZORIZED.HTB-S-1-5-32-544","PrincipalType":"Group","RightName":"AllExtendedRights","IsInherited":true},{"PrincipalSID":"BLAZORIZED.HTB-S-1-5-32-544","PrincipalType":"Group","RightName":"GenericWrite","IsInherited":true}],"ObjectIdentifier":"S-1-5-21-2039403211-964143010-2924010611-1121","IsDeleted":false,"IsACLProtected":false},{"Properties":{"domain":"BLAZORIZED.HTB","name":"SSA_6011@BLAZORIZED.HTB","distinguishedname":"CN=SSA_6011,CN=USERS,DC=BLAZORIZED,DC=HTB","domainsid":"S-1-5-21-2039403211-964143010-2924010611","highvalue":false,"samaccountname":"SSA_6011","description":null,"whencreated":1704875552,"sensitive":false,"dontreqpreauth":false,"passwordnotreqd":false,"unconstraineddelegation":false,"pwdneverexpires":true,"enabled":true,"trustedtoauth":false,"lastlogon":0,"lastlogontimestamp":-1,"pwdlastset":1704897152,"serviceprincipalnames":[],"hasspn":false,"displayname":"SSA_6011","email":null,"title":null,"homedirectory":null,"userpassword":null,"unixpassword":null,"unicodepassword":null,"sfupassword":null,"logonscript":null,"admincount":false,"sidhistory":[]},"AllowedToDelegate":[],"PrimaryGroupSID":"S-1-5-21-2039403211-964143010-2924010611-513","HasSIDHistory":[],"SPNTargets":[],"Aces":[{"PrincipalSID":"S-1-5-21-2039403211-964143010-2924010611-512","PrincipalType":"Group","RightName":"Owns","IsInherited":false},{"PrincipalSID":"BLAZORIZED.HTB-S-1-5-32-548","PrincipalType":"Group","RightName":"GenericAll","IsInherited":false},{"PrincipalSID":"S-1-5-21-2039403211-964143010-2924010611-512","PrincipalType":"Group","RightName":"GenericAll","IsInherited":false},{"PrincipalSID":"S-1-5-21-2039403211-964143010-2924010611-526","PrincipalType":"Group","RightName":"AddKeyCredentialLink","IsInherited":true},{"PrincipalSID":"S-1-5-21-2039403211-964143010-2924010611-527","PrincipalType":"Group","RightName":"AddKeyCredentialLink","IsInherited":true},{"PrincipalSID":"S-1-5-21-2039403211-964143010-2924010611-519","PrincipalType":"Group","RightName":"GenericAll","IsInherited":true},{"PrincipalSID":"BLAZORIZED.HTB-S-1-5-32-544","PrincipalType":"Group","RightName":"WriteDacl","IsInherited":true},{"PrincipalSID":"BLAZORIZED.HTB-S-1-5-32-544","PrincipalType":"Group","RightName":"WriteOwner","IsInherited":true},{"PrincipalSID":"BLAZORIZED.HTB-S-1-5-32-544","PrincipalType":"Group","RightName":"AllExtendedRights","IsInherited":true},{"PrincipalSID":"BLAZORIZED.HTB-S-1-5-32-544","PrincipalType":"Group","RightName":"GenericWrite","IsInherited":true}],"ObjectIdentifier":"S-1-5-21-2039403211-964143010-2924010611-1125","IsDeleted":false,"IsACLProtected":false},{"Properties":{"domain":"BLAZORIZED.HTB","name":"SSA_6010@BLAZORIZED.HTB","distinguishedname":"CN=SSA_6010,CN=USERS,DC=BLAZORIZED,DC=HTB","domainsid":"S-1-5-21-2039403211-964143010-2924010611","highvalue":false,"samaccountname":"SSA_6010","description":null,"whencreated":1704875520,"sensitive":false,"dontreqpreauth":false,"passwordnotreqd":false,"unconstraineddelegation":false,"pwdneverexpires":true,"enabled":true,"trustedtoauth":false,"lastlogon":1720285820,"lastlogontimestamp":1719490701,"pwdlastset":1708883815,"serviceprincipalnames":[],"hasspn":false,"displayname":"SSA_6010","email":null,"title":null,"homedirectory":null,"userpassword":null,"unixpassword":null,"unicodepassword":null,"sfupassword":null,"logonscript":null,"admincount":false,"sidhistory":[]},"AllowedToDelegate":[],"PrimaryGroupSID":"S-1-5-21-2039403211-964143010-2924010611-513","HasSIDHistory":[],"SPNTargets":[],"Aces":[{"PrincipalSID":"S-1-5-21-2039403211-964143010-2924010611-512","PrincipalType":"Group","RightName":"Owns","IsInherited":false},{"PrincipalSID":"BLAZORIZED.HTB-S-1-5-32-548","PrincipalType":"Group","RightName":"GenericAll","IsInherited":false},{"PrincipalSID":"S-1-5-21-2039403211-964143010-2924010611-512","PrincipalType":"Group","RightName":"GenericAll","IsInherited":false},{"PrincipalSID":"S-1-5-21-2039403211-964143010-2924010611-526","PrincipalType":"Group","RightName":"AddKeyCredentialLink","IsInherited":true},{"PrincipalSID":"S-1-5-21-2039403211-964143010-2924010611-527","PrincipalType":"Group","RightName":"AddKeyCredentialLink","IsInherited":true},{"PrincipalSID":"S-1-5-21-2039403211-964143010-2924010611-519","PrincipalType":"Group","RightName":"GenericAll","IsInherited":true},{"PrincipalSID":"BLAZORIZED.HTB-S-1-5-32-544","PrincipalType":"Group","RightName":"WriteDacl","IsInherited":true},{"PrincipalSID":"BLAZORIZED.HTB-S-1-5-32-544","PrincipalType":"Group","RightName":"WriteOwner","IsInherited":true},{"PrincipalSID":"BLAZORIZED.HTB-S-1-5-32-544","PrincipalType":"Group","RightName":"AllExtendedRights","IsInherited":true},{"PrincipalSID":"BLAZORIZED.HTB-S-1-5-32-544","PrincipalType":"Group","RightName":"GenericWrite","IsInherited":true}],"ObjectIdentifier":"S-1-5-21-2039403211-964143010-2924010611-1124","IsDeleted":false,"IsACLProtected":false},{"Properties":{"domain":"BLAZORIZED.HTB","name":"SSA_6013@BLAZORIZED.HTB","distinguishedname":"CN=SSA_6013,CN=USERS,DC=BLAZORIZED,DC=HTB","domainsid":"S-1-5-21-2039403211-964143010-2924010611","highvalue":false,"samaccountname":"SSA_6013","description":null,"whencreated":1704875634,"sensitive":false,"dontreqpreauth":false,"passwordnotreqd":false,"unconstraineddelegation":false,"pwdneverexpires":true,"enabled":true,"trustedtoauth":false,"lastlogon":0,"lastlogontimestamp":-1,"pwdlastset":1704897234,"serviceprincipalnames":[],"hasspn":false,"displayname":"SSA_6013","email":null,"title":null,"homedirectory":null,"userpassword":null,"unixpassword":null,"unicodepassword":null,"sfupassword":null,"logonscript":null,"admincount":false,"sidhistory":[]},"AllowedToDelegate":[],"PrimaryGroupSID":"S-1-5-21-2039403211-964143010-2924010611-513","HasSIDHistory":[],"SPNTargets":[],"Aces":[{"PrincipalSID":"S-1-5-21-2039403211-964143010-2924010611-512","PrincipalType":"Group","RightName":"Owns","IsInherited":false},{"PrincipalSID":"BLAZORIZED.HTB-S-1-5-32-548","PrincipalType":"Group","RightName":"GenericAll","IsInherited":false},{"PrincipalSID":"S-1-5-21-2039403211-964143010-2924010611-512","PrincipalType":"Group","RightName":"GenericAll","IsInherited":false},{"PrincipalSID":"S-1-5-21-2039403211-964143010-2924010611-526","PrincipalType":"Group","RightName":"AddKeyCredentialLink","IsInherited":true},{"PrincipalSID":"S-1-5-21-2039403211-964143010-2924010611-527","PrincipalType":"Group","RightName":"AddKeyCredentialLink","IsInherited":true},{"PrincipalSID":"S-1-5-21-2039403211-964143010-2924010611-519","PrincipalType":"Group","RightName":"GenericAll","IsInherited":true},{"PrincipalSID":"BLAZORIZED.HTB-S-1-5-32-544","PrincipalType":"Group","RightName":"WriteDacl","IsInherited":true},{"PrincipalSID":"BLAZORIZED.HTB-S-1-5-32-544","PrincipalType":"Group","RightName":"WriteOwner","IsInherited":true},{"PrincipalSID":"BLAZORIZED.HTB-S-1-5-32-544","PrincipalType":"Group","RightName":"AllExtendedRights","IsInherited":true},{"PrincipalSID":"BLAZORIZED.HTB-S-1-5-32-544","PrincipalType":"Group","RightName":"GenericWrite","IsInherited":true}],"ObjectIdentifier":"S-1-5-21-2039403211-964143010-2924010611-1127","IsDeleted":false,"IsACLProtected":false},{"Properties":{"domain":"BLAZORIZED.HTB","name":"SSA_6012@BLAZORIZED.HTB","distinguishedname":"CN=SSA_6012,CN=USERS,DC=BLAZORIZED,DC=HTB","domainsid":"S-1-5-21-2039403211-964143010-2924010611","highvalue":false,"samaccountname":"SSA_6012","description":null,"whencreated":1704875601,"sensitive":false,"dontreqpreauth":false,"passwordnotreqd":false,"unconstraineddelegation":false,"pwdneverexpires":true,"enabled":true,"trustedtoauth":false,"lastlogon":0,"lastlogontimestamp":-1,"pwdlastset":1704897201,"serviceprincipalnames":[],"hasspn":false,"displayname":"SSA_6012","email":null,"title":null,"homedirectory":null,"userpassword":null,"unixpassword":null,"unicodepassword":null,"sfupassword":null,"logonscript":null,"admincount":false,"sidhistory":[]},"AllowedToDelegate":[],"PrimaryGroupSID":"S-1-5-21-2039403211-964143010-2924010611-513","HasSIDHistory":[],"SPNTargets":[],"Aces":[{"PrincipalSID":"S-1-5-21-2039403211-964143010-2924010611-512","PrincipalType":"Group","RightName":"Owns","IsInherited":false},{"PrincipalSID":"BLAZORIZED.HTB-S-1-5-32-548","PrincipalType":"Group","RightName":"GenericAll","IsInherited":false},{"PrincipalSID":"S-1-5-21-2039403211-964143010-2924010611-512","PrincipalType":"Group","RightName":"GenericAll","IsInherited":false},{"PrincipalSID":"S-1-5-21-2039403211-964143010-2924010611-526","PrincipalType":"Group","RightName":"AddKeyCredentialLink","IsInherited":true},{"PrincipalSID":"S-1-5-21-2039403211-964143010-2924010611-527","PrincipalType":"Group","RightName":"AddKeyCredentialLink","IsInherited":true},{"PrincipalSID":"S-1-5-21-2039403211-964143010-2924010611-519","PrincipalType":"Group","RightName":"GenericAll","IsInherited":true},{"PrincipalSID":"BLAZORIZED.HTB-S-1-5-32-544","PrincipalType":"Group","RightName":"WriteDacl","IsInherited":true},{"PrincipalSID":"BLAZORIZED.HTB-S-1-5-32-544","PrincipalType":"Group","RightName":"WriteOwner","IsInherited":true},{"PrincipalSID":"BLAZORIZED.HTB-S-1-5-32-544","PrincipalType":"Group","RightName":"AllExtendedRights","IsInherited":true},{"PrincipalSID":"BLAZORIZED.HTB-S-1-5-32-544","PrincipalType":"Group","RightName":"GenericWrite","IsInherited":true}],"ObjectIdentifier":"S-1-5-21-2039403211-964143010-2924010611-1126","IsDeleted":false,"IsACLProtected":false},{"Properties":{"domain":"BLAZORIZED.HTB","name":"LSA_3212@BLAZORIZED.HTB","distinguishedname":"CN=LSA_3212,CN=USERS,DC=BLAZORIZED,DC=HTB","domainsid":"S-1-5-21-2039403211-964143010-2924010611","highvalue":false,"samaccountname":"LSA_3212","description":null,"whencreated":1704886062,"sensitive":false,"dontreqpreauth":false,"passwordnotreqd":false,"unconstraineddelegation":false,"pwdneverexpires":true,"enabled":true,"trustedtoauth":false,"lastlogon":0,"lastlogontimestamp":-1,"pwdlastset":1704907662,"serviceprincipalnames":[],"hasspn":false,"displayname":"LSA_3212","email":null,"title":null,"homedirectory":null,"userpassword":null,"unixpassword":null,"unicodepassword":null,"sfupassword":null,"logonscript":null,"admincount":false,"sidhistory":[]},"AllowedToDelegate":[],"PrimaryGroupSID":"S-1-5-21-2039403211-964143010-2924010611-513","HasSIDHistory":[],"SPNTargets":[],"Aces":[{"PrincipalSID":"S-1-5-21-2039403211-964143010-2924010611-512","PrincipalType":"Group","RightName":"Owns","IsInherited":false},{"PrincipalSID":"BLAZORIZED.HTB-S-1-5-32-548","PrincipalType":"Group","RightName":"GenericAll","IsInherited":false},{"PrincipalSID":"S-1-5-21-2039403211-964143010-2924010611-512","PrincipalType":"Group","RightName":"GenericAll","IsInherited":false},{"PrincipalSID":"S-1-5-21-2039403211-964143010-2924010611-526","PrincipalType":"Group","RightName":"AddKeyCredentialLink","IsInherited":true},{"PrincipalSID":"S-1-5-21-2039403211-964143010-2924010611-527","PrincipalType":"Group","RightName":"AddKeyCredentialLink","IsInherited":true},{"PrincipalSID":"S-1-5-21-2039403211-964143010-2924010611-519","PrincipalType":"Group","RightName":"GenericAll","IsInherited":true},{"PrincipalSID":"BLAZORIZED.HTB-S-1-5-32-544","PrincipalType":"Group","RightName":"WriteDacl","IsInherited":true},{"PrincipalSID":"BLAZORIZED.HTB-S-1-5-32-544","PrincipalType":"Group","RightName":"WriteOwner","IsInherited":true},{"PrincipalSID":"BLAZORIZED.HTB-S-1-5-32-544","PrincipalType":"Group","RightName":"AllExtendedRights","IsInherited":true},{"PrincipalSID":"BLAZORIZED.HTB-S-1-5-32-544","PrincipalType":"Group","RightName":"GenericWrite","IsInherited":true}],"ObjectIdentifier":"S-1-5-21-2039403211-964143010-2924010611-1129","IsDeleted":false,"IsACLProtected":false},{"Properties":{"domain":"BLAZORIZED.HTB","name":"LSA_3211@BLAZORIZED.HTB","distinguishedname":"CN=LSA_3211,CN=USERS,DC=BLAZORIZED,DC=HTB","domainsid":"S-1-5-21-2039403211-964143010-2924010611","highvalue":false,"samaccountname":"LSA_3211","description":null,"whencreated":1704886019,"sensitive":false,"dontreqpreauth":false,"passwordnotreqd":false,"unconstraineddelegation":false,"pwdneverexpires":true,"enabled":true,"trustedtoauth":false,"lastlogon":0,"lastlogontimestamp":-1,"pwdlastset":1704907619,"serviceprincipalnames":[],"hasspn":false,"displayname":"LSA_3211","email":null,"title":null,"homedirectory":null,"userpassword":null,"unixpassword":null,"unicodepassword":null,"sfupassword":null,"logonscript":null,"admincount":false,"sidhistory":[]},"AllowedToDelegate":[],"PrimaryGroupSID":"S-1-5-21-2039403211-964143010-2924010611-513","HasSIDHistory":[],"SPNTargets":[],"Aces":[{"PrincipalSID":"S-1-5-21-2039403211-964143010-2924010611-512","PrincipalType":"Group","RightName":"Owns","IsInherited":false},{"PrincipalSID":"BLAZORIZED.HTB-S-1-5-32-548","PrincipalType":"Group","RightName":"GenericAll","IsInherited":false},{"PrincipalSID":"S-1-5-21-2039403211-964143010-2924010611-512","PrincipalType":"Group","RightName":"GenericAll","IsInherited":false},{"PrincipalSID":"S-1-5-21-2039403211-964143010-2924010611-526","PrincipalType":"Group","RightName":"AddKeyCredentialLink","IsInherited":true},{"PrincipalSID":"S-1-5-21-2039403211-964143010-2924010611-527","PrincipalType":"Group","RightName":"AddKeyCredentialLink","IsInherited":true},{"PrincipalSID":"S-1-5-21-2039403211-964143010-2924010611-519","PrincipalType":"Group","RightName":"GenericAll","IsInherited":true},{"PrincipalSID":"BLAZORIZED.HTB-S-1-5-32-544","PrincipalType":"Group","RightName":"WriteDacl","IsInherited":true},{"PrincipalSID":"BLAZORIZED.HTB-S-1-5-32-544","PrincipalType":"Group","RightName":"WriteOwner","IsInherited":true},{"PrincipalSID":"BLAZORIZED.HTB-S-1-5-32-544","PrincipalType":"Group","RightName":"AllExtendedRights","IsInherited":true},{"PrincipalSID":"BLAZORIZED.HTB-S-1-5-32-544","PrincipalType":"Group","RightName":"GenericWrite","IsInherited":true}],"ObjectIdentifier":"S-1-5-21-2039403211-964143010-2924010611-1128","IsDeleted":false,"IsACLProtected":false},{"Properties":{"domain":"BLAZORIZED.HTB","name":"LSA_3213@BLAZORIZED.HTB","distinguishedname":"CN=LSA_3213,CN=USERS,DC=BLAZORIZED,DC=HTB","domainsid":"S-1-5-21-2039403211-964143010-2924010611","highvalue":false,"samaccountname":"LSA_3213","description":null,"whencreated":1704886135,"sensitive":false,"dontreqpreauth":false,"passwordnotreqd":false,"unconstraineddelegation":false,"pwdneverexpires":true,"enabled":true,"trustedtoauth":false,"lastlogon":0,"lastlogontimestamp":-1,"pwdlastset":1704907735,"serviceprincipalnames":[],"hasspn":false,"displayname":"LSA_3213","email":null,"title":null,"homedirectory":null,"userpassword":null,"unixpassword":null,"unicodepassword":null,"sfupassword":null,"logonscript":null,"admincount":false,"sidhistory":[]},"AllowedToDelegate":[],"PrimaryGroupSID":"S-1-5-21-2039403211-964143010-2924010611-513","HasSIDHistory":[],"SPNTargets":[],"Aces":[{"PrincipalSID":"S-1-5-21-2039403211-964143010-2924010611-512","PrincipalType":"Group","RightName":"Owns","IsInherited":false},{"PrincipalSID":"BLAZORIZED.HTB-S-1-5-32-548","PrincipalType":"Group","RightName":"GenericAll","IsInherited":false},{"PrincipalSID":"S-1-5-21-2039403211-964143010-2924010611-512","PrincipalType":"Group","RightName":"GenericAll","IsInherited":false},{"PrincipalSID":"S-1-5-21-2039403211-964143010-2924010611-526","PrincipalType":"Group","RightName":"AddKeyCredentialLink","IsInherited":true},{"PrincipalSID":"S-1-5-21-2039403211-964143010-2924010611-527","PrincipalType":"Group","RightName":"AddKeyCredentialLink","IsInherited":true},{"PrincipalSID":"S-1-5-21-2039403211-964143010-2924010611-519","PrincipalType":"Group","RightName":"GenericAll","IsInherited":true},{"PrincipalSID":"BLAZORIZED.HTB-S-1-5-32-544","PrincipalType":"Group","RightName":"WriteDacl","IsInherited":true},{"PrincipalSID":"BLAZORIZED.HTB-S-1-5-32-544","PrincipalType":"Group","RightName":"WriteOwner","IsInherited":true},{"PrincipalSID":"BLAZORIZED.HTB-S-1-5-32-544","PrincipalType":"Group","RightName":"AllExtendedRights","IsInherited":true},{"PrincipalSID":"BLAZORIZED.HTB-S-1-5-32-544","PrincipalType":"Group","RightName":"GenericWrite","IsInherited":true}],"ObjectIdentifier":"S-1-5-21-2039403211-964143010-2924010611-1131","IsDeleted":false,"IsACLProtected":false},{"Properties":{"domain":"BLAZORIZED.HTB","name":"GUEST@BLAZORIZED.HTB","distinguishedname":"CN=GUEST,CN=USERS,DC=BLAZORIZED,DC=HTB","domainsid":"S-1-5-21-2039403211-964143010-2924010611","highvalue":false,"samaccountname":"Guest","description":"Built-in account for guest access to the computer/domain","whencreated":1704720625,"sensitive":false,"dontreqpreauth":false,"passwordnotreqd":true,"unconstraineddelegation":false,"pwdneverexpires":true,"enabled":false,"trustedtoauth":false,"lastlogon":0,"lastlogontimestamp":-1,"pwdlastset":0,"serviceprincipalnames":[],"hasspn":false,"displayname":null,"email":null,"title":null,"homedirectory":null,"userpassword":null,"unixpassword":null,"unicodepassword":null,"sfupassword":null,"logonscript":null,"admincount":false,"sidhistory":[]},"AllowedToDelegate":[],"PrimaryGroupSID":"S-1-5-21-2039403211-964143010-2924010611-514","HasSIDHistory":[],"SPNTargets":[],"Aces":[{"PrincipalSID":"BLAZORIZED.HTB-S-1-5-32-544","PrincipalType":"Group","RightName":"Owns","IsInherited":false},{"PrincipalSID":"BLAZORIZED.HTB-S-1-5-32-548","PrincipalType":"Group","RightName":"GenericAll","IsInherited":false},{"PrincipalSID":"S-1-5-21-2039403211-964143010-2924010611-512","PrincipalType":"Group","RightName":"GenericAll","IsInherited":false},{"PrincipalSID":"S-1-5-21-2039403211-964143010-2924010611-526","PrincipalType":"Group","RightName":"AddKeyCredentialLink","IsInherited":true},{"PrincipalSID":"S-1-5-21-2039403211-964143010-2924010611-527","PrincipalType":"Group","RightName":"AddKeyCredentialLink","IsInherited":true},{"PrincipalSID":"S-1-5-21-2039403211-964143010-2924010611-519","PrincipalType":"Group","RightName":"GenericAll","IsInherited":true},{"PrincipalSID":"BLAZORIZED.HTB-S-1-5-32-544","PrincipalType":"Group","RightName":"WriteDacl","IsInherited":true},{"PrincipalSID":"BLAZORIZED.HTB-S-1-5-32-544","PrincipalType":"Group","RightName":"WriteOwner","IsInherited":true},{"PrincipalSID":"BLAZORIZED.HTB-S-1-5-32-544","PrincipalType":"Group","RightName":"AllExtendedRights","IsInherited":true},{"PrincipalSID":"BLAZORIZED.HTB-S-1-5-32-544","PrincipalType":"Group","RightName":"GenericWrite","IsInherited":true}],"ObjectIdentifier":"S-1-5-21-2039403211-964143010-2924010611-501","IsDeleted":false,"IsACLProtected":false},{"Properties":{"domain":"BLAZORIZED.HTB","name":"KRBTGT@BLAZORIZED.HTB","distinguishedname":"CN=KRBTGT,CN=USERS,DC=BLAZORIZED,DC=HTB","domainsid":"S-1-5-21-2039403211-964143010-2924010611","highvalue":false,"samaccountname":"krbtgt","description":"Key Distribution Center Service Account","whencreated":1704720684,"sensitive":false,"dontreqpreauth":false,"passwordnotreqd":false,"unconstraineddelegation":false,"pwdneverexpires":false,"enabled":false,"trustedtoauth":false,"lastlogon":0,"lastlogontimestamp":-1,"pwdlastset":1704742284,"serviceprincipalnames":["kadmin/changepw"],"hasspn":true,"displayname":null,"email":null,"title":null,"homedirectory":null,"userpassword":null,"unixpassword":null,"unicodepassword":null,"sfupassword":null,"logonscript":null,"admincount":true,"sidhistory":[]},"AllowedToDelegate":[],"PrimaryGroupSID":"S-1-5-21-2039403211-964143010-2924010611-513","HasSIDHistory":[],"SPNTargets":[],"Aces":[{"PrincipalSID":"S-1-5-21-2039403211-964143010-2924010611-512","PrincipalType":"Group","RightName":"Owns","IsInherited":false},{"PrincipalSID":"BLAZORIZED.HTB-S-1-5-32-544","PrincipalType":"Group","RightName":"WriteDacl","IsInherited":false},{"PrincipalSID":"BLAZORIZED.HTB-S-1-5-32-544","PrincipalType":"Group","RightName":"WriteOwner","IsInherited":false},{"PrincipalSID":"BLAZORIZED.HTB-S-1-5-32-544","PrincipalType":"Group","RightName":"AllExtendedRights","IsInherited":false},{"PrincipalSID":"BLAZORIZED.HTB-S-1-5-32-544","PrincipalType":"Group","RightName":"GenericWrite","IsInherited":false},{"PrincipalSID":"S-1-5-21-2039403211-964143010-2924010611-512","PrincipalType":"Group","RightName":"WriteDacl","IsInherited":false},{"PrincipalSID":"S-1-5-21-2039403211-964143010-2924010611-512","PrincipalType":"Group","RightName":"WriteOwner","IsInherited":false},{"PrincipalSID":"S-1-5-21-2039403211-964143010-2924010611-512","PrincipalType":"Group","RightName":"AllExtendedRights","IsInherited":false},{"PrincipalSID":"S-1-5-21-2039403211-964143010-2924010611-512","PrincipalType":"Group","RightName":"GenericWrite","IsInherited":false},{"PrincipalSID":"S-1-5-21-2039403211-964143010-2924010611-519","PrincipalType":"Group","RightName":"WriteDacl","IsInherited":false},{"PrincipalSID":"S-1-5-21-2039403211-964143010-2924010611-519","PrincipalType":"Group","RightName":"WriteOwner","IsInherited":false},{"PrincipalSID":"S-1-5-21-2039403211-964143010-2924010611-519","PrincipalType":"Group","RightName":"AllExtendedRights","IsInherited":false},{"PrincipalSID":"S-1-5-21-2039403211-964143010-2924010611-519","PrincipalType":"Group","RightName":"GenericWrite","IsInherited":false}],"ObjectIdentifier":"S-1-5-21-2039403211-964143010-2924010611-502","IsDeleted":false,"IsACLProtected":true}],"meta":{"methods":29695,"type":"users","count":19,"version":5}}