﻿{"data":[{"Properties":{"domain":"BLAZORIZED.HTB","name":"DC1.BLAZORIZED.HTB","distinguishedname":"CN=DC1,OU=DOMAIN CONTROLLERS,DC=BLAZORIZED,DC=HTB","domainsid":"S-1-5-21-2039403211-964143010-2924010611","highvalue":false,"samaccountname":"DC1$","haslaps":false,"description":null,"whencreated":1704720683,"enabled":true,"unconstraineddelegation":true,"trustedtoauth":false,"lastlogon":1720283225,"lastlogontimestamp":1719490664,"pwdlastset":1716981024,"serviceprincipalnames":["MSSQLSvc/DC1.blazorized.htb:1433","MSSQLSvc/DC1.blazorized.htb:BLAZORIZED","Dfsr-12F9A27C-BF97-4787-9364-D31B6C55EB04/DC1.blazorized.htb","ldap/DC1.blazorized.htb/ForestDnsZones.blazorized.htb","ldap/DC1.blazorized.htb/DomainDnsZones.blazorized.htb","DNS/DC1.blazorized.htb","GC/DC1.blazorized.htb/blazorized.htb","RestrictedKrbHost/DC1.blazorized.htb","RestrictedKrbHost/DC1","RPC/09e10e5f-e201-416f-9146-6e0f8e90bf00._msdcs.blazorized.htb","HOST/DC1/BLAZORIZED","HOST/DC1.blazorized.htb/BLAZORIZED","HOST/DC1","HOST/DC1.blazorized.htb","HOST/DC1.blazorized.htb/blazorized.htb","E3514235-4B06-11D1-AB04-00C04FC2DCD2/09e10e5f-e201-416f-9146-6e0f8e90bf00/blazorized.htb","ldap/DC1/BLAZORIZED","ldap/09e10e5f-e201-416f-9146-6e0f8e90bf00._msdcs.blazorized.htb","ldap/DC1.blazorized.htb/BLAZORIZED","ldap/DC1","ldap/DC1.blazorized.htb","ldap/DC1.blazorized.htb/blazorized.htb"],"operatingsystem":"Windows Server 2019 Standard","sidhistory":[]},"PrimaryGroupSID":"S-1-5-21-2039403211-964143010-2924010611-516","AllowedToDelegate":[],"AllowedToAct":[],"HasSIDHistory":[],"DumpSMSAPassword":[],"Sessions":{"Results":[],"Collected":true,"FailureReason":null},"PrivilegedSessions":{"Results":[{"UserSID":"S-1-5-21-2039403211-964143010-2924010611-1124","ComputerSID":"S-1-5-21-2039403211-964143010-2924010611-1002"},{"UserSID":"S-1-5-21-2039403211-964143010-2924010611-1124","ComputerSID":"S-1-5-21-2039403211-964143010-2924010611-1002"},{"UserSID":"S-1-5-21-2039403211-964143010-2924010611-1117","ComputerSID":"S-1-5-21-2039403211-964143010-2924010611-1002"},{"UserSID":"S-1-5-21-2039403211-964143010-2924010611-1117","ComputerSID":"S-1-5-21-2039403211-964143010-2924010611-1002"},{"UserSID":"S-1-5-21-2039403211-964143010-2924010611-1117","ComputerSID":"S-1-5-21-2039403211-964143010-2924010611-1002"},{"UserSID":"S-1-5-21-2039403211-964143010-2924010611-1124","ComputerSID":"S-1-5-21-2039403211-964143010-2924010611-1002"}],"Collected":true,"FailureReason":null},"RegistrySessions":{"Results":[{"UserSID":"S-1-5-21-2039403211-964143010-2924010611-1107","ComputerSID":"S-1-5-21-2039403211-964143010-2924010611-1002"}],"Collected":true,"FailureReason":null},"LocalAdmins":{"Results":[{"ObjectIdentifier":"S-1-5-21-2039403211-964143010-2924010611-500","ObjectType":"User"},{"ObjectIdentifier":"S-1-5-21-2039403211-964143010-2924010611-519","ObjectType":"Group"},{"ObjectIdentifier":"S-1-5-21-2039403211-964143010-2924010611-512","ObjectType":"Group"}],"Collected":true,"FailureReason":null},"RemoteDesktopUsers":{"Results":[],"Collected":true,"FailureReason":null},"DcomUsers":{"Results":[],"Collected":true,"FailureReason":null},"PSRemoteUsers":{"Results":[{"ObjectIdentifier":"S-1-5-21-2039403211-964143010-2924010611-1107","ObjectType":"User"},{"ObjectIdentifier":"S-1-5-21-2039403211-964143010-2924010611-1117","ObjectType":"User"},{"ObjectIdentifier":"S-1-5-21-2039403211-964143010-2924010611-1124","ObjectType":"User"}],"Collected":true,"FailureReason":null},"Status":null,"Aces":[{"PrincipalSID":"S-1-5-21-2039403211-964143010-2924010611-512","PrincipalType":"Group","RightName":"Owns","IsInherited":false},{"PrincipalSID":"S-1-5-21-2039403211-964143010-2924010611-512","PrincipalType":"Group","RightName":"GenericAll","IsInherited":false},{"PrincipalSID":"S-1-5-21-2039403211-964143010-2924010611-526","PrincipalType":"Group","RightName":"AddKeyCredentialLink","IsInherited":true},{"PrincipalSID":"S-1-5-21-2039403211-964143010-2924010611-527","PrincipalType":"Group","RightName":"AddKeyCredentialLink","IsInherited":true},{"PrincipalSID":"S-1-5-21-2039403211-964143010-2924010611-519","PrincipalType":"Group","RightName":"GenericAll","IsInherited":true},{"PrincipalSID":"BLAZORIZED.HTB-S-1-5-32-544","PrincipalType":"Group","RightName":"WriteDacl","IsInherited":true},{"PrincipalSID":"BLAZORIZED.HTB-S-1-5-32-544","PrincipalType":"Group","RightName":"WriteOwner","IsInherited":true},{"PrincipalSID":"BLAZORIZED.HTB-S-1-5-32-544","PrincipalType":"Group","RightName":"GenericWrite","IsInherited":true}],"ObjectIdentifier":"S-1-5-21-2039403211-964143010-2924010611-1002","IsDeleted":false,"IsACLProtected":false}],"meta":{"methods":29695,"type":"computers","count":1,"version":5}}