﻿{"data":[{"Properties":{"domain":"BLAZORIZED.HTB","name":"ADMINISTRATORS@BLAZORIZED.HTB","distinguishedname":"CN=ADMINISTRATORS,CN=BUILTIN,DC=BLAZORIZED,DC=HTB","domainsid":"S-1-5-21-2039403211-964143010-2924010611","highvalue":true,"samaccountname":"Administrators","description":"Administrators have complete and unrestricted access to the computer/domain","whencreated":1704720625,"admincount":true},"Members":[{"ObjectIdentifier":"S-1-5-21-2039403211-964143010-2924010611-512","ObjectType":"Group"},{"ObjectIdentifier":"S-1-5-21-2039403211-964143010-2924010611-519","ObjectType":"Group"},{"ObjectIdentifier":"S-1-5-21-2039403211-964143010-2924010611-500","ObjectType":"User"}],"Aces":[{"PrincipalSID":"S-1-5-21-2039403211-964143010-2924010611-512","PrincipalType":"Group","RightName":"Owns","IsInherited":false},{"PrincipalSID":"BLAZORIZED.HTB-S-1-5-32-544","PrincipalType":"Group","RightName":"WriteDacl","IsInherited":false},{"PrincipalSID":"BLAZORIZED.HTB-S-1-5-32-544","PrincipalType":"Group","RightName":"WriteOwner","IsInherited":false},{"PrincipalSID":"BLAZORIZED.HTB-S-1-5-32-544","PrincipalType":"Group","RightName":"GenericWrite","IsInherited":false},{"PrincipalSID":"S-1-5-21-2039403211-964143010-2924010611-512","PrincipalType":"Group","RightName":"WriteDacl","IsInherited":false},{"PrincipalSID":"S-1-5-21-2039403211-964143010-2924010611-512","PrincipalType":"Group","RightName":"WriteOwner","IsInherited":false},{"PrincipalSID":"S-1-5-21-2039403211-964143010-2924010611-512","PrincipalType":"Group","RightName":"GenericWrite","IsInherited":false},{"PrincipalSID":"S-1-5-21-2039403211-964143010-2924010611-519","PrincipalType":"Group","RightName":"WriteDacl","IsInherited":false},{"PrincipalSID":"S-1-5-21-2039403211-964143010-2924010611-519","PrincipalType":"Group","RightName":"WriteOwner","IsInherited":false},{"PrincipalSID":"S-1-5-21-2039403211-964143010-2924010611-519","PrincipalType":"Group","RightName":"GenericWrite","IsInherited":false}],"ObjectIdentifier":"BLAZORIZED.HTB-S-1-5-32-544","IsDeleted":false,"IsACLProtected":true},{"Properties":{"domain":"BLAZORIZED.HTB","name":"GUESTS@BLAZORIZED.HTB","distinguishedname":"CN=GUESTS,CN=BUILTIN,DC=BLAZORIZED,DC=HTB","domainsid":"S-1-5-21-2039403211-964143010-2924010611","highvalue":false,"samaccountname":"Guests","description":"Guests have the same access as members of the Users group by default, except for the Guest account which is further restricted","whencreated":1704720625,"admincount":false},"Members":[{"ObjectIdentifier":"S-1-5-21-2039403211-964143010-2924010611-514","ObjectType":"Group"},{"ObjectIdentifier":"S-1-5-21-2039403211-964143010-2924010611-501","ObjectType":"User"}],"Aces":[{"PrincipalSID":"BLAZORIZED.HTB-S-1-5-32-544","PrincipalType":"Group","RightName":"Owns","IsInherited":false},{"PrincipalSID":"BLAZORIZED.HTB-S-1-5-32-548","PrincipalType":"Group","RightName":"GenericAll","IsInherited":false},{"PrincipalSID":"S-1-5-21-2039403211-964143010-2924010611-512","PrincipalType":"Group","RightName":"GenericAll","IsInherited":false},{"PrincipalSID":"S-1-5-21-2039403211-964143010-2924010611-519","PrincipalType":"Group","RightName":"GenericAll","IsInherited":true},{"PrincipalSID":"BLAZORIZED.HTB-S-1-5-32-544","PrincipalType":"Group","RightName":"WriteDacl","IsInherited":true},{"PrincipalSID":"BLAZORIZED.HTB-S-1-5-32-544","PrincipalType":"Group","RightName":"WriteOwner","IsInherited":true},{"PrincipalSID":"BLAZORIZED.HTB-S-1-5-32-544","PrincipalType":"Group","RightName":"GenericWrite","IsInherited":true}],"ObjectIdentifier":"BLAZORIZED.HTB-S-1-5-32-546","IsDeleted":false,"IsACLProtected":false},{"Properties":{"domain":"BLAZORIZED.HTB","name":"IIS_IUSRS@BLAZORIZED.HTB","distinguishedname":"CN=IIS_IUSRS,CN=BUILTIN,DC=BLAZORIZED,DC=HTB","domainsid":"S-1-5-21-2039403211-964143010-2924010611","highvalue":false,"samaccountname":"IIS_IUSRS","description":"Built-in group used by Internet Information Services.","whencreated":1704720625,"admincount":false},"Members":[{"ObjectIdentifier":"S-1-5-21-2039403211-964143010-2924010611-1117","ObjectType":"User"}],"Aces":[{"PrincipalSID":"BLAZORIZED.HTB-S-1-5-32-544","PrincipalType":"Group","RightName":"Owns","IsInherited":false},{"PrincipalSID":"BLAZORIZED.HTB-S-1-5-32-548","PrincipalType":"Group","RightName":"GenericAll","IsInherited":false},{"PrincipalSID":"S-1-5-21-2039403211-964143010-2924010611-512","PrincipalType":"Group","RightName":"GenericAll","IsInherited":false},{"PrincipalSID":"S-1-5-21-2039403211-964143010-2924010611-519","PrincipalType":"Group","RightName":"GenericAll","IsInherited":true},{"PrincipalSID":"BLAZORIZED.HTB-S-1-5-32-544","PrincipalType":"Group","RightName":"WriteDacl","IsInherited":true},{"PrincipalSID":"BLAZORIZED.HTB-S-1-5-32-544","PrincipalType":"Group","RightName":"WriteOwner","IsInherited":true},{"PrincipalSID":"BLAZORIZED.HTB-S-1-5-32-544","PrincipalType":"Group","RightName":"GenericWrite","IsInherited":true}],"ObjectIdentifier":"BLAZORIZED.HTB-S-1-5-32-568","IsDeleted":false,"IsACLProtected":false},{"Properties":{"domain":"BLAZORIZED.HTB","name":"REMOTE MANAGEMENT USERS@BLAZORIZED.HTB","distinguishedname":"CN=REMOTE MANAGEMENT USERS,CN=BUILTIN,DC=BLAZORIZED,DC=HTB","domainsid":"S-1-5-21-2039403211-964143010-2924010611","highvalue":false,"samaccountname":"Remote Management Users","description":"Members of this group can access WMI resources over management protocols (such as WS-Management via the Windows Remote Management service). This applies only to WMI namespaces that grant access to the user.","whencreated":1704720626,"admincount":false},"Members":[{"ObjectIdentifier":"S-1-5-21-2039403211-964143010-2924010611-1124","ObjectType":"User"},{"ObjectIdentifier":"S-1-5-21-2039403211-964143010-2924010611-1117","ObjectType":"User"},{"ObjectIdentifier":"S-1-5-21-2039403211-964143010-2924010611-1107","ObjectType":"User"}],"Aces":[{"PrincipalSID":"BLAZORIZED.HTB-S-1-5-32-544","PrincipalType":"Group","RightName":"Owns","IsInherited":false},{"PrincipalSID":"BLAZORIZED.HTB-S-1-5-32-548","PrincipalType":"Group","RightName":"GenericAll","IsInherited":false},{"PrincipalSID":"S-1-5-21-2039403211-964143010-2924010611-512","PrincipalType":"Group","RightName":"GenericAll","IsInherited":false},{"PrincipalSID":"S-1-5-21-2039403211-964143010-2924010611-519","PrincipalType":"Group","RightName":"GenericAll","IsInherited":true},{"PrincipalSID":"BLAZORIZED.HTB-S-1-5-32-544","PrincipalType":"Group","RightName":"WriteDacl","IsInherited":true},{"PrincipalSID":"BLAZORIZED.HTB-S-1-5-32-544","PrincipalType":"Group","RightName":"WriteOwner","IsInherited":true},{"PrincipalSID":"BLAZORIZED.HTB-S-1-5-32-544","PrincipalType":"Group","RightName":"GenericWrite","IsInherited":true}],"ObjectIdentifier":"BLAZORIZED.HTB-S-1-5-32-580","IsDeleted":false,"IsACLProtected":false},{"Properties":{"domain":"BLAZORIZED.HTB","name":"DENIED RODC PASSWORD REPLICATION GROUP@BLAZORIZED.HTB","distinguishedname":"CN=DENIED RODC PASSWORD REPLICATION GROUP,CN=USERS,DC=BLAZORIZED,DC=HTB","domainsid":"S-1-5-21-2039403211-964143010-2924010611","highvalue":false,"samaccountname":"Denied RODC Password Replication Group","description":"Members in this group cannot have their passwords replicated to any read-only domain controllers in the domain","whencreated":1704720684,"admincount":false},"Members":[{"ObjectIdentifier":"S-1-5-21-2039403211-964143010-2924010611-521","ObjectType":"Group"},{"ObjectIdentifier":"S-1-5-21-2039403211-964143010-2924010611-520","ObjectType":"Group"},{"ObjectIdentifier":"S-1-5-21-2039403211-964143010-2924010611-512","ObjectType":"Group"},{"ObjectIdentifier":"S-1-5-21-2039403211-964143010-2924010611-517","ObjectType":"Group"},{"ObjectIdentifier":"S-1-5-21-2039403211-964143010-2924010611-519","ObjectType":"Group"},{"ObjectIdentifier":"S-1-5-21-2039403211-964143010-2924010611-518","ObjectType":"Group"},{"ObjectIdentifier":"S-1-5-21-2039403211-964143010-2924010611-516","ObjectType":"Group"},{"ObjectIdentifier":"S-1-5-21-2039403211-964143010-2924010611-502","ObjectType":"User"}],"Aces":[{"PrincipalSID":"S-1-5-21-2039403211-964143010-2924010611-512","PrincipalType":"Group","RightName":"Owns","IsInherited":false},{"PrincipalSID":"BLAZORIZED.HTB-S-1-5-32-548","PrincipalType":"Group","RightName":"GenericAll","IsInherited":false},{"PrincipalSID":"S-1-5-21-2039403211-964143010-2924010611-512","PrincipalType":"Group","RightName":"GenericAll","IsInherited":false},{"PrincipalSID":"S-1-5-21-2039403211-964143010-2924010611-519","PrincipalType":"Group","RightName":"GenericAll","IsInherited":true},{"PrincipalSID":"BLAZORIZED.HTB-S-1-5-32-544","PrincipalType":"Group","RightName":"WriteDacl","IsInherited":true},{"PrincipalSID":"BLAZORIZED.HTB-S-1-5-32-544","PrincipalType":"Group","RightName":"WriteOwner","IsInherited":true},{"PrincipalSID":"BLAZORIZED.HTB-S-1-5-32-544","PrincipalType":"Group","RightName":"GenericWrite","IsInherited":true}],"ObjectIdentifier":"S-1-5-21-2039403211-964143010-2924010611-572","IsDeleted":false,"IsACLProtected":false},{"Properties":{"domain":"BLAZORIZED.HTB","name":"CERTIFICATE SERVICE DCOM ACCESS@BLAZORIZED.HTB","distinguishedname":"CN=CERTIFICATE SERVICE DCOM ACCESS,CN=BUILTIN,DC=BLAZORIZED,DC=HTB","domainsid":"S-1-5-21-2039403211-964143010-2924010611","highvalue":false,"samaccountname":"Certificate Service DCOM Access","description":"Members of this group are allowed to connect to Certification Authorities in the enterprise","whencreated":1704720625,"admincount":false},"Members":[],"Aces":[{"PrincipalSID":"BLAZORIZED.HTB-S-1-5-32-544","PrincipalType":"Group","RightName":"Owns","IsInherited":false},{"PrincipalSID":"BLAZORIZED.HTB-S-1-5-32-548","PrincipalType":"Group","RightName":"GenericAll","IsInherited":false},{"PrincipalSID":"S-1-5-21-2039403211-964143010-2924010611-512","PrincipalType":"Group","RightName":"GenericAll","IsInherited":false},{"PrincipalSID":"S-1-5-21-2039403211-964143010-2924010611-519","PrincipalType":"Group","RightName":"GenericAll","IsInherited":true},{"PrincipalSID":"BLAZORIZED.HTB-S-1-5-32-544","PrincipalType":"Group","RightName":"WriteDacl","IsInherited":true},{"PrincipalSID":"BLAZORIZED.HTB-S-1-5-32-544","PrincipalType":"Group","RightName":"WriteOwner","IsInherited":true},{"PrincipalSID":"BLAZORIZED.HTB-S-1-5-32-544","PrincipalType":"Group","RightName":"GenericWrite","IsInherited":true}],"ObjectIdentifier":"BLAZORIZED.HTB-S-1-5-32-574","IsDeleted":false,"IsACLProtected":false},{"Properties":{"domain":"BLAZORIZED.HTB","name":"EVENT LOG READERS@BLAZORIZED.HTB","distinguishedname":"CN=EVENT LOG READERS,CN=BUILTIN,DC=BLAZORIZED,DC=HTB","domainsid":"S-1-5-21-2039403211-964143010-2924010611","highvalue":false,"samaccountname":"Event Log Readers","description":"Members of this group can read event logs from local machine","whencreated":1704720625,"admincount":false},"Members":[],"Aces":[{"PrincipalSID":"BLAZORIZED.HTB-S-1-5-32-544","PrincipalType":"Group","RightName":"Owns","IsInherited":false},{"PrincipalSID":"BLAZORIZED.HTB-S-1-5-32-548","PrincipalType":"Group","RightName":"GenericAll","IsInherited":false},{"PrincipalSID":"S-1-5-21-2039403211-964143010-2924010611-512","PrincipalType":"Group","RightName":"GenericAll","IsInherited":false},{"PrincipalSID":"S-1-5-21-2039403211-964143010-2924010611-519","PrincipalType":"Group","RightName":"GenericAll","IsInherited":true},{"PrincipalSID":"BLAZORIZED.HTB-S-1-5-32-544","PrincipalType":"Group","RightName":"WriteDacl","IsInherited":true},{"PrincipalSID":"BLAZORIZED.HTB-S-1-5-32-544","PrincipalType":"Group","RightName":"WriteOwner","IsInherited":true},{"PrincipalSID":"BLAZORIZED.HTB-S-1-5-32-544","PrincipalType":"Group","RightName":"GenericWrite","IsInherited":true}],"ObjectIdentifier":"BLAZORIZED.HTB-S-1-5-32-573","IsDeleted":false,"IsACLProtected":false},{"Properties":{"domain":"BLAZORIZED.HTB","name":"RDS REMOTE ACCESS SERVERS@BLAZORIZED.HTB","distinguishedname":"CN=RDS REMOTE ACCESS SERVERS,CN=BUILTIN,DC=BLAZORIZED,DC=HTB","domainsid":"S-1-5-21-2039403211-964143010-2924010611","highvalue":false,"samaccountname":"RDS Remote Access Servers","description":"Servers in this group enable users of RemoteApp programs and personal virtual desktops access to these resources. In Internet-facing deployments, these servers are typically deployed in an edge network. This group needs to be populated on servers running RD Connection Broker. RD Gateway servers and RD Web Access servers used in the deployment need to be in this group.","whencreated":1704720625,"admincount":false},"Members":[],"Aces":[{"PrincipalSID":"BLAZORIZED.HTB-S-1-5-32-544","PrincipalType":"Group","RightName":"Owns","IsInherited":false},{"PrincipalSID":"BLAZORIZED.HTB-S-1-5-32-548","PrincipalType":"Group","RightName":"GenericAll","IsInherited":false},{"PrincipalSID":"S-1-5-21-2039403211-964143010-2924010611-512","PrincipalType":"Group","RightName":"GenericAll","IsInherited":false},{"PrincipalSID":"S-1-5-21-2039403211-964143010-2924010611-519","PrincipalType":"Group","RightName":"GenericAll","IsInherited":true},{"PrincipalSID":"BLAZORIZED.HTB-S-1-5-32-544","PrincipalType":"Group","RightName":"WriteDacl","IsInherited":true},{"PrincipalSID":"BLAZORIZED.HTB-S-1-5-32-544","PrincipalType":"Group","RightName":"WriteOwner","IsInherited":true},{"PrincipalSID":"BLAZORIZED.HTB-S-1-5-32-544","PrincipalType":"Group","RightName":"GenericWrite","IsInherited":true}],"ObjectIdentifier":"BLAZORIZED.HTB-S-1-5-32-575","IsDeleted":false,"IsACLProtected":false},{"Properties":{"domain":"BLAZORIZED.HTB","name":"RDS ENDPOINT SERVERS@BLAZORIZED.HTB","distinguishedname":"CN=RDS ENDPOINT SERVERS,CN=BUILTIN,DC=BLAZORIZED,DC=HTB","domainsid":"S-1-5-21-2039403211-964143010-2924010611","highvalue":false,"samaccountname":"RDS Endpoint Servers","description":"Servers in this group run virtual machines and host sessions where users RemoteApp programs and personal virtual desktops run. This group needs to be populated on servers running RD Connection Broker. RD Session Host servers and RD Virtualization Host servers used in the deployment need to be in this group.","whencreated":1704720625,"admincount":false},"Members":[],"Aces":[{"PrincipalSID":"BLAZORIZED.HTB-S-1-5-32-544","PrincipalType":"Group","RightName":"Owns","IsInherited":false},{"PrincipalSID":"BLAZORIZED.HTB-S-1-5-32-548","PrincipalType":"Group","RightName":"GenericAll","IsInherited":false},{"PrincipalSID":"S-1-5-21-2039403211-964143010-2924010611-512","PrincipalType":"Group","RightName":"GenericAll","IsInherited":false},{"PrincipalSID":"S-1-5-21-2039403211-964143010-2924010611-519","PrincipalType":"Group","RightName":"GenericAll","IsInherited":true},{"PrincipalSID":"BLAZORIZED.HTB-S-1-5-32-544","PrincipalType":"Group","RightName":"WriteDacl","IsInherited":true},{"PrincipalSID":"BLAZORIZED.HTB-S-1-5-32-544","PrincipalType":"Group","RightName":"WriteOwner","IsInherited":true},{"PrincipalSID":"BLAZORIZED.HTB-S-1-5-32-544","PrincipalType":"Group","RightName":"GenericWrite","IsInherited":true}],"ObjectIdentifier":"BLAZORIZED.HTB-S-1-5-32-576","IsDeleted":false,"IsACLProtected":false},{"Properties":{"domain":"BLAZORIZED.HTB","name":"RDS MANAGEMENT SERVERS@BLAZORIZED.HTB","distinguishedname":"CN=RDS MANAGEMENT SERVERS,CN=BUILTIN,DC=BLAZORIZED,DC=HTB","domainsid":"S-1-5-21-2039403211-964143010-2924010611","highvalue":false,"samaccountname":"RDS Management Servers","description":"Servers in this group can perform routine administrative actions on servers running Remote Desktop Services. This group needs to be populated on all servers in a Remote Desktop Services deployment. The servers running the RDS Central Management service must be included in this group.","whencreated":1704720625,"admincount":false},"Members":[],"Aces":[{"PrincipalSID":"BLAZORIZED.HTB-S-1-5-32-544","PrincipalType":"Group","RightName":"Owns","IsInherited":false},{"PrincipalSID":"BLAZORIZED.HTB-S-1-5-32-548","PrincipalType":"Group","RightName":"GenericAll","IsInherited":false},{"PrincipalSID":"S-1-5-21-2039403211-964143010-2924010611-512","PrincipalType":"Group","RightName":"GenericAll","IsInherited":false},{"PrincipalSID":"S-1-5-21-2039403211-964143010-2924010611-519","PrincipalType":"Group","RightName":"GenericAll","IsInherited":true},{"PrincipalSID":"BLAZORIZED.HTB-S-1-5-32-544","PrincipalType":"Group","RightName":"WriteDacl","IsInherited":true},{"PrincipalSID":"BLAZORIZED.HTB-S-1-5-32-544","PrincipalType":"Group","RightName":"WriteOwner","IsInherited":true},{"PrincipalSID":"BLAZORIZED.HTB-S-1-5-32-544","PrincipalType":"Group","RightName":"GenericWrite","IsInherited":true}],"ObjectIdentifier":"BLAZORIZED.HTB-S-1-5-32-577","IsDeleted":false,"IsACLProtected":false},{"Properties":{"domain":"BLAZORIZED.HTB","name":"STORAGE REPLICA ADMINISTRATORS@BLAZORIZED.HTB","distinguishedname":"CN=STORAGE REPLICA ADMINISTRATORS,CN=BUILTIN,DC=BLAZORIZED,DC=HTB","domainsid":"S-1-5-21-2039403211-964143010-2924010611","highvalue":false,"samaccountname":"Storage Replica Administrators","description":"Members of this group have complete and unrestricted access to all features of Storage Replica.","whencreated":1704720626,"admincount":false},"Members":[],"Aces":[{"PrincipalSID":"BLAZORIZED.HTB-S-1-5-32-544","PrincipalType":"Group","RightName":"Owns","IsInherited":false},{"PrincipalSID":"BLAZORIZED.HTB-S-1-5-32-548","PrincipalType":"Group","RightName":"GenericAll","IsInherited":false},{"PrincipalSID":"S-1-5-21-2039403211-964143010-2924010611-512","PrincipalType":"Group","RightName":"GenericAll","IsInherited":false},{"PrincipalSID":"S-1-5-21-2039403211-964143010-2924010611-519","PrincipalType":"Group","RightName":"GenericAll","IsInherited":true},{"PrincipalSID":"BLAZORIZED.HTB-S-1-5-32-544","PrincipalType":"Group","RightName":"WriteDacl","IsInherited":true},{"PrincipalSID":"BLAZORIZED.HTB-S-1-5-32-544","PrincipalType":"Group","RightName":"WriteOwner","IsInherited":true},{"PrincipalSID":"BLAZORIZED.HTB-S-1-5-32-544","PrincipalType":"Group","RightName":"GenericWrite","IsInherited":true}],"ObjectIdentifier":"BLAZORIZED.HTB-S-1-5-32-582","IsDeleted":false,"IsACLProtected":false},{"Properties":{"domain":"BLAZORIZED.HTB","name":"REMOTE DESKTOP USERS@BLAZORIZED.HTB","distinguishedname":"CN=REMOTE DESKTOP USERS,CN=BUILTIN,DC=BLAZORIZED,DC=HTB","domainsid":"S-1-5-21-2039403211-964143010-2924010611","highvalue":false,"samaccountname":"Remote Desktop Users","description":"Members in this group are granted the right to logon remotely","whencreated":1704720625,"admincount":false},"Members":[],"Aces":[{"PrincipalSID":"BLAZORIZED.HTB-S-1-5-32-544","PrincipalType":"Group","RightName":"Owns","IsInherited":false},{"PrincipalSID":"BLAZORIZED.HTB-S-1-5-32-548","PrincipalType":"Group","RightName":"GenericAll","IsInherited":false},{"PrincipalSID":"S-1-5-21-2039403211-964143010-2924010611-512","PrincipalType":"Group","RightName":"GenericAll","IsInherited":false},{"PrincipalSID":"S-1-5-21-2039403211-964143010-2924010611-519","PrincipalType":"Group","RightName":"GenericAll","IsInherited":true},{"PrincipalSID":"BLAZORIZED.HTB-S-1-5-32-544","PrincipalType":"Group","RightName":"WriteDacl","IsInherited":true},{"PrincipalSID":"BLAZORIZED.HTB-S-1-5-32-544","PrincipalType":"Group","RightName":"WriteOwner","IsInherited":true},{"PrincipalSID":"BLAZORIZED.HTB-S-1-5-32-544","PrincipalType":"Group","RightName":"GenericWrite","IsInherited":true}],"ObjectIdentifier":"BLAZORIZED.HTB-S-1-5-32-555","IsDeleted":false,"IsACLProtected":false},{"Properties":{"domain":"BLAZORIZED.HTB","name":"WINDOWS AUTHORIZATION ACCESS GROUP@BLAZORIZED.HTB","distinguishedname":"CN=WINDOWS AUTHORIZATION ACCESS GROUP,CN=BUILTIN,DC=BLAZORIZED,DC=HTB","domainsid":"S-1-5-21-2039403211-964143010-2924010611","highvalue":false,"samaccountname":"Windows Authorization Access Group","description":"Members of this group have access to the computed tokenGroupsGlobalAndUniversal attribute on User objects","whencreated":1704720684,"admincount":false},"Members":[{"ObjectIdentifier":"BLAZORIZED.HTB-S-1-5-9","ObjectType":"Group"}],"Aces":[{"PrincipalSID":"S-1-5-21-2039403211-964143010-2924010611-512","PrincipalType":"Group","RightName":"Owns","IsInherited":false},{"PrincipalSID":"BLAZORIZED.HTB-S-1-5-32-548","PrincipalType":"Group","RightName":"GenericAll","IsInherited":false},{"PrincipalSID":"S-1-5-21-2039403211-964143010-2924010611-512","PrincipalType":"Group","RightName":"GenericAll","IsInherited":false},{"PrincipalSID":"S-1-5-21-2039403211-964143010-2924010611-519","PrincipalType":"Group","RightName":"GenericAll","IsInherited":true},{"PrincipalSID":"BLAZORIZED.HTB-S-1-5-32-544","PrincipalType":"Group","RightName":"WriteDacl","IsInherited":true},{"PrincipalSID":"BLAZORIZED.HTB-S-1-5-32-544","PrincipalType":"Group","RightName":"WriteOwner","IsInherited":true},{"PrincipalSID":"BLAZORIZED.HTB-S-1-5-32-544","PrincipalType":"Group","RightName":"GenericWrite","IsInherited":true}],"ObjectIdentifier":"BLAZORIZED.HTB-S-1-5-32-560","IsDeleted":false,"IsACLProtected":false},{"Properties":{"domain":"BLAZORIZED.HTB","name":"ACCESS CONTROL ASSISTANCE OPERATORS@BLAZORIZED.HTB","distinguishedname":"CN=ACCESS CONTROL ASSISTANCE OPERATORS,CN=BUILTIN,DC=BLAZORIZED,DC=HTB","domainsid":"S-1-5-21-2039403211-964143010-2924010611","highvalue":false,"samaccountname":"Access Control Assistance Operators","description":"Members of this group can remotely query authorization attributes and permissions for resources on this computer.","whencreated":1704720626,"admincount":false},"Members":[],"Aces":[{"PrincipalSID":"BLAZORIZED.HTB-S-1-5-32-544","PrincipalType":"Group","RightName":"Owns","IsInherited":false},{"PrincipalSID":"BLAZORIZED.HTB-S-1-5-32-548","PrincipalType":"Group","RightName":"GenericAll","IsInherited":false},{"PrincipalSID":"S-1-5-21-2039403211-964143010-2924010611-512","PrincipalType":"Group","RightName":"GenericAll","IsInherited":false},{"PrincipalSID":"S-1-5-21-2039403211-964143010-2924010611-519","PrincipalType":"Group","RightName":"GenericAll","IsInherited":true},{"PrincipalSID":"BLAZORIZED.HTB-S-1-5-32-544","PrincipalType":"Group","RightName":"WriteDacl","IsInherited":true},{"PrincipalSID":"BLAZORIZED.HTB-S-1-5-32-544","PrincipalType":"Group","RightName":"WriteOwner","IsInherited":true},{"PrincipalSID":"BLAZORIZED.HTB-S-1-5-32-544","PrincipalType":"Group","RightName":"GenericWrite","IsInherited":true}],"ObjectIdentifier":"BLAZORIZED.HTB-S-1-5-32-579","IsDeleted":false,"IsACLProtected":false},{"Properties":{"domain":"BLAZORIZED.HTB","name":"DISTRIBUTED COM USERS@BLAZORIZED.HTB","distinguishedname":"CN=DISTRIBUTED COM USERS,CN=BUILTIN,DC=BLAZORIZED,DC=HTB","domainsid":"S-1-5-21-2039403211-964143010-2924010611","highvalue":false,"samaccountname":"Distributed COM Users","description":"Members are allowed to launch, activate and use Distributed COM objects on this machine.","whencreated":1704720625,"admincount":false},"Members":[],"Aces":[{"PrincipalSID":"BLAZORIZED.HTB-S-1-5-32-544","PrincipalType":"Group","RightName":"Owns","IsInherited":false},{"PrincipalSID":"BLAZORIZED.HTB-S-1-5-32-548","PrincipalType":"Group","RightName":"GenericAll","IsInherited":false},{"PrincipalSID":"S-1-5-21-2039403211-964143010-2924010611-512","PrincipalType":"Group","RightName":"GenericAll","IsInherited":false},{"PrincipalSID":"S-1-5-21-2039403211-964143010-2924010611-519","PrincipalType":"Group","RightName":"GenericAll","IsInherited":true},{"PrincipalSID":"BLAZORIZED.HTB-S-1-5-32-544","PrincipalType":"Group","RightName":"WriteDacl","IsInherited":true},{"PrincipalSID":"BLAZORIZED.HTB-S-1-5-32-544","PrincipalType":"Group","RightName":"WriteOwner","IsInherited":true},{"PrincipalSID":"BLAZORIZED.HTB-S-1-5-32-544","PrincipalType":"Group","RightName":"GenericWrite","IsInherited":true}],"ObjectIdentifier":"BLAZORIZED.HTB-S-1-5-32-562","IsDeleted":false,"IsACLProtected":false},{"Properties":{"domain":"BLAZORIZED.HTB","name":"SCHEMA ADMINS@BLAZORIZED.HTB","distinguishedname":"CN=SCHEMA ADMINS,CN=USERS,DC=BLAZORIZED,DC=HTB","domainsid":"S-1-5-21-2039403211-964143010-2924010611","highvalue":false,"samaccountname":"Schema Admins","description":"Designated administrators of the schema","whencreated":1704720684,"admincount":true},"Members":[{"ObjectIdentifier":"S-1-5-21-2039403211-964143010-2924010611-500","ObjectType":"User"}],"Aces":[{"PrincipalSID":"S-1-5-21-2039403211-964143010-2924010611-512","PrincipalType":"Group","RightName":"Owns","IsInherited":false},{"PrincipalSID":"BLAZORIZED.HTB-S-1-5-32-544","PrincipalType":"Group","RightName":"WriteDacl","IsInherited":false},{"PrincipalSID":"BLAZORIZED.HTB-S-1-5-32-544","PrincipalType":"Group","RightName":"WriteOwner","IsInherited":false},{"PrincipalSID":"BLAZORIZED.HTB-S-1-5-32-544","PrincipalType":"Group","RightName":"GenericWrite","IsInherited":false},{"PrincipalSID":"S-1-5-21-2039403211-964143010-2924010611-512","PrincipalType":"Group","RightName":"WriteDacl","IsInherited":false},{"PrincipalSID":"S-1-5-21-2039403211-964143010-2924010611-512","PrincipalType":"Group","RightName":"WriteOwner","IsInherited":false},{"PrincipalSID":"S-1-5-21-2039403211-964143010-2924010611-512","PrincipalType":"Group","RightName":"GenericWrite","IsInherited":false},{"PrincipalSID":"S-1-5-21-2039403211-964143010-2924010611-519","PrincipalType":"Group","RightName":"WriteDacl","IsInherited":false},{"PrincipalSID":"S-1-5-21-2039403211-964143010-2924010611-519","PrincipalType":"Group","RightName":"WriteOwner","IsInherited":false},{"PrincipalSID":"S-1-5-21-2039403211-964143010-2924010611-519","PrincipalType":"Group","RightName":"GenericWrite","IsInherited":false}],"ObjectIdentifier":"S-1-5-21-2039403211-964143010-2924010611-518","IsDeleted":false,"IsACLProtected":true},{"Properties":{"domain":"BLAZORIZED.HTB","name":"ENTERPRISE ADMINS@BLAZORIZED.HTB","distinguishedname":"CN=ENTERPRISE ADMINS,CN=USERS,DC=BLAZORIZED,DC=HTB","domainsid":"S-1-5-21-2039403211-964143010-2924010611","highvalue":true,"samaccountname":"Enterprise Admins","description":"Designated administrators of the enterprise","whencreated":1704720684,"admincount":true},"Members":[{"ObjectIdentifier":"S-1-5-21-2039403211-964143010-2924010611-500","ObjectType":"User"}],"Aces":[{"PrincipalSID":"S-1-5-21-2039403211-964143010-2924010611-512","PrincipalType":"Group","RightName":"Owns","IsInherited":false},{"PrincipalSID":"BLAZORIZED.HTB-S-1-5-32-544","PrincipalType":"Group","RightName":"WriteDacl","IsInherited":false},{"PrincipalSID":"BLAZORIZED.HTB-S-1-5-32-544","PrincipalType":"Group","RightName":"WriteOwner","IsInherited":false},{"PrincipalSID":"BLAZORIZED.HTB-S-1-5-32-544","PrincipalType":"Group","RightName":"GenericWrite","IsInherited":false},{"PrincipalSID":"S-1-5-21-2039403211-964143010-2924010611-512","PrincipalType":"Group","RightName":"WriteDacl","IsInherited":false},{"PrincipalSID":"S-1-5-21-2039403211-964143010-2924010611-512","PrincipalType":"Group","RightName":"WriteOwner","IsInherited":false},{"PrincipalSID":"S-1-5-21-2039403211-964143010-2924010611-512","PrincipalType":"Group","RightName":"GenericWrite","IsInherited":false},{"PrincipalSID":"S-1-5-21-2039403211-964143010-2924010611-519","PrincipalType":"Group","RightName":"WriteDacl","IsInherited":false},{"PrincipalSID":"S-1-5-21-2039403211-964143010-2924010611-519","PrincipalType":"Group","RightName":"WriteOwner","IsInherited":false},{"PrincipalSID":"S-1-5-21-2039403211-964143010-2924010611-519","PrincipalType":"Group","RightName":"GenericWrite","IsInherited":false}],"ObjectIdentifier":"S-1-5-21-2039403211-964143010-2924010611-519","IsDeleted":false,"IsACLProtected":true},{"Properties":{"domain":"BLAZORIZED.HTB","name":"DOMAIN ADMINS@BLAZORIZED.HTB","distinguishedname":"CN=DOMAIN ADMINS,CN=USERS,DC=BLAZORIZED,DC=HTB","domainsid":"S-1-5-21-2039403211-964143010-2924010611","highvalue":true,"samaccountname":"Domain Admins","description":"Designated administrators of the domain","whencreated":1704720684,"admincount":true},"Members":[{"ObjectIdentifier":"S-1-5-21-2039403211-964143010-2924010611-500","ObjectType":"User"}],"Aces":[{"PrincipalSID":"S-1-5-21-2039403211-964143010-2924010611-512","PrincipalType":"Group","RightName":"Owns","IsInherited":false},{"PrincipalSID":"BLAZORIZED.HTB-S-1-5-32-544","PrincipalType":"Group","RightName":"WriteDacl","IsInherited":false},{"PrincipalSID":"BLAZORIZED.HTB-S-1-5-32-544","PrincipalType":"Group","RightName":"WriteOwner","IsInherited":false},{"PrincipalSID":"BLAZORIZED.HTB-S-1-5-32-544","PrincipalType":"Group","RightName":"GenericWrite","IsInherited":false},{"PrincipalSID":"S-1-5-21-2039403211-964143010-2924010611-512","PrincipalType":"Group","RightName":"WriteDacl","IsInherited":false},{"PrincipalSID":"S-1-5-21-2039403211-964143010-2924010611-512","PrincipalType":"Group","RightName":"WriteOwner","IsInherited":false},{"PrincipalSID":"S-1-5-21-2039403211-964143010-2924010611-512","PrincipalType":"Group","RightName":"GenericWrite","IsInherited":false},{"PrincipalSID":"S-1-5-21-2039403211-964143010-2924010611-519","PrincipalType":"Group","RightName":"WriteDacl","IsInherited":false},{"PrincipalSID":"S-1-5-21-2039403211-964143010-2924010611-519","PrincipalType":"Group","RightName":"WriteOwner","IsInherited":false},{"PrincipalSID":"S-1-5-21-2039403211-964143010-2924010611-519","PrincipalType":"Group","RightName":"GenericWrite","IsInherited":false}],"ObjectIdentifier":"S-1-5-21-2039403211-964143010-2924010611-512","IsDeleted":false,"IsACLProtected":true},{"Properties":{"domain":"BLAZORIZED.HTB","name":"CERT PUBLISHERS@BLAZORIZED.HTB","distinguishedname":"CN=CERT PUBLISHERS,CN=USERS,DC=BLAZORIZED,DC=HTB","domainsid":"S-1-5-21-2039403211-964143010-2924010611","highvalue":false,"samaccountname":"Cert Publishers","description":"Members of this group are permitted to publish certificates to the directory","whencreated":1704720684,"admincount":false},"Members":[],"Aces":[{"PrincipalSID":"S-1-5-21-2039403211-964143010-2924010611-512","PrincipalType":"Group","RightName":"Owns","IsInherited":false},{"PrincipalSID":"BLAZORIZED.HTB-S-1-5-32-548","PrincipalType":"Group","RightName":"GenericAll","IsInherited":false},{"PrincipalSID":"S-1-5-21-2039403211-964143010-2924010611-512","PrincipalType":"Group","RightName":"GenericAll","IsInherited":false},{"PrincipalSID":"S-1-5-21-2039403211-964143010-2924010611-519","PrincipalType":"Group","RightName":"GenericAll","IsInherited":true},{"PrincipalSID":"BLAZORIZED.HTB-S-1-5-32-544","PrincipalType":"Group","RightName":"WriteDacl","IsInherited":true},{"PrincipalSID":"BLAZORIZED.HTB-S-1-5-32-544","PrincipalType":"Group","RightName":"WriteOwner","IsInherited":true},{"PrincipalSID":"BLAZORIZED.HTB-S-1-5-32-544","PrincipalType":"Group","RightName":"GenericWrite","IsInherited":true}],"ObjectIdentifier":"S-1-5-21-2039403211-964143010-2924010611-517","IsDeleted":false,"IsACLProtected":false},{"Properties":{"domain":"BLAZORIZED.HTB","name":"GROUP POLICY CREATOR OWNERS@BLAZORIZED.HTB","distinguishedname":"CN=GROUP POLICY CREATOR OWNERS,CN=USERS,DC=BLAZORIZED,DC=HTB","domainsid":"S-1-5-21-2039403211-964143010-2924010611","highvalue":false,"samaccountname":"Group Policy Creator Owners","description":"Members in this group can modify group policy for the domain","whencreated":1704720684,"admincount":false},"Members":[{"ObjectIdentifier":"S-1-5-21-2039403211-964143010-2924010611-500","ObjectType":"User"}],"Aces":[{"PrincipalSID":"S-1-5-21-2039403211-964143010-2924010611-512","PrincipalType":"Group","RightName":"Owns","IsInherited":false},{"PrincipalSID":"BLAZORIZED.HTB-S-1-5-32-548","PrincipalType":"Group","RightName":"GenericAll","IsInherited":false},{"PrincipalSID":"S-1-5-21-2039403211-964143010-2924010611-512","PrincipalType":"Group","RightName":"GenericAll","IsInherited":false},{"PrincipalSID":"S-1-5-21-2039403211-964143010-2924010611-519","PrincipalType":"Group","RightName":"GenericAll","IsInherited":true},{"PrincipalSID":"BLAZORIZED.HTB-S-1-5-32-544","PrincipalType":"Group","RightName":"WriteDacl","IsInherited":true},{"PrincipalSID":"BLAZORIZED.HTB-S-1-5-32-544","PrincipalType":"Group","RightName":"WriteOwner","IsInherited":true},{"PrincipalSID":"BLAZORIZED.HTB-S-1-5-32-544","PrincipalType":"Group","RightName":"GenericWrite","IsInherited":true}],"ObjectIdentifier":"S-1-5-21-2039403211-964143010-2924010611-520","IsDeleted":false,"IsACLProtected":false},{"Properties":{"domain":"BLAZORIZED.HTB","name":"HYPER-V ADMINISTRATORS@BLAZORIZED.HTB","distinguishedname":"CN=HYPER-V ADMINISTRATORS,CN=BUILTIN,DC=BLAZORIZED,DC=HTB","domainsid":"S-1-5-21-2039403211-964143010-2924010611","highvalue":false,"samaccountname":"Hyper-V Administrators","description":"Members of this group have complete and unrestricted access to all features of Hyper-V.","whencreated":1704720625,"admincount":false},"Members":[],"Aces":[{"PrincipalSID":"BLAZORIZED.HTB-S-1-5-32-544","PrincipalType":"Group","RightName":"Owns","IsInherited":false},{"PrincipalSID":"BLAZORIZED.HTB-S-1-5-32-548","PrincipalType":"Group","RightName":"GenericAll","IsInherited":false},{"PrincipalSID":"S-1-5-21-2039403211-964143010-2924010611-512","PrincipalType":"Group","RightName":"GenericAll","IsInherited":false},{"PrincipalSID":"S-1-5-21-2039403211-964143010-2924010611-519","PrincipalType":"Group","RightName":"GenericAll","IsInherited":true},{"PrincipalSID":"BLAZORIZED.HTB-S-1-5-32-544","PrincipalType":"Group","RightName":"WriteDacl","IsInherited":true},{"PrincipalSID":"BLAZORIZED.HTB-S-1-5-32-544","PrincipalType":"Group","RightName":"WriteOwner","IsInherited":true},{"PrincipalSID":"BLAZORIZED.HTB-S-1-5-32-544","PrincipalType":"Group","RightName":"GenericWrite","IsInherited":true}],"ObjectIdentifier":"BLAZORIZED.HTB-S-1-5-32-578","IsDeleted":false,"IsACLProtected":false},{"Properties":{"domain":"BLAZORIZED.HTB","name":"REPLICATORS@BLAZORIZED.HTB","distinguishedname":"CN=REPLICATOR,CN=BUILTIN,DC=BLAZORIZED,DC=HTB","domainsid":"S-1-5-21-2039403211-964143010-2924010611","highvalue":false,"samaccountname":"Replicator","description":"Supports file replication in a domain","whencreated":1704720625,"admincount":true},"Members":[],"Aces":[{"PrincipalSID":"S-1-5-21-2039403211-964143010-2924010611-512","PrincipalType":"Group","RightName":"Owns","IsInherited":false},{"PrincipalSID":"BLAZORIZED.HTB-S-1-5-32-544","PrincipalType":"Group","RightName":"WriteDacl","IsInherited":false},{"PrincipalSID":"BLAZORIZED.HTB-S-1-5-32-544","PrincipalType":"Group","RightName":"WriteOwner","IsInherited":false},{"PrincipalSID":"BLAZORIZED.HTB-S-1-5-32-544","PrincipalType":"Group","RightName":"GenericWrite","IsInherited":false},{"PrincipalSID":"S-1-5-21-2039403211-964143010-2924010611-512","PrincipalType":"Group","RightName":"WriteDacl","IsInherited":false},{"PrincipalSID":"S-1-5-21-2039403211-964143010-2924010611-512","PrincipalType":"Group","RightName":"WriteOwner","IsInherited":false},{"PrincipalSID":"S-1-5-21-2039403211-964143010-2924010611-512","PrincipalType":"Group","RightName":"GenericWrite","IsInherited":false},{"PrincipalSID":"S-1-5-21-2039403211-964143010-2924010611-519","PrincipalType":"Group","RightName":"WriteDacl","IsInherited":false},{"PrincipalSID":"S-1-5-21-2039403211-964143010-2924010611-519","PrincipalType":"Group","RightName":"WriteOwner","IsInherited":false},{"PrincipalSID":"S-1-5-21-2039403211-964143010-2924010611-519","PrincipalType":"Group","RightName":"GenericWrite","IsInherited":false}],"ObjectIdentifier":"BLAZORIZED.HTB-S-1-5-32-552","IsDeleted":false,"IsACLProtected":true},{"Properties":{"domain":"BLAZORIZED.HTB","name":"READ-ONLY DOMAIN CONTROLLERS@BLAZORIZED.HTB","distinguishedname":"CN=READ-ONLY DOMAIN CONTROLLERS,CN=USERS,DC=BLAZORIZED,DC=HTB","domainsid":"S-1-5-21-2039403211-964143010-2924010611","highvalue":false,"samaccountname":"Read-only Domain Controllers","description":"Members of this group are Read-Only Domain Controllers in the domain","whencreated":1704720684,"admincount":true},"Members":[],"Aces":[{"PrincipalSID":"S-1-5-21-2039403211-964143010-2924010611-512","PrincipalType":"Group","RightName":"Owns","IsInherited":false},{"PrincipalSID":"BLAZORIZED.HTB-S-1-5-32-544","PrincipalType":"Group","RightName":"WriteDacl","IsInherited":false},{"PrincipalSID":"BLAZORIZED.HTB-S-1-5-32-544","PrincipalType":"Group","RightName":"WriteOwner","IsInherited":false},{"PrincipalSID":"BLAZORIZED.HTB-S-1-5-32-544","PrincipalType":"Group","RightName":"GenericWrite","IsInherited":false},{"PrincipalSID":"S-1-5-21-2039403211-964143010-2924010611-512","PrincipalType":"Group","RightName":"WriteDacl","IsInherited":false},{"PrincipalSID":"S-1-5-21-2039403211-964143010-2924010611-512","PrincipalType":"Group","RightName":"WriteOwner","IsInherited":false},{"PrincipalSID":"S-1-5-21-2039403211-964143010-2924010611-512","PrincipalType":"Group","RightName":"GenericWrite","IsInherited":false},{"PrincipalSID":"S-1-5-21-2039403211-964143010-2924010611-519","PrincipalType":"Group","RightName":"WriteDacl","IsInherited":false},{"PrincipalSID":"S-1-5-21-2039403211-964143010-2924010611-519","PrincipalType":"Group","RightName":"WriteOwner","IsInherited":false},{"PrincipalSID":"S-1-5-21-2039403211-964143010-2924010611-519","PrincipalType":"Group","RightName":"GenericWrite","IsInherited":false}],"ObjectIdentifier":"S-1-5-21-2039403211-964143010-2924010611-521","IsDeleted":false,"IsACLProtected":true},{"Properties":{"domain":"BLAZORIZED.HTB","name":"KEY ADMINS@BLAZORIZED.HTB","distinguishedname":"CN=KEY ADMINS,CN=USERS,DC=BLAZORIZED,DC=HTB","domainsid":"S-1-5-21-2039403211-964143010-2924010611","highvalue":false,"samaccountname":"Key Admins","description":"Members of this group can perform administrative actions on key objects within the domain.","whencreated":1704720684,"admincount":true},"Members":[],"Aces":[{"PrincipalSID":"S-1-5-21-2039403211-964143010-2924010611-512","PrincipalType":"Group","RightName":"Owns","IsInherited":false},{"PrincipalSID":"BLAZORIZED.HTB-S-1-5-32-544","PrincipalType":"Group","RightName":"WriteDacl","IsInherited":false},{"PrincipalSID":"BLAZORIZED.HTB-S-1-5-32-544","PrincipalType":"Group","RightName":"WriteOwner","IsInherited":false},{"PrincipalSID":"BLAZORIZED.HTB-S-1-5-32-544","PrincipalType":"Group","RightName":"GenericWrite","IsInherited":false},{"PrincipalSID":"S-1-5-21-2039403211-964143010-2924010611-512","PrincipalType":"Group","RightName":"WriteDacl","IsInherited":false},{"PrincipalSID":"S-1-5-21-2039403211-964143010-2924010611-512","PrincipalType":"Group","RightName":"WriteOwner","IsInherited":false},{"PrincipalSID":"S-1-5-21-2039403211-964143010-2924010611-512","PrincipalType":"Group","RightName":"GenericWrite","IsInherited":false},{"PrincipalSID":"S-1-5-21-2039403211-964143010-2924010611-519","PrincipalType":"Group","RightName":"WriteDacl","IsInherited":false},{"PrincipalSID":"S-1-5-21-2039403211-964143010-2924010611-519","PrincipalType":"Group","RightName":"WriteOwner","IsInherited":false},{"PrincipalSID":"S-1-5-21-2039403211-964143010-2924010611-519","PrincipalType":"Group","RightName":"GenericWrite","IsInherited":false}],"ObjectIdentifier":"S-1-5-21-2039403211-964143010-2924010611-526","IsDeleted":false,"IsACLProtected":true},{"Properties":{"domain":"BLAZORIZED.HTB","name":"NETWORK CONFIGURATION OPERATORS@BLAZORIZED.HTB","distinguishedname":"CN=NETWORK CONFIGURATION OPERATORS,CN=BUILTIN,DC=BLAZORIZED,DC=HTB","domainsid":"S-1-5-21-2039403211-964143010-2924010611","highvalue":false,"samaccountname":"Network Configuration Operators","description":"Members in this group can have some administrative privileges to manage configuration of networking features","whencreated":1704720625,"admincount":false},"Members":[],"Aces":[{"PrincipalSID":"BLAZORIZED.HTB-S-1-5-32-544","PrincipalType":"Group","RightName":"Owns","IsInherited":false},{"PrincipalSID":"BLAZORIZED.HTB-S-1-5-32-548","PrincipalType":"Group","RightName":"GenericAll","IsInherited":false},{"PrincipalSID":"S-1-5-21-2039403211-964143010-2924010611-512","PrincipalType":"Group","RightName":"GenericAll","IsInherited":false},{"PrincipalSID":"S-1-5-21-2039403211-964143010-2924010611-519","PrincipalType":"Group","RightName":"GenericAll","IsInherited":true},{"PrincipalSID":"BLAZORIZED.HTB-S-1-5-32-544","PrincipalType":"Group","RightName":"WriteDacl","IsInherited":true},{"PrincipalSID":"BLAZORIZED.HTB-S-1-5-32-544","PrincipalType":"Group","RightName":"WriteOwner","IsInherited":true},{"PrincipalSID":"BLAZORIZED.HTB-S-1-5-32-544","PrincipalType":"Group","RightName":"GenericWrite","IsInherited":true}],"ObjectIdentifier":"BLAZORIZED.HTB-S-1-5-32-556","IsDeleted":false,"IsACLProtected":false},{"Properties":{"domain":"BLAZORIZED.HTB","name":"REMOTE_SUPPORT_ADMINISTRATORS@BLAZORIZED.HTB","distinguishedname":"CN=REMOTE_SUPPORT_ADMINISTRATORS,CN=USERS,DC=BLAZORIZED,DC=HTB","domainsid":"S-1-5-21-2039403211-964143010-2924010611","highvalue":false,"samaccountname":"Remote_Support_Administrators","description":null,"whencreated":1704863155,"admincount":false},"Members":[{"ObjectIdentifier":"S-1-5-21-2039403211-964143010-2924010611-1122","ObjectType":"User"},{"ObjectIdentifier":"S-1-5-21-2039403211-964143010-2924010611-1121","ObjectType":"User"},{"ObjectIdentifier":"S-1-5-21-2039403211-964143010-2924010611-1120","ObjectType":"User"},{"ObjectIdentifier":"S-1-5-21-2039403211-964143010-2924010611-1118","ObjectType":"User"},{"ObjectIdentifier":"S-1-5-21-2039403211-964143010-2924010611-1107","ObjectType":"User"}],"Aces":[{"PrincipalSID":"S-1-5-21-2039403211-964143010-2924010611-512","PrincipalType":"Group","RightName":"Owns","IsInherited":false},{"PrincipalSID":"BLAZORIZED.HTB-S-1-5-32-548","PrincipalType":"Group","RightName":"GenericAll","IsInherited":false},{"PrincipalSID":"S-1-5-21-2039403211-964143010-2924010611-512","PrincipalType":"Group","RightName":"GenericAll","IsInherited":false},{"PrincipalSID":"S-1-5-21-2039403211-964143010-2924010611-519","PrincipalType":"Group","RightName":"GenericAll","IsInherited":true},{"PrincipalSID":"BLAZORIZED.HTB-S-1-5-32-544","PrincipalType":"Group","RightName":"WriteDacl","IsInherited":true},{"PrincipalSID":"BLAZORIZED.HTB-S-1-5-32-544","PrincipalType":"Group","RightName":"WriteOwner","IsInherited":true},{"PrincipalSID":"BLAZORIZED.HTB-S-1-5-32-544","PrincipalType":"Group","RightName":"GenericWrite","IsInherited":true}],"ObjectIdentifier":"S-1-5-21-2039403211-964143010-2924010611-1115","IsDeleted":false,"IsACLProtected":false},{"Properties":{"domain":"BLAZORIZED.HTB","name":"LOCAL_SUPPORT_ADMINISTRATORS@BLAZORIZED.HTB","distinguishedname":"CN=LOCAL_SUPPORT_ADMINISTRATORS,CN=USERS,DC=BLAZORIZED,DC=HTB","domainsid":"S-1-5-21-2039403211-964143010-2924010611","highvalue":false,"samaccountname":"Local_Support_Administrators","description":null,"whencreated":1704863238,"admincount":false},"Members":[{"ObjectIdentifier":"S-1-5-21-2039403211-964143010-2924010611-1131","ObjectType":"User"},{"ObjectIdentifier":"S-1-5-21-2039403211-964143010-2924010611-1129","ObjectType":"User"},{"ObjectIdentifier":"S-1-5-21-2039403211-964143010-2924010611-1128","ObjectType":"User"}],"Aces":[{"PrincipalSID":"S-1-5-21-2039403211-964143010-2924010611-512","PrincipalType":"Group","RightName":"Owns","IsInherited":false},{"PrincipalSID":"BLAZORIZED.HTB-S-1-5-32-548","PrincipalType":"Group","RightName":"GenericAll","IsInherited":false},{"PrincipalSID":"S-1-5-21-2039403211-964143010-2924010611-512","PrincipalType":"Group","RightName":"GenericAll","IsInherited":false},{"PrincipalSID":"S-1-5-21-2039403211-964143010-2924010611-519","PrincipalType":"Group","RightName":"GenericAll","IsInherited":true},{"PrincipalSID":"BLAZORIZED.HTB-S-1-5-32-544","PrincipalType":"Group","RightName":"WriteDacl","IsInherited":true},{"PrincipalSID":"BLAZORIZED.HTB-S-1-5-32-544","PrincipalType":"Group","RightName":"WriteOwner","IsInherited":true},{"PrincipalSID":"BLAZORIZED.HTB-S-1-5-32-544","PrincipalType":"Group","RightName":"GenericWrite","IsInherited":true}],"ObjectIdentifier":"S-1-5-21-2039403211-964143010-2924010611-1116","IsDeleted":false,"IsACLProtected":false},{"Properties":{"domain":"BLAZORIZED.HTB","name":"SUPER_SUPPORT_ADMINISTRATORS@BLAZORIZED.HTB","distinguishedname":"CN=SUPER_SUPPORT_ADMINISTRATORS,CN=USERS,DC=BLAZORIZED,DC=HTB","domainsid":"S-1-5-21-2039403211-964143010-2924010611","highvalue":false,"samaccountname":"Super_Support_Administrators","description":null,"whencreated":1704875318,"admincount":false},"Members":[{"ObjectIdentifier":"S-1-5-21-2039403211-964143010-2924010611-1127","ObjectType":"User"},{"ObjectIdentifier":"S-1-5-21-2039403211-964143010-2924010611-1126","ObjectType":"User"},{"ObjectIdentifier":"S-1-5-21-2039403211-964143010-2924010611-1125","ObjectType":"User"},{"ObjectIdentifier":"S-1-5-21-2039403211-964143010-2924010611-1124","ObjectType":"User"}],"Aces":[{"PrincipalSID":"S-1-5-21-2039403211-964143010-2924010611-512","PrincipalType":"Group","RightName":"Owns","IsInherited":false},{"PrincipalSID":"BLAZORIZED.HTB-S-1-5-32-548","PrincipalType":"Group","RightName":"GenericAll","IsInherited":false},{"PrincipalSID":"S-1-5-21-2039403211-964143010-2924010611-512","PrincipalType":"Group","RightName":"GenericAll","IsInherited":false},{"PrincipalSID":"S-1-5-21-2039403211-964143010-2924010611-519","PrincipalType":"Group","RightName":"GenericAll","IsInherited":true},{"PrincipalSID":"BLAZORIZED.HTB-S-1-5-32-544","PrincipalType":"Group","RightName":"WriteDacl","IsInherited":true},{"PrincipalSID":"BLAZORIZED.HTB-S-1-5-32-544","PrincipalType":"Group","RightName":"WriteOwner","IsInherited":true},{"PrincipalSID":"BLAZORIZED.HTB-S-1-5-32-544","PrincipalType":"Group","RightName":"GenericWrite","IsInherited":true}],"ObjectIdentifier":"S-1-5-21-2039403211-964143010-2924010611-1123","IsDeleted":false,"IsACLProtected":false},{"Properties":{"domain":"BLAZORIZED.HTB","name":"NORMAL_USERS@BLAZORIZED.HTB","distinguishedname":"CN=NORMAL_USERS,CN=USERS,DC=BLAZORIZED,DC=HTB","domainsid":"S-1-5-21-2039403211-964143010-2924010611","highvalue":false,"samaccountname":"Normal_Users","description":null,"whencreated":1704926912,"admincount":false},"Members":[{"ObjectIdentifier":"S-1-5-21-2039403211-964143010-2924010611-1117","ObjectType":"User"},{"ObjectIdentifier":"S-1-5-21-2039403211-964143010-2924010611-1111","ObjectType":"User"},{"ObjectIdentifier":"S-1-5-21-2039403211-964143010-2924010611-1110","ObjectType":"User"},{"ObjectIdentifier":"S-1-5-21-2039403211-964143010-2924010611-1109","ObjectType":"User"}],"Aces":[{"PrincipalSID":"S-1-5-21-2039403211-964143010-2924010611-512","PrincipalType":"Group","RightName":"Owns","IsInherited":false},{"PrincipalSID":"BLAZORIZED.HTB-S-1-5-32-548","PrincipalType":"Group","RightName":"GenericAll","IsInherited":false},{"PrincipalSID":"S-1-5-21-2039403211-964143010-2924010611-512","PrincipalType":"Group","RightName":"GenericAll","IsInherited":false},{"PrincipalSID":"S-1-5-21-2039403211-964143010-2924010611-519","PrincipalType":"Group","RightName":"GenericAll","IsInherited":true},{"PrincipalSID":"BLAZORIZED.HTB-S-1-5-32-544","PrincipalType":"Group","RightName":"WriteDacl","IsInherited":true},{"PrincipalSID":"BLAZORIZED.HTB-S-1-5-32-544","PrincipalType":"Group","RightName":"WriteOwner","IsInherited":true},{"PrincipalSID":"BLAZORIZED.HTB-S-1-5-32-544","PrincipalType":"Group","RightName":"GenericWrite","IsInherited":true}],"ObjectIdentifier":"S-1-5-21-2039403211-964143010-2924010611-1133","IsDeleted":false,"IsACLProtected":false},{"Properties":{"domain":"BLAZORIZED.HTB","name":"ENTERPRISE READ-ONLY DOMAIN CONTROLLERS@BLAZORIZED.HTB","distinguishedname":"CN=ENTERPRISE READ-ONLY DOMAIN CONTROLLERS,CN=USERS,DC=BLAZORIZED,DC=HTB","domainsid":"S-1-5-21-2039403211-964143010-2924010611","highvalue":false,"samaccountname":"Enterprise Read-only Domain Controllers","description":"Members of this group are Read-Only Domain Controllers in the enterprise","whencreated":1704720684,"admincount":false},"Members":[],"Aces":[{"PrincipalSID":"S-1-5-21-2039403211-964143010-2924010611-512","PrincipalType":"Group","RightName":"Owns","IsInherited":false},{"PrincipalSID":"BLAZORIZED.HTB-S-1-5-32-548","PrincipalType":"Group","RightName":"GenericAll","IsInherited":false},{"PrincipalSID":"S-1-5-21-2039403211-964143010-2924010611-512","PrincipalType":"Group","RightName":"GenericAll","IsInherited":false},{"PrincipalSID":"S-1-5-21-2039403211-964143010-2924010611-519","PrincipalType":"Group","RightName":"GenericAll","IsInherited":true},{"PrincipalSID":"BLAZORIZED.HTB-S-1-5-32-544","PrincipalType":"Group","RightName":"WriteDacl","IsInherited":true},{"PrincipalSID":"BLAZORIZED.HTB-S-1-5-32-544","PrincipalType":"Group","RightName":"WriteOwner","IsInherited":true},{"PrincipalSID":"BLAZORIZED.HTB-S-1-5-32-544","PrincipalType":"Group","RightName":"GenericWrite","IsInherited":true}],"ObjectIdentifier":"S-1-5-21-2039403211-964143010-2924010611-498","IsDeleted":false,"IsACLProtected":false},{"Properties":{"domain":"BLAZORIZED.HTB","name":"RAS AND IAS SERVERS@BLAZORIZED.HTB","distinguishedname":"CN=RAS AND IAS SERVERS,CN=USERS,DC=BLAZORIZED,DC=HTB","domainsid":"S-1-5-21-2039403211-964143010-2924010611","highvalue":false,"samaccountname":"RAS and IAS Servers","description":"Servers in this group can access remote access properties of users","whencreated":1704720684,"admincount":false},"Members":[],"Aces":[{"PrincipalSID":"S-1-5-21-2039403211-964143010-2924010611-512","PrincipalType":"Group","RightName":"Owns","IsInherited":false},{"PrincipalSID":"BLAZORIZED.HTB-S-1-5-32-548","PrincipalType":"Group","RightName":"GenericAll","IsInherited":false},{"PrincipalSID":"S-1-5-21-2039403211-964143010-2924010611-512","PrincipalType":"Group","RightName":"GenericAll","IsInherited":false},{"PrincipalSID":"S-1-5-21-2039403211-964143010-2924010611-519","PrincipalType":"Group","RightName":"GenericAll","IsInherited":true},{"PrincipalSID":"BLAZORIZED.HTB-S-1-5-32-544","PrincipalType":"Group","RightName":"WriteDacl","IsInherited":true},{"PrincipalSID":"BLAZORIZED.HTB-S-1-5-32-544","PrincipalType":"Group","RightName":"WriteOwner","IsInherited":true},{"PrincipalSID":"BLAZORIZED.HTB-S-1-5-32-544","PrincipalType":"Group","RightName":"GenericWrite","IsInherited":true}],"ObjectIdentifier":"S-1-5-21-2039403211-964143010-2924010611-553","IsDeleted":false,"IsACLProtected":false},{"Properties":{"domain":"BLAZORIZED.HTB","name":"TERMINAL SERVER LICENSE SERVERS@BLAZORIZED.HTB","distinguishedname":"CN=TERMINAL SERVER LICENSE SERVERS,CN=BUILTIN,DC=BLAZORIZED,DC=HTB","domainsid":"S-1-5-21-2039403211-964143010-2924010611","highvalue":false,"samaccountname":"Terminal Server License Servers","description":"Members of this group can update user accounts in Active Directory with information about license issuance, for the purpose of tracking and reporting TS Per User CAL usage","whencreated":1704720684,"admincount":false},"Members":[],"Aces":[{"PrincipalSID":"S-1-5-21-2039403211-964143010-2924010611-512","PrincipalType":"Group","RightName":"Owns","IsInherited":false},{"PrincipalSID":"BLAZORIZED.HTB-S-1-5-32-548","PrincipalType":"Group","RightName":"GenericAll","IsInherited":false},{"PrincipalSID":"S-1-5-21-2039403211-964143010-2924010611-512","PrincipalType":"Group","RightName":"GenericAll","IsInherited":false},{"PrincipalSID":"S-1-5-21-2039403211-964143010-2924010611-519","PrincipalType":"Group","RightName":"GenericAll","IsInherited":true},{"PrincipalSID":"BLAZORIZED.HTB-S-1-5-32-544","PrincipalType":"Group","RightName":"WriteDacl","IsInherited":true},{"PrincipalSID":"BLAZORIZED.HTB-S-1-5-32-544","PrincipalType":"Group","RightName":"WriteOwner","IsInherited":true},{"PrincipalSID":"BLAZORIZED.HTB-S-1-5-32-544","PrincipalType":"Group","RightName":"GenericWrite","IsInherited":true}],"ObjectIdentifier":"BLAZORIZED.HTB-S-1-5-32-561","IsDeleted":false,"IsACLProtected":false},{"Properties":{"domain":"BLAZORIZED.HTB","name":"PRINT OPERATORS@BLAZORIZED.HTB","distinguishedname":"CN=PRINT OPERATORS,CN=BUILTIN,DC=BLAZORIZED,DC=HTB","domainsid":"S-1-5-21-2039403211-964143010-2924010611","highvalue":true,"samaccountname":"Print Operators","description":"Members can administer printers installed on domain controllers","whencreated":1704720625,"admincount":true},"Members":[],"Aces":[{"PrincipalSID":"S-1-5-21-2039403211-964143010-2924010611-512","PrincipalType":"Group","RightName":"Owns","IsInherited":false},{"PrincipalSID":"BLAZORIZED.HTB-S-1-5-32-544","PrincipalType":"Group","RightName":"WriteDacl","IsInherited":false},{"PrincipalSID":"BLAZORIZED.HTB-S-1-5-32-544","PrincipalType":"Group","RightName":"WriteOwner","IsInherited":false},{"PrincipalSID":"BLAZORIZED.HTB-S-1-5-32-544","PrincipalType":"Group","RightName":"GenericWrite","IsInherited":false},{"PrincipalSID":"S-1-5-21-2039403211-964143010-2924010611-512","PrincipalType":"Group","RightName":"WriteDacl","IsInherited":false},{"PrincipalSID":"S-1-5-21-2039403211-964143010-2924010611-512","PrincipalType":"Group","RightName":"WriteOwner","IsInherited":false},{"PrincipalSID":"S-1-5-21-2039403211-964143010-2924010611-512","PrincipalType":"Group","RightName":"GenericWrite","IsInherited":false},{"PrincipalSID":"S-1-5-21-2039403211-964143010-2924010611-519","PrincipalType":"Group","RightName":"WriteDacl","IsInherited":false},{"PrincipalSID":"S-1-5-21-2039403211-964143010-2924010611-519","PrincipalType":"Group","RightName":"WriteOwner","IsInherited":false},{"PrincipalSID":"S-1-5-21-2039403211-964143010-2924010611-519","PrincipalType":"Group","RightName":"GenericWrite","IsInherited":false}],"ObjectIdentifier":"BLAZORIZED.HTB-S-1-5-32-550","IsDeleted":false,"IsACLProtected":true},{"Properties":{"domain":"BLAZORIZED.HTB","name":"SERVER OPERATORS@BLAZORIZED.HTB","distinguishedname":"CN=SERVER OPERATORS,CN=BUILTIN,DC=BLAZORIZED,DC=HTB","domainsid":"S-1-5-21-2039403211-964143010-2924010611","highvalue":true,"samaccountname":"Server Operators","description":"Members can administer domain servers","whencreated":1704720684,"admincount":true},"Members":[],"Aces":[{"PrincipalSID":"S-1-5-21-2039403211-964143010-2924010611-512","PrincipalType":"Group","RightName":"Owns","IsInherited":false},{"PrincipalSID":"BLAZORIZED.HTB-S-1-5-32-544","PrincipalType":"Group","RightName":"WriteDacl","IsInherited":false},{"PrincipalSID":"BLAZORIZED.HTB-S-1-5-32-544","PrincipalType":"Group","RightName":"WriteOwner","IsInherited":false},{"PrincipalSID":"BLAZORIZED.HTB-S-1-5-32-544","PrincipalType":"Group","RightName":"GenericWrite","IsInherited":false},{"PrincipalSID":"S-1-5-21-2039403211-964143010-2924010611-512","PrincipalType":"Group","RightName":"WriteDacl","IsInherited":false},{"PrincipalSID":"S-1-5-21-2039403211-964143010-2924010611-512","PrincipalType":"Group","RightName":"WriteOwner","IsInherited":false},{"PrincipalSID":"S-1-5-21-2039403211-964143010-2924010611-512","PrincipalType":"Group","RightName":"GenericWrite","IsInherited":false},{"PrincipalSID":"S-1-5-21-2039403211-964143010-2924010611-519","PrincipalType":"Group","RightName":"WriteDacl","IsInherited":false},{"PrincipalSID":"S-1-5-21-2039403211-964143010-2924010611-519","PrincipalType":"Group","RightName":"WriteOwner","IsInherited":false},{"PrincipalSID":"S-1-5-21-2039403211-964143010-2924010611-519","PrincipalType":"Group","RightName":"GenericWrite","IsInherited":false}],"ObjectIdentifier":"BLAZORIZED.HTB-S-1-5-32-549","IsDeleted":false,"IsACLProtected":true},{"Properties":{"domain":"BLAZORIZED.HTB","name":"BACKUP OPERATORS@BLAZORIZED.HTB","distinguishedname":"CN=BACKUP OPERATORS,CN=BUILTIN,DC=BLAZORIZED,DC=HTB","domainsid":"S-1-5-21-2039403211-964143010-2924010611","highvalue":true,"samaccountname":"Backup Operators","description":"Backup Operators can override security restrictions for the sole purpose of backing up or restoring files","whencreated":1704720625,"admincount":true},"Members":[],"Aces":[{"PrincipalSID":"S-1-5-21-2039403211-964143010-2924010611-512","PrincipalType":"Group","RightName":"Owns","IsInherited":false},{"PrincipalSID":"BLAZORIZED.HTB-S-1-5-32-544","PrincipalType":"Group","RightName":"WriteDacl","IsInherited":false},{"PrincipalSID":"BLAZORIZED.HTB-S-1-5-32-544","PrincipalType":"Group","RightName":"WriteOwner","IsInherited":false},{"PrincipalSID":"BLAZORIZED.HTB-S-1-5-32-544","PrincipalType":"Group","RightName":"GenericWrite","IsInherited":false},{"PrincipalSID":"S-1-5-21-2039403211-964143010-2924010611-512","PrincipalType":"Group","RightName":"WriteDacl","IsInherited":false},{"PrincipalSID":"S-1-5-21-2039403211-964143010-2924010611-512","PrincipalType":"Group","RightName":"WriteOwner","IsInherited":false},{"PrincipalSID":"S-1-5-21-2039403211-964143010-2924010611-512","PrincipalType":"Group","RightName":"GenericWrite","IsInherited":false},{"PrincipalSID":"S-1-5-21-2039403211-964143010-2924010611-519","PrincipalType":"Group","RightName":"WriteDacl","IsInherited":false},{"PrincipalSID":"S-1-5-21-2039403211-964143010-2924010611-519","PrincipalType":"Group","RightName":"WriteOwner","IsInherited":false},{"PrincipalSID":"S-1-5-21-2039403211-964143010-2924010611-519","PrincipalType":"Group","RightName":"GenericWrite","IsInherited":false}],"ObjectIdentifier":"BLAZORIZED.HTB-S-1-5-32-551","IsDeleted":false,"IsACLProtected":true},{"Properties":{"domain":"BLAZORIZED.HTB","name":"PERFORMANCE MONITOR USERS@BLAZORIZED.HTB","distinguishedname":"CN=PERFORMANCE MONITOR USERS,CN=BUILTIN,DC=BLAZORIZED,DC=HTB","domainsid":"S-1-5-21-2039403211-964143010-2924010611","highvalue":false,"samaccountname":"Performance Monitor Users","description":"Members of this group can access performance counter data locally and remotely","whencreated":1704720625,"admincount":false},"Members":[],"Aces":[{"PrincipalSID":"BLAZORIZED.HTB-S-1-5-32-544","PrincipalType":"Group","RightName":"Owns","IsInherited":false},{"PrincipalSID":"BLAZORIZED.HTB-S-1-5-32-548","PrincipalType":"Group","RightName":"GenericAll","IsInherited":false},{"PrincipalSID":"S-1-5-21-2039403211-964143010-2924010611-512","PrincipalType":"Group","RightName":"GenericAll","IsInherited":false},{"PrincipalSID":"S-1-5-21-2039403211-964143010-2924010611-519","PrincipalType":"Group","RightName":"GenericAll","IsInherited":true},{"PrincipalSID":"BLAZORIZED.HTB-S-1-5-32-544","PrincipalType":"Group","RightName":"WriteDacl","IsInherited":true},{"PrincipalSID":"BLAZORIZED.HTB-S-1-5-32-544","PrincipalType":"Group","RightName":"WriteOwner","IsInherited":true},{"PrincipalSID":"BLAZORIZED.HTB-S-1-5-32-544","PrincipalType":"Group","RightName":"GenericWrite","IsInherited":true}],"ObjectIdentifier":"BLAZORIZED.HTB-S-1-5-32-558","IsDeleted":false,"IsACLProtected":false},{"Properties":{"domain":"BLAZORIZED.HTB","name":"PERFORMANCE LOG USERS@BLAZORIZED.HTB","distinguishedname":"CN=PERFORMANCE LOG USERS,CN=BUILTIN,DC=BLAZORIZED,DC=HTB","domainsid":"S-1-5-21-2039403211-964143010-2924010611","highvalue":false,"samaccountname":"Performance Log Users","description":"Members of this group may schedule logging of performance counters, enable trace providers, and collect event traces both locally and via remote access to this computer","whencreated":1704720625,"admincount":false},"Members":[],"Aces":[{"PrincipalSID":"BLAZORIZED.HTB-S-1-5-32-544","PrincipalType":"Group","RightName":"Owns","IsInherited":false},{"PrincipalSID":"BLAZORIZED.HTB-S-1-5-32-548","PrincipalType":"Group","RightName":"GenericAll","IsInherited":false},{"PrincipalSID":"S-1-5-21-2039403211-964143010-2924010611-512","PrincipalType":"Group","RightName":"GenericAll","IsInherited":false},{"PrincipalSID":"S-1-5-21-2039403211-964143010-2924010611-519","PrincipalType":"Group","RightName":"GenericAll","IsInherited":true},{"PrincipalSID":"BLAZORIZED.HTB-S-1-5-32-544","PrincipalType":"Group","RightName":"WriteDacl","IsInherited":true},{"PrincipalSID":"BLAZORIZED.HTB-S-1-5-32-544","PrincipalType":"Group","RightName":"WriteOwner","IsInherited":true},{"PrincipalSID":"BLAZORIZED.HTB-S-1-5-32-544","PrincipalType":"Group","RightName":"GenericWrite","IsInherited":true}],"ObjectIdentifier":"BLAZORIZED.HTB-S-1-5-32-559","IsDeleted":false,"IsACLProtected":false},{"Properties":{"domain":"BLAZORIZED.HTB","name":"DOMAIN USERS@BLAZORIZED.HTB","distinguishedname":"CN=DOMAIN USERS,CN=USERS,DC=BLAZORIZED,DC=HTB","domainsid":"S-1-5-21-2039403211-964143010-2924010611","highvalue":false,"samaccountname":"Domain Users","description":"All domain users","whencreated":1704720684,"admincount":false},"Members":[],"Aces":[{"PrincipalSID":"S-1-5-21-2039403211-964143010-2924010611-512","PrincipalType":"Group","RightName":"Owns","IsInherited":false},{"PrincipalSID":"BLAZORIZED.HTB-S-1-5-32-548","PrincipalType":"Group","RightName":"GenericAll","IsInherited":false},{"PrincipalSID":"S-1-5-21-2039403211-964143010-2924010611-512","PrincipalType":"Group","RightName":"GenericAll","IsInherited":false},{"PrincipalSID":"S-1-5-21-2039403211-964143010-2924010611-519","PrincipalType":"Group","RightName":"GenericAll","IsInherited":true},{"PrincipalSID":"BLAZORIZED.HTB-S-1-5-32-544","PrincipalType":"Group","RightName":"WriteDacl","IsInherited":true},{"PrincipalSID":"BLAZORIZED.HTB-S-1-5-32-544","PrincipalType":"Group","RightName":"WriteOwner","IsInherited":true},{"PrincipalSID":"BLAZORIZED.HTB-S-1-5-32-544","PrincipalType":"Group","RightName":"GenericWrite","IsInherited":true}],"ObjectIdentifier":"S-1-5-21-2039403211-964143010-2924010611-513","IsDeleted":false,"IsACLProtected":false},{"Properties":{"domain":"BLAZORIZED.HTB","name":"CRYPTOGRAPHIC OPERATORS@BLAZORIZED.HTB","distinguishedname":"CN=CRYPTOGRAPHIC OPERATORS,CN=BUILTIN,DC=BLAZORIZED,DC=HTB","domainsid":"S-1-5-21-2039403211-964143010-2924010611","highvalue":false,"samaccountname":"Cryptographic Operators","description":"Members are authorized to perform cryptographic operations.","whencreated":1704720625,"admincount":false},"Members":[],"Aces":[{"PrincipalSID":"BLAZORIZED.HTB-S-1-5-32-544","PrincipalType":"Group","RightName":"Owns","IsInherited":false},{"PrincipalSID":"BLAZORIZED.HTB-S-1-5-32-548","PrincipalType":"Group","RightName":"GenericAll","IsInherited":false},{"PrincipalSID":"S-1-5-21-2039403211-964143010-2924010611-512","PrincipalType":"Group","RightName":"GenericAll","IsInherited":false},{"PrincipalSID":"S-1-5-21-2039403211-964143010-2924010611-519","PrincipalType":"Group","RightName":"GenericAll","IsInherited":true},{"PrincipalSID":"BLAZORIZED.HTB-S-1-5-32-544","PrincipalType":"Group","RightName":"WriteDacl","IsInherited":true},{"PrincipalSID":"BLAZORIZED.HTB-S-1-5-32-544","PrincipalType":"Group","RightName":"WriteOwner","IsInherited":true},{"PrincipalSID":"BLAZORIZED.HTB-S-1-5-32-544","PrincipalType":"Group","RightName":"GenericWrite","IsInherited":true}],"ObjectIdentifier":"BLAZORIZED.HTB-S-1-5-32-569","IsDeleted":false,"IsACLProtected":false},{"Properties":{"domain":"BLAZORIZED.HTB","name":"ACCOUNT OPERATORS@BLAZORIZED.HTB","distinguishedname":"CN=ACCOUNT OPERATORS,CN=BUILTIN,DC=BLAZORIZED,DC=HTB","domainsid":"S-1-5-21-2039403211-964143010-2924010611","highvalue":true,"samaccountname":"Account Operators","description":"Members can administer domain user and group accounts","whencreated":1704720684,"admincount":true},"Members":[],"Aces":[{"PrincipalSID":"S-1-5-21-2039403211-964143010-2924010611-512","PrincipalType":"Group","RightName":"Owns","IsInherited":false},{"PrincipalSID":"BLAZORIZED.HTB-S-1-5-32-544","PrincipalType":"Group","RightName":"WriteDacl","IsInherited":false},{"PrincipalSID":"BLAZORIZED.HTB-S-1-5-32-544","PrincipalType":"Group","RightName":"WriteOwner","IsInherited":false},{"PrincipalSID":"BLAZORIZED.HTB-S-1-5-32-544","PrincipalType":"Group","RightName":"GenericWrite","IsInherited":false},{"PrincipalSID":"S-1-5-21-2039403211-964143010-2924010611-512","PrincipalType":"Group","RightName":"WriteDacl","IsInherited":false},{"PrincipalSID":"S-1-5-21-2039403211-964143010-2924010611-512","PrincipalType":"Group","RightName":"WriteOwner","IsInherited":false},{"PrincipalSID":"S-1-5-21-2039403211-964143010-2924010611-512","PrincipalType":"Group","RightName":"GenericWrite","IsInherited":false},{"PrincipalSID":"S-1-5-21-2039403211-964143010-2924010611-519","PrincipalType":"Group","RightName":"WriteDacl","IsInherited":false},{"PrincipalSID":"S-1-5-21-2039403211-964143010-2924010611-519","PrincipalType":"Group","RightName":"WriteOwner","IsInherited":false},{"PrincipalSID":"S-1-5-21-2039403211-964143010-2924010611-519","PrincipalType":"Group","RightName":"GenericWrite","IsInherited":false}],"ObjectIdentifier":"BLAZORIZED.HTB-S-1-5-32-548","IsDeleted":false,"IsACLProtected":true},{"Properties":{"domain":"BLAZORIZED.HTB","name":"PRE-WINDOWS 2000 COMPATIBLE ACCESS@BLAZORIZED.HTB","distinguishedname":"CN=PRE-WINDOWS 2000 COMPATIBLE ACCESS,CN=BUILTIN,DC=BLAZORIZED,DC=HTB","domainsid":"S-1-5-21-2039403211-964143010-2924010611","highvalue":false,"samaccountname":"Pre-Windows 2000 Compatible Access","description":"A backward compatibility group which allows read access on all users and groups in the domain","whencreated":1704720684,"admincount":false},"Members":[{"ObjectIdentifier":"BLAZORIZED.HTB-S-1-5-11","ObjectType":"Group"}],"Aces":[{"PrincipalSID":"S-1-5-21-2039403211-964143010-2924010611-512","PrincipalType":"Group","RightName":"Owns","IsInherited":false},{"PrincipalSID":"BLAZORIZED.HTB-S-1-5-32-548","PrincipalType":"Group","RightName":"GenericAll","IsInherited":false},{"PrincipalSID":"S-1-5-21-2039403211-964143010-2924010611-512","PrincipalType":"Group","RightName":"GenericAll","IsInherited":false},{"PrincipalSID":"S-1-5-21-2039403211-964143010-2924010611-519","PrincipalType":"Group","RightName":"GenericAll","IsInherited":true},{"PrincipalSID":"BLAZORIZED.HTB-S-1-5-32-544","PrincipalType":"Group","RightName":"WriteDacl","IsInherited":true},{"PrincipalSID":"BLAZORIZED.HTB-S-1-5-32-544","PrincipalType":"Group","RightName":"WriteOwner","IsInherited":true},{"PrincipalSID":"BLAZORIZED.HTB-S-1-5-32-544","PrincipalType":"Group","RightName":"GenericWrite","IsInherited":true}],"ObjectIdentifier":"BLAZORIZED.HTB-S-1-5-32-554","IsDeleted":false,"IsACLProtected":false},{"Properties":{"domain":"BLAZORIZED.HTB","name":"INCOMING FOREST TRUST BUILDERS@BLAZORIZED.HTB","distinguishedname":"CN=INCOMING FOREST TRUST BUILDERS,CN=BUILTIN,DC=BLAZORIZED,DC=HTB","domainsid":"S-1-5-21-2039403211-964143010-2924010611","highvalue":false,"samaccountname":"Incoming Forest Trust Builders","description":"Members of this group can create incoming, one-way trusts to this forest","whencreated":1704720684,"admincount":false},"Members":[],"Aces":[{"PrincipalSID":"S-1-5-21-2039403211-964143010-2924010611-512","PrincipalType":"Group","RightName":"Owns","IsInherited":false},{"PrincipalSID":"BLAZORIZED.HTB-S-1-5-32-548","PrincipalType":"Group","RightName":"GenericAll","IsInherited":false},{"PrincipalSID":"S-1-5-21-2039403211-964143010-2924010611-512","PrincipalType":"Group","RightName":"GenericAll","IsInherited":false},{"PrincipalSID":"S-1-5-21-2039403211-964143010-2924010611-519","PrincipalType":"Group","RightName":"GenericAll","IsInherited":true},{"PrincipalSID":"BLAZORIZED.HTB-S-1-5-32-544","PrincipalType":"Group","RightName":"WriteDacl","IsInherited":true},{"PrincipalSID":"BLAZORIZED.HTB-S-1-5-32-544","PrincipalType":"Group","RightName":"WriteOwner","IsInherited":true},{"PrincipalSID":"BLAZORIZED.HTB-S-1-5-32-544","PrincipalType":"Group","RightName":"GenericWrite","IsInherited":true}],"ObjectIdentifier":"BLAZORIZED.HTB-S-1-5-32-557","IsDeleted":false,"IsACLProtected":false},{"Properties":{"domain":"BLAZORIZED.HTB","name":"ALLOWED RODC PASSWORD REPLICATION GROUP@BLAZORIZED.HTB","distinguishedname":"CN=ALLOWED RODC PASSWORD REPLICATION GROUP,CN=USERS,DC=BLAZORIZED,DC=HTB","domainsid":"S-1-5-21-2039403211-964143010-2924010611","highvalue":false,"samaccountname":"Allowed RODC Password Replication Group","description":"Members in this group can have their passwords replicated to all read-only domain controllers in the domain","whencreated":1704720684,"admincount":false},"Members":[],"Aces":[{"PrincipalSID":"S-1-5-21-2039403211-964143010-2924010611-512","PrincipalType":"Group","RightName":"Owns","IsInherited":false},{"PrincipalSID":"BLAZORIZED.HTB-S-1-5-32-548","PrincipalType":"Group","RightName":"GenericAll","IsInherited":false},{"PrincipalSID":"S-1-5-21-2039403211-964143010-2924010611-512","PrincipalType":"Group","RightName":"GenericAll","IsInherited":false},{"PrincipalSID":"S-1-5-21-2039403211-964143010-2924010611-519","PrincipalType":"Group","RightName":"GenericAll","IsInherited":true},{"PrincipalSID":"BLAZORIZED.HTB-S-1-5-32-544","PrincipalType":"Group","RightName":"WriteDacl","IsInherited":true},{"PrincipalSID":"BLAZORIZED.HTB-S-1-5-32-544","PrincipalType":"Group","RightName":"WriteOwner","IsInherited":true},{"PrincipalSID":"BLAZORIZED.HTB-S-1-5-32-544","PrincipalType":"Group","RightName":"GenericWrite","IsInherited":true}],"ObjectIdentifier":"S-1-5-21-2039403211-964143010-2924010611-571","IsDeleted":false,"IsACLProtected":false},{"Properties":{"domain":"BLAZORIZED.HTB","name":"DNSADMINS@BLAZORIZED.HTB","distinguishedname":"CN=DNSADMINS,CN=USERS,DC=BLAZORIZED,DC=HTB","domainsid":"S-1-5-21-2039403211-964143010-2924010611","highvalue":false,"samaccountname":"DnsAdmins","description":"DNS Administrators Group","whencreated":1704720724,"admincount":false},"Members":[],"Aces":[{"PrincipalSID":"BLAZORIZED.HTB-S-1-5-32-548","PrincipalType":"Group","RightName":"GenericAll","IsInherited":false},{"PrincipalSID":"S-1-5-21-2039403211-964143010-2924010611-512","PrincipalType":"Group","RightName":"GenericAll","IsInherited":false},{"PrincipalSID":"S-1-5-21-2039403211-964143010-2924010611-519","PrincipalType":"Group","RightName":"GenericAll","IsInherited":true},{"PrincipalSID":"BLAZORIZED.HTB-S-1-5-32-544","PrincipalType":"Group","RightName":"WriteDacl","IsInherited":true},{"PrincipalSID":"BLAZORIZED.HTB-S-1-5-32-544","PrincipalType":"Group","RightName":"WriteOwner","IsInherited":true},{"PrincipalSID":"BLAZORIZED.HTB-S-1-5-32-544","PrincipalType":"Group","RightName":"GenericWrite","IsInherited":true}],"ObjectIdentifier":"S-1-5-21-2039403211-964143010-2924010611-1103","IsDeleted":false,"IsACLProtected":false},{"Properties":{"domain":"BLAZORIZED.HTB","name":"SQLSERVER2005SQLBROWSERUSER$DC1@BLAZORIZED.HTB","distinguishedname":"CN=SQLSERVER2005SQLBROWSERUSER$DC1,CN=USERS,DC=BLAZORIZED,DC=HTB","domainsid":"S-1-5-21-2039403211-964143010-2924010611","highvalue":false,"samaccountname":"SQLServer2005SQLBrowserUser$DC1","description":"Members in the group have the required access and privileges to be assigned as the log on account for the associated instance of SQL Server Browser.","whencreated":1705492746,"admincount":false},"Members":[],"Aces":[{"PrincipalSID":"S-1-5-21-2039403211-964143010-2924010611-512","PrincipalType":"Group","RightName":"Owns","IsInherited":false},{"PrincipalSID":"BLAZORIZED.HTB-S-1-5-32-548","PrincipalType":"Group","RightName":"GenericAll","IsInherited":false},{"PrincipalSID":"S-1-5-21-2039403211-964143010-2924010611-512","PrincipalType":"Group","RightName":"GenericAll","IsInherited":false},{"PrincipalSID":"S-1-5-21-2039403211-964143010-2924010611-519","PrincipalType":"Group","RightName":"GenericAll","IsInherited":true},{"PrincipalSID":"BLAZORIZED.HTB-S-1-5-32-544","PrincipalType":"Group","RightName":"WriteDacl","IsInherited":true},{"PrincipalSID":"BLAZORIZED.HTB-S-1-5-32-544","PrincipalType":"Group","RightName":"WriteOwner","IsInherited":true},{"PrincipalSID":"BLAZORIZED.HTB-S-1-5-32-544","PrincipalType":"Group","RightName":"GenericWrite","IsInherited":true}],"ObjectIdentifier":"S-1-5-21-2039403211-964143010-2924010611-1134","IsDeleted":false,"IsACLProtected":false},{"Properties":{"domain":"BLAZORIZED.HTB","name":"DOMAIN COMPUTERS@BLAZORIZED.HTB","distinguishedname":"CN=DOMAIN COMPUTERS,CN=USERS,DC=BLAZORIZED,DC=HTB","domainsid":"S-1-5-21-2039403211-964143010-2924010611","highvalue":false,"samaccountname":"Domain Computers","description":"All workstations and servers joined to the domain","whencreated":1704720684,"admincount":false},"Members":[],"Aces":[{"PrincipalSID":"S-1-5-21-2039403211-964143010-2924010611-512","PrincipalType":"Group","RightName":"Owns","IsInherited":false},{"PrincipalSID":"BLAZORIZED.HTB-S-1-5-32-548","PrincipalType":"Group","RightName":"GenericAll","IsInherited":false},{"PrincipalSID":"S-1-5-21-2039403211-964143010-2924010611-512","PrincipalType":"Group","RightName":"GenericAll","IsInherited":false},{"PrincipalSID":"S-1-5-21-2039403211-964143010-2924010611-519","PrincipalType":"Group","RightName":"GenericAll","IsInherited":true},{"PrincipalSID":"BLAZORIZED.HTB-S-1-5-32-544","PrincipalType":"Group","RightName":"WriteDacl","IsInherited":true},{"PrincipalSID":"BLAZORIZED.HTB-S-1-5-32-544","PrincipalType":"Group","RightName":"WriteOwner","IsInherited":true},{"PrincipalSID":"BLAZORIZED.HTB-S-1-5-32-544","PrincipalType":"Group","RightName":"GenericWrite","IsInherited":true}],"ObjectIdentifier":"S-1-5-21-2039403211-964143010-2924010611-515","IsDeleted":false,"IsACLProtected":false},{"Properties":{"domain":"BLAZORIZED.HTB","name":"DOMAIN CONTROLLERS@BLAZORIZED.HTB","distinguishedname":"CN=DOMAIN CONTROLLERS,CN=USERS,DC=BLAZORIZED,DC=HTB","domainsid":"S-1-5-21-2039403211-964143010-2924010611","highvalue":true,"samaccountname":"Domain Controllers","description":"All domain controllers in the domain","whencreated":1704720684,"admincount":true},"Members":[],"Aces":[{"PrincipalSID":"S-1-5-21-2039403211-964143010-2924010611-512","PrincipalType":"Group","RightName":"Owns","IsInherited":false},{"PrincipalSID":"BLAZORIZED.HTB-S-1-5-32-544","PrincipalType":"Group","RightName":"WriteDacl","IsInherited":false},{"PrincipalSID":"BLAZORIZED.HTB-S-1-5-32-544","PrincipalType":"Group","RightName":"WriteOwner","IsInherited":false},{"PrincipalSID":"BLAZORIZED.HTB-S-1-5-32-544","PrincipalType":"Group","RightName":"GenericWrite","IsInherited":false},{"PrincipalSID":"S-1-5-21-2039403211-964143010-2924010611-512","PrincipalType":"Group","RightName":"WriteDacl","IsInherited":false},{"PrincipalSID":"S-1-5-21-2039403211-964143010-2924010611-512","PrincipalType":"Group","RightName":"WriteOwner","IsInherited":false},{"PrincipalSID":"S-1-5-21-2039403211-964143010-2924010611-512","PrincipalType":"Group","RightName":"GenericWrite","IsInherited":false},{"PrincipalSID":"S-1-5-21-2039403211-964143010-2924010611-519","PrincipalType":"Group","RightName":"WriteDacl","IsInherited":false},{"PrincipalSID":"S-1-5-21-2039403211-964143010-2924010611-519","PrincipalType":"Group","RightName":"WriteOwner","IsInherited":false},{"PrincipalSID":"S-1-5-21-2039403211-964143010-2924010611-519","PrincipalType":"Group","RightName":"GenericWrite","IsInherited":false}],"ObjectIdentifier":"S-1-5-21-2039403211-964143010-2924010611-516","IsDeleted":false,"IsACLProtected":true},{"Properties":{"domain":"BLAZORIZED.HTB","name":"DOMAIN GUESTS@BLAZORIZED.HTB","distinguishedname":"CN=DOMAIN GUESTS,CN=USERS,DC=BLAZORIZED,DC=HTB","domainsid":"S-1-5-21-2039403211-964143010-2924010611","highvalue":false,"samaccountname":"Domain Guests","description":"All domain guests","whencreated":1704720684,"admincount":false},"Members":[],"Aces":[{"PrincipalSID":"S-1-5-21-2039403211-964143010-2924010611-512","PrincipalType":"Group","RightName":"Owns","IsInherited":false},{"PrincipalSID":"BLAZORIZED.HTB-S-1-5-32-548","PrincipalType":"Group","RightName":"GenericAll","IsInherited":false},{"PrincipalSID":"S-1-5-21-2039403211-964143010-2924010611-512","PrincipalType":"Group","RightName":"GenericAll","IsInherited":false},{"PrincipalSID":"S-1-5-21-2039403211-964143010-2924010611-519","PrincipalType":"Group","RightName":"GenericAll","IsInherited":true},{"PrincipalSID":"BLAZORIZED.HTB-S-1-5-32-544","PrincipalType":"Group","RightName":"WriteDacl","IsInherited":true},{"PrincipalSID":"BLAZORIZED.HTB-S-1-5-32-544","PrincipalType":"Group","RightName":"WriteOwner","IsInherited":true},{"PrincipalSID":"BLAZORIZED.HTB-S-1-5-32-544","PrincipalType":"Group","RightName":"GenericWrite","IsInherited":true}],"ObjectIdentifier":"S-1-5-21-2039403211-964143010-2924010611-514","IsDeleted":false,"IsACLProtected":false},{"Properties":{"domain":"BLAZORIZED.HTB","name":"CLONEABLE DOMAIN CONTROLLERS@BLAZORIZED.HTB","distinguishedname":"CN=CLONEABLE DOMAIN CONTROLLERS,CN=USERS,DC=BLAZORIZED,DC=HTB","domainsid":"S-1-5-21-2039403211-964143010-2924010611","highvalue":false,"samaccountname":"Cloneable Domain Controllers","description":"Members of this group that are domain controllers may be cloned.","whencreated":1704720684,"admincount":false},"Members":[],"Aces":[{"PrincipalSID":"S-1-5-21-2039403211-964143010-2924010611-512","PrincipalType":"Group","RightName":"Owns","IsInherited":false},{"PrincipalSID":"BLAZORIZED.HTB-S-1-5-32-548","PrincipalType":"Group","RightName":"GenericAll","IsInherited":false},{"PrincipalSID":"S-1-5-21-2039403211-964143010-2924010611-512","PrincipalType":"Group","RightName":"GenericAll","IsInherited":false},{"PrincipalSID":"S-1-5-21-2039403211-964143010-2924010611-519","PrincipalType":"Group","RightName":"GenericAll","IsInherited":true},{"PrincipalSID":"BLAZORIZED.HTB-S-1-5-32-544","PrincipalType":"Group","RightName":"WriteDacl","IsInherited":true},{"PrincipalSID":"BLAZORIZED.HTB-S-1-5-32-544","PrincipalType":"Group","RightName":"WriteOwner","IsInherited":true},{"PrincipalSID":"BLAZORIZED.HTB-S-1-5-32-544","PrincipalType":"Group","RightName":"GenericWrite","IsInherited":true}],"ObjectIdentifier":"S-1-5-21-2039403211-964143010-2924010611-522","IsDeleted":false,"IsACLProtected":false},{"Properties":{"domain":"BLAZORIZED.HTB","name":"PROTECTED USERS@BLAZORIZED.HTB","distinguishedname":"CN=PROTECTED USERS,CN=USERS,DC=BLAZORIZED,DC=HTB","domainsid":"S-1-5-21-2039403211-964143010-2924010611","highvalue":false,"samaccountname":"Protected Users","description":"Members of this group are afforded additional protections against authentication security threats. See http://go.microsoft.com/fwlink/?LinkId=298939 for more information.","whencreated":1704720684,"admincount":false},"Members":[],"Aces":[{"PrincipalSID":"S-1-5-21-2039403211-964143010-2924010611-512","PrincipalType":"Group","RightName":"Owns","IsInherited":false},{"PrincipalSID":"BLAZORIZED.HTB-S-1-5-32-548","PrincipalType":"Group","RightName":"GenericAll","IsInherited":false},{"PrincipalSID":"S-1-5-21-2039403211-964143010-2924010611-512","PrincipalType":"Group","RightName":"GenericAll","IsInherited":false},{"PrincipalSID":"S-1-5-21-2039403211-964143010-2924010611-519","PrincipalType":"Group","RightName":"GenericAll","IsInherited":true},{"PrincipalSID":"BLAZORIZED.HTB-S-1-5-32-544","PrincipalType":"Group","RightName":"WriteDacl","IsInherited":true},{"PrincipalSID":"BLAZORIZED.HTB-S-1-5-32-544","PrincipalType":"Group","RightName":"WriteOwner","IsInherited":true},{"PrincipalSID":"BLAZORIZED.HTB-S-1-5-32-544","PrincipalType":"Group","RightName":"GenericWrite","IsInherited":true}],"ObjectIdentifier":"S-1-5-21-2039403211-964143010-2924010611-525","IsDeleted":false,"IsACLProtected":false},{"Properties":{"domain":"BLAZORIZED.HTB","name":"ENTERPRISE KEY ADMINS@BLAZORIZED.HTB","distinguishedname":"CN=ENTERPRISE KEY ADMINS,CN=USERS,DC=BLAZORIZED,DC=HTB","domainsid":"S-1-5-21-2039403211-964143010-2924010611","highvalue":false,"samaccountname":"Enterprise Key Admins","description":"Members of this group can perform administrative actions on key objects within the forest.","whencreated":1704720684,"admincount":true},"Members":[],"Aces":[{"PrincipalSID":"S-1-5-21-2039403211-964143010-2924010611-512","PrincipalType":"Group","RightName":"Owns","IsInherited":false},{"PrincipalSID":"BLAZORIZED.HTB-S-1-5-32-544","PrincipalType":"Group","RightName":"WriteDacl","IsInherited":false},{"PrincipalSID":"BLAZORIZED.HTB-S-1-5-32-544","PrincipalType":"Group","RightName":"WriteOwner","IsInherited":false},{"PrincipalSID":"BLAZORIZED.HTB-S-1-5-32-544","PrincipalType":"Group","RightName":"GenericWrite","IsInherited":false},{"PrincipalSID":"S-1-5-21-2039403211-964143010-2924010611-512","PrincipalType":"Group","RightName":"WriteDacl","IsInherited":false},{"PrincipalSID":"S-1-5-21-2039403211-964143010-2924010611-512","PrincipalType":"Group","RightName":"WriteOwner","IsInherited":false},{"PrincipalSID":"S-1-5-21-2039403211-964143010-2924010611-512","PrincipalType":"Group","RightName":"GenericWrite","IsInherited":false},{"PrincipalSID":"S-1-5-21-2039403211-964143010-2924010611-519","PrincipalType":"Group","RightName":"WriteDacl","IsInherited":false},{"PrincipalSID":"S-1-5-21-2039403211-964143010-2924010611-519","PrincipalType":"Group","RightName":"WriteOwner","IsInherited":false},{"PrincipalSID":"S-1-5-21-2039403211-964143010-2924010611-519","PrincipalType":"Group","RightName":"GenericWrite","IsInherited":false}],"ObjectIdentifier":"S-1-5-21-2039403211-964143010-2924010611-527","IsDeleted":false,"IsACLProtected":true},{"Properties":{"domain":"BLAZORIZED.HTB","name":"DNSUPDATEPROXY@BLAZORIZED.HTB","distinguishedname":"CN=DNSUPDATEPROXY,CN=USERS,DC=BLAZORIZED,DC=HTB","domainsid":"S-1-5-21-2039403211-964143010-2924010611","highvalue":false,"samaccountname":"DnsUpdateProxy","description":"DNS clients who are permitted to perform dynamic updates on behalf of some other clients (such as DHCP servers).","whencreated":1704720724,"admincount":false},"Members":[],"Aces":[{"PrincipalSID":"BLAZORIZED.HTB-S-1-5-32-548","PrincipalType":"Group","RightName":"GenericAll","IsInherited":false},{"PrincipalSID":"S-1-5-21-2039403211-964143010-2924010611-512","PrincipalType":"Group","RightName":"GenericAll","IsInherited":false},{"PrincipalSID":"S-1-5-21-2039403211-964143010-2924010611-519","PrincipalType":"Group","RightName":"GenericAll","IsInherited":true},{"PrincipalSID":"BLAZORIZED.HTB-S-1-5-32-544","PrincipalType":"Group","RightName":"WriteDacl","IsInherited":true},{"PrincipalSID":"BLAZORIZED.HTB-S-1-5-32-544","PrincipalType":"Group","RightName":"WriteOwner","IsInherited":true},{"PrincipalSID":"BLAZORIZED.HTB-S-1-5-32-544","PrincipalType":"Group","RightName":"GenericWrite","IsInherited":true}],"ObjectIdentifier":"S-1-5-21-2039403211-964143010-2924010611-1104","IsDeleted":false,"IsACLProtected":false},{"Properties":{"domain":"BLAZORIZED.HTB","name":"USERS@BLAZORIZED.HTB","distinguishedname":"CN=USERS,CN=BUILTIN,DC=BLAZORIZED,DC=HTB","domainsid":"S-1-5-21-2039403211-964143010-2924010611","highvalue":false,"samaccountname":"Users","description":"Users are prevented from making accidental or intentional system-wide changes and can run most applications","whencreated":1704720625,"admincount":false},"Members":[{"ObjectIdentifier":"S-1-5-21-2039403211-964143010-2924010611-513","ObjectType":"Group"},{"ObjectIdentifier":"BLAZORIZED.HTB-S-1-5-11","ObjectType":"Group"},{"ObjectIdentifier":"BLAZORIZED.HTB-S-1-5-4","ObjectType":"Group"}],"Aces":[{"PrincipalSID":"BLAZORIZED.HTB-S-1-5-32-544","PrincipalType":"Group","RightName":"Owns","IsInherited":false},{"PrincipalSID":"BLAZORIZED.HTB-S-1-5-32-548","PrincipalType":"Group","RightName":"GenericAll","IsInherited":false},{"PrincipalSID":"S-1-5-21-2039403211-964143010-2924010611-512","PrincipalType":"Group","RightName":"GenericAll","IsInherited":false},{"PrincipalSID":"S-1-5-21-2039403211-964143010-2924010611-519","PrincipalType":"Group","RightName":"GenericAll","IsInherited":true},{"PrincipalSID":"BLAZORIZED.HTB-S-1-5-32-544","PrincipalType":"Group","RightName":"WriteDacl","IsInherited":true},{"PrincipalSID":"BLAZORIZED.HTB-S-1-5-32-544","PrincipalType":"Group","RightName":"WriteOwner","IsInherited":true},{"PrincipalSID":"BLAZORIZED.HTB-S-1-5-32-544","PrincipalType":"Group","RightName":"GenericWrite","IsInherited":true}],"ObjectIdentifier":"BLAZORIZED.HTB-S-1-5-32-545","IsDeleted":false,"IsACLProtected":false},{"Properties":{"name":"INCOMING FOREST TRUST BUILDERS@BLAZORIZED.HTB","domainsid":"S-1-5-21-2039403211-964143010-2924010611","domain":"BLAZORIZED.HTB"},"Members":[],"Aces":[],"ObjectIdentifier":"BLAZORIZED.HTB-S-1-5-32-557","IsDeleted":false,"IsACLProtected":false},{"Properties":{"name":"ADMINISTRATORS@BLAZORIZED.HTB","domainsid":"S-1-5-21-2039403211-964143010-2924010611","domain":"BLAZORIZED.HTB"},"Members":[],"Aces":[],"ObjectIdentifier":"BLAZORIZED.HTB-S-1-5-32-544","IsDeleted":false,"IsACLProtected":false},{"Properties":{"name":"ENTERPRISE DOMAIN CONTROLLERS@BLAZORIZED.HTB","domainsid":"S-1-5-21-2039403211-964143010-2924010611","domain":"BLAZORIZED.HTB"},"Members":[],"Aces":[],"ObjectIdentifier":"BLAZORIZED.HTB-S-1-5-9","IsDeleted":false,"IsACLProtected":false},{"Properties":{"name":"WINDOWS AUTHORIZATION ACCESS GROUP@BLAZORIZED.HTB","domainsid":"S-1-5-21-2039403211-964143010-2924010611","domain":"BLAZORIZED.HTB"},"Members":[],"Aces":[],"ObjectIdentifier":"BLAZORIZED.HTB-S-1-5-32-560","IsDeleted":false,"IsACLProtected":false},{"Properties":{"name":"INTERACTIVE@BLAZORIZED.HTB","domainsid":"S-1-5-21-2039403211-964143010-2924010611","domain":"BLAZORIZED.HTB"},"Members":[],"Aces":[],"ObjectIdentifier":"BLAZORIZED.HTB-S-1-5-4","IsDeleted":false,"IsACLProtected":false},{"Properties":{"name":"TERMINAL SERVER LICENSE SERVERS@BLAZORIZED.HTB","domainsid":"S-1-5-21-2039403211-964143010-2924010611","domain":"BLAZORIZED.HTB"},"Members":[],"Aces":[],"ObjectIdentifier":"BLAZORIZED.HTB-S-1-5-32-561","IsDeleted":false,"IsACLProtected":false},{"Properties":{"name":"AUTHENTICATED USERS@BLAZORIZED.HTB","domainsid":"S-1-5-21-2039403211-964143010-2924010611","domain":"BLAZORIZED.HTB"},"Members":[],"Aces":[],"ObjectIdentifier":"BLAZORIZED.HTB-S-1-5-11","IsDeleted":false,"IsACLProtected":false},{"Properties":{"name":"PRINT OPERATORS@BLAZORIZED.HTB","domainsid":"S-1-5-21-2039403211-964143010-2924010611","domain":"BLAZORIZED.HTB"},"Members":[],"Aces":[],"ObjectIdentifier":"BLAZORIZED.HTB-S-1-5-32-550","IsDeleted":false,"IsACLProtected":false},{"Properties":{"name":"ACCOUNT OPERATORS@BLAZORIZED.HTB","domainsid":"S-1-5-21-2039403211-964143010-2924010611","domain":"BLAZORIZED.HTB"},"Members":[],"Aces":[],"ObjectIdentifier":"BLAZORIZED.HTB-S-1-5-32-548","IsDeleted":false,"IsACLProtected":false},{"Properties":{"name":"EVERYONE@BLAZORIZED.HTB","domainsid":"S-1-5-21-2039403211-964143010-2924010611","domain":"BLAZORIZED.HTB"},"Members":[],"Aces":[],"ObjectIdentifier":"BLAZORIZED.HTB-S-1-1-0","IsDeleted":false,"IsACLProtected":false},{"Properties":{"name":"PRE-WINDOWS 2000 COMPATIBLE ACCESS@BLAZORIZED.HTB","domainsid":"S-1-5-21-2039403211-964143010-2924010611","domain":"BLAZORIZED.HTB"},"Members":[],"Aces":[],"ObjectIdentifier":"BLAZORIZED.HTB-S-1-5-32-554","IsDeleted":false,"IsACLProtected":false},{"Properties":{"name":"ENTERPRISE DOMAIN CONTROLLERS@BLAZORIZED.HTB","domainsid":"S-1-5-21-2039403211-964143010-2924010611","domain":"blazorized.htb"},"Members":[{"ObjectIdentifier":"S-1-5-21-2039403211-964143010-2924010611-1002","ObjectType":"Computer"}],"Aces":[],"ObjectIdentifier":"BLAZORIZED.HTB-S-1-5-9","IsDeleted":false,"IsACLProtected":false}],"meta":{"methods":29695,"type":"groups","count":65,"version":5}}