﻿{"data":[{"Properties":{"domain":"BLAZORIZED.HTB","name":"WMIPOLICY@BLAZORIZED.HTB","distinguishedname":"CN=WMIPOLICY,CN=SYSTEM,DC=BLAZORIZED,DC=HTB","domainsid":"S-1-5-21-2039403211-964143010-2924010611","highvalue":false},"ChildObjects":[],"Aces":[{"PrincipalSID":"S-1-5-21-2039403211-964143010-2924010611-512","PrincipalType":"Group","RightName":"Owns","IsInherited":false},{"PrincipalSID":"S-1-5-21-2039403211-964143010-2924010611-512","PrincipalType":"Group","RightName":"GenericAll","IsInherited":false},{"PrincipalSID":"S-1-5-21-2039403211-964143010-2924010611-519","PrincipalType":"Group","RightName":"GenericAll","IsInherited":false}],"ObjectIdentifier":"CF56ED74-B4CC-4208-BA3D-C8DA6A8F0496","IsDeleted":false,"IsACLProtected":true},{"Properties":{"domain":"BLAZORIZED.HTB","name":"USERS@BLAZORIZED.HTB","distinguishedname":"CN=USERS,DC=BLAZORIZED,DC=HTB","domainsid":"S-1-5-21-2039403211-964143010-2924010611","highvalue":false},"ChildObjects":[{"ObjectIdentifier":"S-1-5-21-2039403211-964143010-2924010611-500","ObjectType":"User"},{"ObjectIdentifier":"S-1-5-21-2039403211-964143010-2924010611-571","ObjectType":"Group"},{"ObjectIdentifier":"S-1-5-21-2039403211-964143010-2924010611-517","ObjectType":"Group"},{"ObjectIdentifier":"S-1-5-21-2039403211-964143010-2924010611-522","ObjectType":"Group"},{"ObjectIdentifier":"S-1-5-21-2039403211-964143010-2924010611-572","ObjectType":"Group"},{"ObjectIdentifier":"S-1-5-21-2039403211-964143010-2924010611-1103","ObjectType":"Group"},{"ObjectIdentifier":"S-1-5-21-2039403211-964143010-2924010611-1104","ObjectType":"Group"},{"ObjectIdentifier":"S-1-5-21-2039403211-964143010-2924010611-512","ObjectType":"Group"},{"ObjectIdentifier":"S-1-5-21-2039403211-964143010-2924010611-515","ObjectType":"Group"},{"ObjectIdentifier":"S-1-5-21-2039403211-964143010-2924010611-516","ObjectType":"Group"},{"ObjectIdentifier":"S-1-5-21-2039403211-964143010-2924010611-514","ObjectType":"Group"},{"ObjectIdentifier":"S-1-5-21-2039403211-964143010-2924010611-513","ObjectType":"Group"},{"ObjectIdentifier":"S-1-5-21-2039403211-964143010-2924010611-519","ObjectType":"Group"},{"ObjectIdentifier":"S-1-5-21-2039403211-964143010-2924010611-527","ObjectType":"Group"},{"ObjectIdentifier":"S-1-5-21-2039403211-964143010-2924010611-498","ObjectType":"Group"},{"ObjectIdentifier":"S-1-5-21-2039403211-964143010-2924010611-520","ObjectType":"Group"},{"ObjectIdentifier":"S-1-5-21-2039403211-964143010-2924010611-501","ObjectType":"User"},{"ObjectIdentifier":"S-1-5-21-2039403211-964143010-2924010611-526","ObjectType":"Group"},{"ObjectIdentifier":"S-1-5-21-2039403211-964143010-2924010611-502","ObjectType":"User"},{"ObjectIdentifier":"S-1-5-21-2039403211-964143010-2924010611-1116","ObjectType":"Group"},{"ObjectIdentifier":"S-1-5-21-2039403211-964143010-2924010611-1128","ObjectType":"User"},{"ObjectIdentifier":"S-1-5-21-2039403211-964143010-2924010611-1129","ObjectType":"User"},{"ObjectIdentifier":"S-1-5-21-2039403211-964143010-2924010611-1131","ObjectType":"User"},{"ObjectIdentifier":"S-1-5-21-2039403211-964143010-2924010611-1133","ObjectType":"Group"},{"ObjectIdentifier":"S-1-5-21-2039403211-964143010-2924010611-1117","ObjectType":"User"},{"ObjectIdentifier":"S-1-5-21-2039403211-964143010-2924010611-1109","ObjectType":"User"},{"ObjectIdentifier":"S-1-5-21-2039403211-964143010-2924010611-1110","ObjectType":"User"},{"ObjectIdentifier":"S-1-5-21-2039403211-964143010-2924010611-1111","ObjectType":"User"},{"ObjectIdentifier":"S-1-5-21-2039403211-964143010-2924010611-525","ObjectType":"Group"},{"ObjectIdentifier":"S-1-5-21-2039403211-964143010-2924010611-553","ObjectType":"Group"},{"ObjectIdentifier":"S-1-5-21-2039403211-964143010-2924010611-521","ObjectType":"Group"},{"ObjectIdentifier":"S-1-5-21-2039403211-964143010-2924010611-1115","ObjectType":"Group"},{"ObjectIdentifier":"S-1-5-21-2039403211-964143010-2924010611-1107","ObjectType":"User"},{"ObjectIdentifier":"S-1-5-21-2039403211-964143010-2924010611-1118","ObjectType":"User"},{"ObjectIdentifier":"S-1-5-21-2039403211-964143010-2924010611-1120","ObjectType":"User"},{"ObjectIdentifier":"S-1-5-21-2039403211-964143010-2924010611-1121","ObjectType":"User"},{"ObjectIdentifier":"S-1-5-21-2039403211-964143010-2924010611-1122","ObjectType":"User"},{"ObjectIdentifier":"S-1-5-21-2039403211-964143010-2924010611-518","ObjectType":"Group"},{"ObjectIdentifier":"S-1-5-21-2039403211-964143010-2924010611-1134","ObjectType":"Group"},{"ObjectIdentifier":"S-1-5-21-2039403211-964143010-2924010611-1124","ObjectType":"User"},{"ObjectIdentifier":"S-1-5-21-2039403211-964143010-2924010611-1125","ObjectType":"User"},{"ObjectIdentifier":"S-1-5-21-2039403211-964143010-2924010611-1126","ObjectType":"User"},{"ObjectIdentifier":"S-1-5-21-2039403211-964143010-2924010611-1127","ObjectType":"User"},{"ObjectIdentifier":"S-1-5-21-2039403211-964143010-2924010611-1123","ObjectType":"Group"}],"Aces":[{"PrincipalSID":"S-1-5-21-2039403211-964143010-2924010611-512","PrincipalType":"Group","RightName":"Owns","IsInherited":false},{"PrincipalSID":"S-1-5-21-2039403211-964143010-2924010611-512","PrincipalType":"Group","RightName":"WriteDacl","IsInherited":false},{"PrincipalSID":"S-1-5-21-2039403211-964143010-2924010611-512","PrincipalType":"Group","RightName":"WriteOwner","IsInherited":false},{"PrincipalSID":"S-1-5-21-2039403211-964143010-2924010611-519","PrincipalType":"Group","RightName":"GenericAll","IsInherited":true},{"PrincipalSID":"BLAZORIZED.HTB-S-1-5-32-544","PrincipalType":"Group","RightName":"WriteDacl","IsInherited":true},{"PrincipalSID":"BLAZORIZED.HTB-S-1-5-32-544","PrincipalType":"Group","RightName":"WriteOwner","IsInherited":true}],"ObjectIdentifier":"D8397947-657C-479E-B335-905A08579C11","IsDeleted":false,"IsACLProtected":false},{"Properties":{"domain":"BLAZORIZED.HTB","name":"COMPUTERS@BLAZORIZED.HTB","distinguishedname":"CN=COMPUTERS,DC=BLAZORIZED,DC=HTB","domainsid":"S-1-5-21-2039403211-964143010-2924010611","highvalue":false},"ChildObjects":[],"Aces":[{"PrincipalSID":"S-1-5-21-2039403211-964143010-2924010611-512","PrincipalType":"Group","RightName":"Owns","IsInherited":false},{"PrincipalSID":"S-1-5-21-2039403211-964143010-2924010611-512","PrincipalType":"Group","RightName":"WriteDacl","IsInherited":false},{"PrincipalSID":"S-1-5-21-2039403211-964143010-2924010611-512","PrincipalType":"Group","RightName":"WriteOwner","IsInherited":false},{"PrincipalSID":"S-1-5-21-2039403211-964143010-2924010611-519","PrincipalType":"Group","RightName":"GenericAll","IsInherited":true},{"PrincipalSID":"BLAZORIZED.HTB-S-1-5-32-544","PrincipalType":"Group","RightName":"WriteDacl","IsInherited":true},{"PrincipalSID":"BLAZORIZED.HTB-S-1-5-32-544","PrincipalType":"Group","RightName":"WriteOwner","IsInherited":true}],"ObjectIdentifier":"7BCFC0F4-1B6A-44D9-91B0-754515112CF2","IsDeleted":false,"IsACLProtected":false},{"Properties":{"domain":"BLAZORIZED.HTB","name":"SYSTEM@BLAZORIZED.HTB","distinguishedname":"CN=SYSTEM,DC=BLAZORIZED,DC=HTB","domainsid":"S-1-5-21-2039403211-964143010-2924010611","highvalue":false},"ChildObjects":[],"Aces":[{"PrincipalSID":"S-1-5-21-2039403211-964143010-2924010611-512","PrincipalType":"Group","RightName":"Owns","IsInherited":false},{"PrincipalSID":"S-1-5-21-2039403211-964143010-2924010611-512","PrincipalType":"Group","RightName":"WriteDacl","IsInherited":false},{"PrincipalSID":"S-1-5-21-2039403211-964143010-2924010611-512","PrincipalType":"Group","RightName":"WriteOwner","IsInherited":false},{"PrincipalSID":"S-1-5-21-2039403211-964143010-2924010611-519","PrincipalType":"Group","RightName":"GenericAll","IsInherited":true},{"PrincipalSID":"BLAZORIZED.HTB-S-1-5-32-544","PrincipalType":"Group","RightName":"WriteDacl","IsInherited":true},{"PrincipalSID":"BLAZORIZED.HTB-S-1-5-32-544","PrincipalType":"Group","RightName":"WriteOwner","IsInherited":true}],"ObjectIdentifier":"A4BDF825-BC41-413A-89FB-C8E046E6E49A","IsDeleted":false,"IsACLProtected":false},{"Properties":{"domain":"BLAZORIZED.HTB","name":"FOREIGNSECURITYPRINCIPALS@BLAZORIZED.HTB","distinguishedname":"CN=FOREIGNSECURITYPRINCIPALS,DC=BLAZORIZED,DC=HTB","domainsid":"S-1-5-21-2039403211-964143010-2924010611","highvalue":false},"ChildObjects":[],"Aces":[{"PrincipalSID":"S-1-5-21-2039403211-964143010-2924010611-512","PrincipalType":"Group","RightName":"Owns","IsInherited":false},{"PrincipalSID":"S-1-5-21-2039403211-964143010-2924010611-512","PrincipalType":"Group","RightName":"GenericAll","IsInherited":false},{"PrincipalSID":"S-1-5-21-2039403211-964143010-2924010611-519","PrincipalType":"Group","RightName":"GenericAll","IsInherited":true},{"PrincipalSID":"BLAZORIZED.HTB-S-1-5-32-544","PrincipalType":"Group","RightName":"WriteDacl","IsInherited":true},{"PrincipalSID":"BLAZORIZED.HTB-S-1-5-32-544","PrincipalType":"Group","RightName":"WriteOwner","IsInherited":true}],"ObjectIdentifier":"E29621F3-7DB9-4FE2-B260-CF687192AE26","IsDeleted":false,"IsACLProtected":false},{"Properties":{"domain":"BLAZORIZED.HTB","name":"PROGRAM DATA@BLAZORIZED.HTB","distinguishedname":"CN=PROGRAM DATA,DC=BLAZORIZED,DC=HTB","domainsid":"S-1-5-21-2039403211-964143010-2924010611","highvalue":false},"ChildObjects":[],"Aces":[{"PrincipalSID":"S-1-5-21-2039403211-964143010-2924010611-512","PrincipalType":"Group","RightName":"Owns","IsInherited":false},{"PrincipalSID":"S-1-5-21-2039403211-964143010-2924010611-512","PrincipalType":"Group","RightName":"GenericAll","IsInherited":false},{"PrincipalSID":"S-1-5-21-2039403211-964143010-2924010611-519","PrincipalType":"Group","RightName":"GenericAll","IsInherited":true},{"PrincipalSID":"BLAZORIZED.HTB-S-1-5-32-544","PrincipalType":"Group","RightName":"WriteDacl","IsInherited":true},{"PrincipalSID":"BLAZORIZED.HTB-S-1-5-32-544","PrincipalType":"Group","RightName":"WriteOwner","IsInherited":true}],"ObjectIdentifier":"BCF248D6-DFE4-469F-B836-4068DC397DED","IsDeleted":false,"IsACLProtected":false},{"Properties":{"domain":"BLAZORIZED.HTB","name":"RAS AND IAS SERVERS ACCESS CHECK@BLAZORIZED.HTB","distinguishedname":"CN=RAS AND IAS SERVERS ACCESS CHECK,CN=SYSTEM,DC=BLAZORIZED,DC=HTB","domainsid":"S-1-5-21-2039403211-964143010-2924010611","highvalue":false},"ChildObjects":[],"Aces":[{"PrincipalSID":"S-1-5-21-2039403211-964143010-2924010611-512","PrincipalType":"Group","RightName":"Owns","IsInherited":false},{"PrincipalSID":"S-1-5-21-2039403211-964143010-2924010611-553","PrincipalType":"Group","RightName":"WriteDacl","IsInherited":false},{"PrincipalSID":"S-1-5-21-2039403211-964143010-2924010611-553","PrincipalType":"Group","RightName":"WriteOwner","IsInherited":false},{"PrincipalSID":"S-1-5-21-2039403211-964143010-2924010611-519","PrincipalType":"Group","RightName":"GenericAll","IsInherited":true},{"PrincipalSID":"BLAZORIZED.HTB-S-1-5-32-544","PrincipalType":"Group","RightName":"WriteDacl","IsInherited":true},{"PrincipalSID":"BLAZORIZED.HTB-S-1-5-32-544","PrincipalType":"Group","RightName":"WriteOwner","IsInherited":true}],"ObjectIdentifier":"A815F3C7-B88D-4520-8161-11436FF9BC60","IsDeleted":false,"IsACLProtected":false},{"Properties":{"domain":"BLAZORIZED.HTB","name":"RPCSERVICES@BLAZORIZED.HTB","distinguishedname":"CN=RPCSERVICES,CN=SYSTEM,DC=BLAZORIZED,DC=HTB","domainsid":"S-1-5-21-2039403211-964143010-2924010611","highvalue":false},"ChildObjects":[],"Aces":[{"PrincipalSID":"S-1-5-21-2039403211-964143010-2924010611-512","PrincipalType":"Group","RightName":"Owns","IsInherited":false},{"PrincipalSID":"S-1-5-21-2039403211-964143010-2924010611-512","PrincipalType":"Group","RightName":"WriteDacl","IsInherited":false},{"PrincipalSID":"S-1-5-21-2039403211-964143010-2924010611-512","PrincipalType":"Group","RightName":"WriteOwner","IsInherited":false},{"PrincipalSID":"S-1-5-21-2039403211-964143010-2924010611-519","PrincipalType":"Group","RightName":"GenericAll","IsInherited":true},{"PrincipalSID":"BLAZORIZED.HTB-S-1-5-32-544","PrincipalType":"Group","RightName":"WriteDacl","IsInherited":true},{"PrincipalSID":"BLAZORIZED.HTB-S-1-5-32-544","PrincipalType":"Group","RightName":"WriteOwner","IsInherited":true}],"ObjectIdentifier":"2F16B8FB-28A0-4011-BF7D-D5F14EC123BE","IsDeleted":false,"IsACLProtected":false},{"Properties":{"domain":"BLAZORIZED.HTB","name":"ADMINSDHOLDER@BLAZORIZED.HTB","distinguishedname":"CN=ADMINSDHOLDER,CN=SYSTEM,DC=BLAZORIZED,DC=HTB","domainsid":"S-1-5-21-2039403211-964143010-2924010611","highvalue":false},"ChildObjects":[],"Aces":[{"PrincipalSID":"S-1-5-21-2039403211-964143010-2924010611-512","PrincipalType":"Group","RightName":"Owns","IsInherited":false},{"PrincipalSID":"BLAZORIZED.HTB-S-1-5-32-544","PrincipalType":"Group","RightName":"WriteDacl","IsInherited":false},{"PrincipalSID":"BLAZORIZED.HTB-S-1-5-32-544","PrincipalType":"Group","RightName":"WriteOwner","IsInherited":false},{"PrincipalSID":"S-1-5-21-2039403211-964143010-2924010611-512","PrincipalType":"Group","RightName":"WriteDacl","IsInherited":false},{"PrincipalSID":"S-1-5-21-2039403211-964143010-2924010611-512","PrincipalType":"Group","RightName":"WriteOwner","IsInherited":false},{"PrincipalSID":"S-1-5-21-2039403211-964143010-2924010611-519","PrincipalType":"Group","RightName":"WriteDacl","IsInherited":false},{"PrincipalSID":"S-1-5-21-2039403211-964143010-2924010611-519","PrincipalType":"Group","RightName":"WriteOwner","IsInherited":false}],"ObjectIdentifier":"563F7676-EEB4-4CC1-8C9F-6A3DF06ED1A6","IsDeleted":false,"IsACLProtected":true},{"Properties":{"domain":"BLAZORIZED.HTB","name":"MICROSOFT@BLAZORIZED.HTB","distinguishedname":"CN=MICROSOFT,CN=PROGRAM DATA,DC=BLAZORIZED,DC=HTB","domainsid":"S-1-5-21-2039403211-964143010-2924010611","highvalue":false},"ChildObjects":[],"Aces":[{"PrincipalSID":"S-1-5-21-2039403211-964143010-2924010611-512","PrincipalType":"Group","RightName":"Owns","IsInherited":false},{"PrincipalSID":"S-1-5-21-2039403211-964143010-2924010611-512","PrincipalType":"Group","RightName":"GenericAll","IsInherited":false},{"PrincipalSID":"S-1-5-21-2039403211-964143010-2924010611-519","PrincipalType":"Group","RightName":"GenericAll","IsInherited":true},{"PrincipalSID":"BLAZORIZED.HTB-S-1-5-32-544","PrincipalType":"Group","RightName":"WriteDacl","IsInherited":true},{"PrincipalSID":"BLAZORIZED.HTB-S-1-5-32-544","PrincipalType":"Group","RightName":"WriteOwner","IsInherited":true}],"ObjectIdentifier":"43D9E618-D7AD-403E-8EC1-CF164721D2C6","IsDeleted":false,"IsACLProtected":false},{"Properties":{"domain":"BLAZORIZED.HTB","name":"COMPARTITIONS@BLAZORIZED.HTB","distinguishedname":"CN=COMPARTITIONS,CN=SYSTEM,DC=BLAZORIZED,DC=HTB","domainsid":"S-1-5-21-2039403211-964143010-2924010611","highvalue":false},"ChildObjects":[],"Aces":[{"PrincipalSID":"S-1-5-21-2039403211-964143010-2924010611-512","PrincipalType":"Group","RightName":"Owns","IsInherited":false},{"PrincipalSID":"S-1-5-21-2039403211-964143010-2924010611-512","PrincipalType":"Group","RightName":"WriteDacl","IsInherited":false},{"PrincipalSID":"S-1-5-21-2039403211-964143010-2924010611-512","PrincipalType":"Group","RightName":"WriteOwner","IsInherited":false},{"PrincipalSID":"S-1-5-21-2039403211-964143010-2924010611-519","PrincipalType":"Group","RightName":"GenericAll","IsInherited":true},{"PrincipalSID":"BLAZORIZED.HTB-S-1-5-32-544","PrincipalType":"Group","RightName":"WriteDacl","IsInherited":true},{"PrincipalSID":"BLAZORIZED.HTB-S-1-5-32-544","PrincipalType":"Group","RightName":"WriteOwner","IsInherited":true}],"ObjectIdentifier":"D13CC601-5CB3-4DB6-A31B-09DCC5C32CCE","IsDeleted":false,"IsACLProtected":false},{"Properties":{"domain":"BLAZORIZED.HTB","name":"MANAGED SERVICE ACCOUNTS@BLAZORIZED.HTB","distinguishedname":"CN=MANAGED SERVICE ACCOUNTS,DC=BLAZORIZED,DC=HTB","domainsid":"S-1-5-21-2039403211-964143010-2924010611","highvalue":false},"ChildObjects":[],"Aces":[{"PrincipalSID":"S-1-5-21-2039403211-964143010-2924010611-512","PrincipalType":"Group","RightName":"Owns","IsInherited":false},{"PrincipalSID":"S-1-5-21-2039403211-964143010-2924010611-512","PrincipalType":"Group","RightName":"WriteDacl","IsInherited":false},{"PrincipalSID":"S-1-5-21-2039403211-964143010-2924010611-512","PrincipalType":"Group","RightName":"WriteOwner","IsInherited":false},{"PrincipalSID":"S-1-5-21-2039403211-964143010-2924010611-519","PrincipalType":"Group","RightName":"GenericAll","IsInherited":true},{"PrincipalSID":"BLAZORIZED.HTB-S-1-5-32-544","PrincipalType":"Group","RightName":"WriteDacl","IsInherited":true},{"PrincipalSID":"BLAZORIZED.HTB-S-1-5-32-544","PrincipalType":"Group","RightName":"WriteOwner","IsInherited":true}],"ObjectIdentifier":"6811C1B2-7FD7-4869-8B1A-00561C7B8700","IsDeleted":false,"IsACLProtected":false},{"Properties":{"domain":"BLAZORIZED.HTB","name":"POLICYTEMPLATE@BLAZORIZED.HTB","distinguishedname":"CN=POLICYTEMPLATE,CN=WMIPOLICY,CN=SYSTEM,DC=BLAZORIZED,DC=HTB","domainsid":"S-1-5-21-2039403211-964143010-2924010611","highvalue":false},"ChildObjects":[],"Aces":[{"PrincipalSID":"S-1-5-21-2039403211-964143010-2924010611-512","PrincipalType":"Group","RightName":"Owns","IsInherited":false},{"PrincipalSID":"S-1-5-21-2039403211-964143010-2924010611-512","PrincipalType":"Group","RightName":"WriteDacl","IsInherited":false},{"PrincipalSID":"S-1-5-21-2039403211-964143010-2924010611-512","PrincipalType":"Group","RightName":"WriteOwner","IsInherited":false},{"PrincipalSID":"S-1-5-21-2039403211-964143010-2924010611-519","PrincipalType":"Group","RightName":"GenericAll","IsInherited":true},{"PrincipalSID":"S-1-5-21-2039403211-964143010-2924010611-512","PrincipalType":"Group","RightName":"GenericAll","IsInherited":true}],"ObjectIdentifier":"89187D96-EEF6-481E-BAFC-206A644EAE13","IsDeleted":false,"IsACLProtected":false},{"Properties":{"domain":"BLAZORIZED.HTB","name":"COMPARTITIONSETS@BLAZORIZED.HTB","distinguishedname":"CN=COMPARTITIONSETS,CN=SYSTEM,DC=BLAZORIZED,DC=HTB","domainsid":"S-1-5-21-2039403211-964143010-2924010611","highvalue":false},"ChildObjects":[],"Aces":[{"PrincipalSID":"S-1-5-21-2039403211-964143010-2924010611-512","PrincipalType":"Group","RightName":"Owns","IsInherited":false},{"PrincipalSID":"S-1-5-21-2039403211-964143010-2924010611-512","PrincipalType":"Group","RightName":"WriteDacl","IsInherited":false},{"PrincipalSID":"S-1-5-21-2039403211-964143010-2924010611-512","PrincipalType":"Group","RightName":"WriteOwner","IsInherited":false},{"PrincipalSID":"S-1-5-21-2039403211-964143010-2924010611-519","PrincipalType":"Group","RightName":"GenericAll","IsInherited":true},{"PrincipalSID":"BLAZORIZED.HTB-S-1-5-32-544","PrincipalType":"Group","RightName":"WriteDacl","IsInherited":true},{"PrincipalSID":"BLAZORIZED.HTB-S-1-5-32-544","PrincipalType":"Group","RightName":"WriteOwner","IsInherited":true}],"ObjectIdentifier":"6E6814A1-1290-4308-BF43-8228D11FFE23","IsDeleted":false,"IsACLProtected":false},{"Properties":{"domain":"BLAZORIZED.HTB","name":"WINSOCKSERVICES@BLAZORIZED.HTB","distinguishedname":"CN=WINSOCKSERVICES,CN=SYSTEM,DC=BLAZORIZED,DC=HTB","domainsid":"S-1-5-21-2039403211-964143010-2924010611","highvalue":false},"ChildObjects":[],"Aces":[{"PrincipalSID":"S-1-5-21-2039403211-964143010-2924010611-512","PrincipalType":"Group","RightName":"Owns","IsInherited":false},{"PrincipalSID":"S-1-5-21-2039403211-964143010-2924010611-512","PrincipalType":"Group","RightName":"WriteDacl","IsInherited":false},{"PrincipalSID":"S-1-5-21-2039403211-964143010-2924010611-512","PrincipalType":"Group","RightName":"WriteOwner","IsInherited":false},{"PrincipalSID":"S-1-5-21-2039403211-964143010-2924010611-519","PrincipalType":"Group","RightName":"GenericAll","IsInherited":true},{"PrincipalSID":"BLAZORIZED.HTB-S-1-5-32-544","PrincipalType":"Group","RightName":"WriteDacl","IsInherited":true},{"PrincipalSID":"BLAZORIZED.HTB-S-1-5-32-544","PrincipalType":"Group","RightName":"WriteOwner","IsInherited":true}],"ObjectIdentifier":"1C32A656-4846-4BD2-84E1-6178A32142E0","IsDeleted":false,"IsACLProtected":false},{"Properties":{"domain":"BLAZORIZED.HTB","name":"MEETINGS@BLAZORIZED.HTB","distinguishedname":"CN=MEETINGS,CN=SYSTEM,DC=BLAZORIZED,DC=HTB","domainsid":"S-1-5-21-2039403211-964143010-2924010611","highvalue":false},"ChildObjects":[],"Aces":[{"PrincipalSID":"S-1-5-21-2039403211-964143010-2924010611-512","PrincipalType":"Group","RightName":"Owns","IsInherited":false},{"PrincipalSID":"S-1-5-21-2039403211-964143010-2924010611-512","PrincipalType":"Group","RightName":"WriteDacl","IsInherited":false},{"PrincipalSID":"S-1-5-21-2039403211-964143010-2924010611-512","PrincipalType":"Group","RightName":"WriteOwner","IsInherited":false},{"PrincipalSID":"S-1-5-21-2039403211-964143010-2924010611-519","PrincipalType":"Group","RightName":"GenericAll","IsInherited":true},{"PrincipalSID":"BLAZORIZED.HTB-S-1-5-32-544","PrincipalType":"Group","RightName":"WriteDacl","IsInherited":true},{"PrincipalSID":"BLAZORIZED.HTB-S-1-5-32-544","PrincipalType":"Group","RightName":"WriteOwner","IsInherited":true}],"ObjectIdentifier":"2B47F668-CD85-457E-A04A-00FFDC357A7D","IsDeleted":false,"IsACLProtected":false},{"Properties":{"domain":"BLAZORIZED.HTB","name":"POLICIES@BLAZORIZED.HTB","distinguishedname":"CN=POLICIES,CN=SYSTEM,DC=BLAZORIZED,DC=HTB","domainsid":"S-1-5-21-2039403211-964143010-2924010611","highvalue":false},"ChildObjects":[],"Aces":[{"PrincipalSID":"S-1-5-21-2039403211-964143010-2924010611-512","PrincipalType":"Group","RightName":"Owns","IsInherited":false},{"PrincipalSID":"S-1-5-21-2039403211-964143010-2924010611-512","PrincipalType":"Group","RightName":"WriteDacl","IsInherited":false},{"PrincipalSID":"S-1-5-21-2039403211-964143010-2924010611-512","PrincipalType":"Group","RightName":"WriteOwner","IsInherited":false},{"PrincipalSID":"S-1-5-21-2039403211-964143010-2924010611-519","PrincipalType":"Group","RightName":"GenericAll","IsInherited":true},{"PrincipalSID":"BLAZORIZED.HTB-S-1-5-32-544","PrincipalType":"Group","RightName":"WriteDacl","IsInherited":true},{"PrincipalSID":"BLAZORIZED.HTB-S-1-5-32-544","PrincipalType":"Group","RightName":"WriteOwner","IsInherited":true}],"ObjectIdentifier":"9AA18708-624F-46F9-A7FA-E158C52D144F","IsDeleted":false,"IsACLProtected":false},{"Properties":{"domain":"BLAZORIZED.HTB","name":"SOM@BLAZORIZED.HTB","distinguishedname":"CN=SOM,CN=WMIPOLICY,CN=SYSTEM,DC=BLAZORIZED,DC=HTB","domainsid":"S-1-5-21-2039403211-964143010-2924010611","highvalue":false},"ChildObjects":[],"Aces":[{"PrincipalSID":"S-1-5-21-2039403211-964143010-2924010611-512","PrincipalType":"Group","RightName":"Owns","IsInherited":false},{"PrincipalSID":"S-1-5-21-2039403211-964143010-2924010611-512","PrincipalType":"Group","RightName":"GenericAll","IsInherited":false},{"PrincipalSID":"S-1-5-21-2039403211-964143010-2924010611-519","PrincipalType":"Group","RightName":"GenericAll","IsInherited":false}],"ObjectIdentifier":"F78BE5C8-6B52-4055-8F04-1C0903D21461","IsDeleted":false,"IsACLProtected":true},{"Properties":{"domain":"BLAZORIZED.HTB","name":"POLICYTYPE@BLAZORIZED.HTB","distinguishedname":"CN=POLICYTYPE,CN=WMIPOLICY,CN=SYSTEM,DC=BLAZORIZED,DC=HTB","domainsid":"S-1-5-21-2039403211-964143010-2924010611","highvalue":false},"ChildObjects":[],"Aces":[{"PrincipalSID":"S-1-5-21-2039403211-964143010-2924010611-512","PrincipalType":"Group","RightName":"Owns","IsInherited":false},{"PrincipalSID":"S-1-5-21-2039403211-964143010-2924010611-512","PrincipalType":"Group","RightName":"WriteDacl","IsInherited":false},{"PrincipalSID":"S-1-5-21-2039403211-964143010-2924010611-512","PrincipalType":"Group","RightName":"WriteOwner","IsInherited":false},{"PrincipalSID":"S-1-5-21-2039403211-964143010-2924010611-519","PrincipalType":"Group","RightName":"GenericAll","IsInherited":true},{"PrincipalSID":"S-1-5-21-2039403211-964143010-2924010611-512","PrincipalType":"Group","RightName":"GenericAll","IsInherited":true}],"ObjectIdentifier":"49ED80C0-0E60-4405-A408-3CCC0356880B","IsDeleted":false,"IsACLProtected":false},{"Properties":{"domain":"BLAZORIZED.HTB","name":"WMIGPO@BLAZORIZED.HTB","distinguishedname":"CN=WMIGPO,CN=WMIPOLICY,CN=SYSTEM,DC=BLAZORIZED,DC=HTB","domainsid":"S-1-5-21-2039403211-964143010-2924010611","highvalue":false},"ChildObjects":[],"Aces":[{"PrincipalSID":"S-1-5-21-2039403211-964143010-2924010611-512","PrincipalType":"Group","RightName":"Owns","IsInherited":false},{"PrincipalSID":"S-1-5-21-2039403211-964143010-2924010611-512","PrincipalType":"Group","RightName":"WriteDacl","IsInherited":false},{"PrincipalSID":"S-1-5-21-2039403211-964143010-2924010611-512","PrincipalType":"Group","RightName":"WriteOwner","IsInherited":false},{"PrincipalSID":"S-1-5-21-2039403211-964143010-2924010611-519","PrincipalType":"Group","RightName":"GenericAll","IsInherited":true},{"PrincipalSID":"S-1-5-21-2039403211-964143010-2924010611-512","PrincipalType":"Group","RightName":"GenericAll","IsInherited":true}],"ObjectIdentifier":"BFF286F3-1E8F-4738-81F5-9973461B16BB","IsDeleted":false,"IsACLProtected":false},{"Properties":{"domain":"BLAZORIZED.HTB","name":"PSPS@BLAZORIZED.HTB","distinguishedname":"CN=PSPS,CN=SYSTEM,DC=BLAZORIZED,DC=HTB","domainsid":"S-1-5-21-2039403211-964143010-2924010611","highvalue":false},"ChildObjects":[],"Aces":[{"PrincipalSID":"S-1-5-21-2039403211-964143010-2924010611-512","PrincipalType":"Group","RightName":"Owns","IsInherited":false},{"PrincipalSID":"S-1-5-21-2039403211-964143010-2924010611-512","PrincipalType":"Group","RightName":"GenericAll","IsInherited":false},{"PrincipalSID":"S-1-5-21-2039403211-964143010-2924010611-519","PrincipalType":"Group","RightName":"GenericAll","IsInherited":true},{"PrincipalSID":"BLAZORIZED.HTB-S-1-5-32-544","PrincipalType":"Group","RightName":"WriteDacl","IsInherited":true},{"PrincipalSID":"BLAZORIZED.HTB-S-1-5-32-544","PrincipalType":"Group","RightName":"WriteOwner","IsInherited":true}],"ObjectIdentifier":"471DEB00-A594-450B-9774-2DDEFD11A391","IsDeleted":false,"IsACLProtected":false}],"meta":{"methods":29695,"type":"containers","count":21,"version":5}}