﻿{"data":[{"GPOChanges":{"LocalAdmins":[],"RemoteDesktopUsers":[],"DcomUsers":[],"PSRemoteUsers":[],"AffectedComputers":[{"ObjectIdentifier":"S-1-5-21-2039403211-964143010-2924010611-1002","ObjectType":"Computer"}]},"Properties":{"domain":"BLAZORIZED.HTB","name":"DOMAIN CONTROLLERS@BLAZORIZED.HTB","distinguishedname":"OU=DOMAIN CONTROLLERS,DC=BLAZORIZED,DC=HTB","domainsid":"S-1-5-21-2039403211-964143010-2924010611","highvalue":false,"description":"Default container for domain controllers","whencreated":1704720625,"blocksinheritance":false},"Links":[{"IsEnforced":false,"GUID":"B4F5B8D1-411A-4D89-9C05-30C23816F8FF"}],"ChildObjects":[{"ObjectIdentifier":"S-1-5-21-2039403211-964143010-2924010611-1002","ObjectType":"Computer"}],"Aces":[{"PrincipalSID":"S-1-5-21-2039403211-964143010-2924010611-512","PrincipalType":"Group","RightName":"Owns","IsInherited":false},{"PrincipalSID":"S-1-5-21-2039403211-964143010-2924010611-512","PrincipalType":"Group","RightName":"WriteDacl","IsInherited":false},{"PrincipalSID":"S-1-5-21-2039403211-964143010-2924010611-512","PrincipalType":"Group","RightName":"WriteOwner","IsInherited":false},{"PrincipalSID":"S-1-5-21-2039403211-964143010-2924010611-519","PrincipalType":"Group","RightName":"GenericAll","IsInherited":true},{"PrincipalSID":"BLAZORIZED.HTB-S-1-5-32-544","PrincipalType":"Group","RightName":"WriteDacl","IsInherited":true},{"PrincipalSID":"BLAZORIZED.HTB-S-1-5-32-544","PrincipalType":"Group","RightName":"WriteOwner","IsInherited":true}],"ObjectIdentifier":"8EBAD72E-04E2-4F31-A5A9-0A38C000BB9B","IsDeleted":false,"IsACLProtected":false}],"meta":{"methods":29695,"type":"ous","count":1,"version":5}}