﻿{"data":[{"GPOChanges":{"LocalAdmins":[],"RemoteDesktopUsers":[],"DcomUsers":[],"PSRemoteUsers":[],"AffectedComputers":[{"ObjectIdentifier":"S-1-5-21-2039403211-964143010-2924010611-1002","ObjectType":"Computer"}]},"Properties":{"domain":"BLAZORIZED.HTB","name":"BLAZORIZED.HTB","distinguishedname":"DC=BLAZORIZED,DC=HTB","domainsid":"S-1-5-21-2039403211-964143010-2924010611","highvalue":true,"description":null,"whencreated":1704720614,"functionallevel":"2016"},"ChildObjects":[{"ObjectIdentifier":"7BCFC0F4-1B6A-44D9-91B0-754515112CF2","ObjectType":"Container"},{"ObjectIdentifier":"8EBAD72E-04E2-4F31-A5A9-0A38C000BB9B","ObjectType":"OU"},{"ObjectIdentifier":"E29621F3-7DB9-4FE2-B260-CF687192AE26","ObjectType":"Container"},{"ObjectIdentifier":"6811C1B2-7FD7-4869-8B1A-00561C7B8700","ObjectType":"Container"},{"ObjectIdentifier":"D8397947-657C-479E-B335-905A08579C11","ObjectType":"Container"}],"Trusts":[],"Links":[{"IsEnforced":false,"GUID":"EC21F63B-3C30-4565-868F-47FD4459931E"}],"Aces":[{"PrincipalSID":"BLAZORIZED.HTB-S-1-5-32-544","PrincipalType":"Group","RightName":"Owns","IsInherited":false},{"PrincipalSID":"BLAZORIZED.HTB-S-1-5-32-544","PrincipalType":"Group","RightName":"WriteDacl","IsInherited":false},{"PrincipalSID":"BLAZORIZED.HTB-S-1-5-32-544","PrincipalType":"Group","RightName":"WriteOwner","IsInherited":false},{"PrincipalSID":"BLAZORIZED.HTB-S-1-5-32-544","PrincipalType":"Group","RightName":"AllExtendedRights","IsInherited":false},{"PrincipalSID":"S-1-5-21-2039403211-964143010-2924010611-512","PrincipalType":"Group","RightName":"WriteDacl","IsInherited":false},{"PrincipalSID":"S-1-5-21-2039403211-964143010-2924010611-512","PrincipalType":"Group","RightName":"WriteOwner","IsInherited":false},{"PrincipalSID":"S-1-5-21-2039403211-964143010-2924010611-512","PrincipalType":"Group","RightName":"AllExtendedRights","IsInherited":false},{"PrincipalSID":"S-1-5-21-2039403211-964143010-2924010611-519","PrincipalType":"Group","RightName":"GenericAll","IsInherited":false},{"PrincipalSID":"BLAZORIZED.HTB-S-1-5-9","PrincipalType":"Group","RightName":"GetChangesInFilteredSet","IsInherited":false},{"PrincipalSID":"BLAZORIZED.HTB-S-1-5-9","PrincipalType":"Group","RightName":"GetChanges","IsInherited":false},{"PrincipalSID":"BLAZORIZED.HTB-S-1-5-32-544","PrincipalType":"Group","RightName":"GetChangesAll","IsInherited":false},{"PrincipalSID":"BLAZORIZED.HTB-S-1-5-32-544","PrincipalType":"Group","RightName":"GetChanges","IsInherited":false},{"PrincipalSID":"BLAZORIZED.HTB-S-1-5-32-544","PrincipalType":"Group","RightName":"GetChangesInFilteredSet","IsInherited":false},{"PrincipalSID":"S-1-5-21-2039403211-964143010-2924010611-498","PrincipalType":"Group","RightName":"GetChanges","IsInherited":false},{"PrincipalSID":"S-1-5-21-2039403211-964143010-2924010611-516","PrincipalType":"Group","RightName":"GetChangesAll","IsInherited":false},{"PrincipalSID":"S-1-5-21-2039403211-964143010-2924010611-1123","PrincipalType":"Group","RightName":"GetChanges","IsInherited":false},{"PrincipalSID":"S-1-5-21-2039403211-964143010-2924010611-1123","PrincipalType":"Group","RightName":"GetChangesAll","IsInherited":false}],"ObjectIdentifier":"S-1-5-21-2039403211-964143010-2924010611","IsDeleted":false,"IsACLProtected":false}],"meta":{"methods":29695,"type":"domains","count":1,"version":5}}