﻿{"data":[{"GPOChanges":{"LocalAdmins":[],"RemoteDesktopUsers":[],"DcomUsers":[],"PSRemoteUsers":[],"AffectedComputers":[{"ObjectIdentifier":"S-1-5-21-1005535646-190407494-3473065389-1000","ObjectType":"Computer"}]},"Properties":{"domain":"AXLLE.HTB","name":"AXLLE.HTB","distinguishedname":"DC=AXLLE,DC=HTB","domainsid":"S-1-5-21-1005535646-190407494-3473065389","highvalue":true,"description":null,"whencreated":1704079075,"functionallevel":"2016"},"ChildObjects":[{"ObjectIdentifier":"S-1-5-21-1005535646-190407494-3473065389-1126","ObjectType":"User"},{"ObjectIdentifier":"S-1-5-21-1005535646-190407494-3473065389-1111","ObjectType":"User"},{"ObjectIdentifier":"S-1-5-21-1005535646-190407494-3473065389-1116","ObjectType":"User"},{"ObjectIdentifier":"S-1-5-21-1005535646-190407494-3473065389-1124","ObjectType":"User"},{"ObjectIdentifier":"25627A66-82C4-4FE6-940E-EC9EA24EF31E","ObjectType":"Container"},{"ObjectIdentifier":"S-1-5-21-1005535646-190407494-3473065389-1125","ObjectType":"User"},{"ObjectIdentifier":"S-1-5-21-1005535646-190407494-3473065389-1122","ObjectType":"User"},{"ObjectIdentifier":"S-1-5-21-1005535646-190407494-3473065389-1109","ObjectType":"User"},{"ObjectIdentifier":"15D7FDD7-C02A-407D-B97C-49825A493CD0","ObjectType":"OU"},{"ObjectIdentifier":"S-1-5-21-1005535646-190407494-3473065389-1115","ObjectType":"User"},{"ObjectIdentifier":"10BE17AB-E891-466B-9DFA-38E5C108D865","ObjectType":"Container"},{"ObjectIdentifier":"S-1-5-21-1005535646-190407494-3473065389-1110","ObjectType":"User"},{"ObjectIdentifier":"S-1-5-21-1005535646-190407494-3473065389-1113","ObjectType":"User"},{"ObjectIdentifier":"S-1-5-21-1005535646-190407494-3473065389-1120","ObjectType":"User"},{"ObjectIdentifier":"S-1-5-21-1005535646-190407494-3473065389-1119","ObjectType":"User"},{"ObjectIdentifier":"S-1-5-21-1005535646-190407494-3473065389-1123","ObjectType":"User"},{"ObjectIdentifier":"D038B6AD-A0C8-4CA7-A6D7-7A96EC13D65E","ObjectType":"Container"},{"ObjectIdentifier":"S-1-5-21-1005535646-190407494-3473065389-1118","ObjectType":"User"},{"ObjectIdentifier":"S-1-5-21-1005535646-190407494-3473065389-1112","ObjectType":"User"},{"ObjectIdentifier":"S-1-5-21-1005535646-190407494-3473065389-1121","ObjectType":"User"},{"ObjectIdentifier":"S-1-5-21-1005535646-190407494-3473065389-1117","ObjectType":"User"},{"ObjectIdentifier":"C27ED1E8-FC59-445A-AC1E-A0D6B8FEC648","ObjectType":"Container"},{"ObjectIdentifier":"S-1-5-21-1005535646-190407494-3473065389-1114","ObjectType":"User"}],"Trusts":[],"Links":[{"IsEnforced":true,"GUID":"34EFCEAC-7E15-4F96-9E8A-0F9CDBA1F126"}],"Aces":[{"PrincipalSID":"AXLLE.HTB-S-1-5-32-544","PrincipalType":"Group","RightName":"Owns","IsInherited":false},{"PrincipalSID":"AXLLE.HTB-S-1-5-32-544","PrincipalType":"Group","RightName":"WriteDacl","IsInherited":false},{"PrincipalSID":"AXLLE.HTB-S-1-5-32-544","PrincipalType":"Group","RightName":"WriteOwner","IsInherited":false},{"PrincipalSID":"AXLLE.HTB-S-1-5-32-544","PrincipalType":"Group","RightName":"AllExtendedRights","IsInherited":false},{"PrincipalSID":"S-1-5-21-1005535646-190407494-3473065389-512","PrincipalType":"Group","RightName":"WriteDacl","IsInherited":false},{"PrincipalSID":"S-1-5-21-1005535646-190407494-3473065389-512","PrincipalType":"Group","RightName":"WriteOwner","IsInherited":false},{"PrincipalSID":"S-1-5-21-1005535646-190407494-3473065389-512","PrincipalType":"Group","RightName":"AllExtendedRights","IsInherited":false},{"PrincipalSID":"S-1-5-21-1005535646-190407494-3473065389-519","PrincipalType":"Group","RightName":"GenericAll","IsInherited":false},{"PrincipalSID":"AXLLE.HTB-S-1-5-9","PrincipalType":"Group","RightName":"GetChanges","IsInherited":false},{"PrincipalSID":"AXLLE.HTB-S-1-5-9","PrincipalType":"Group","RightName":"GetChangesInFilteredSet","IsInherited":false},{"PrincipalSID":"AXLLE.HTB-S-1-5-32-544","PrincipalType":"Group","RightName":"GetChangesAll","IsInherited":false},{"PrincipalSID":"AXLLE.HTB-S-1-5-32-544","PrincipalType":"Group","RightName":"GetChanges","IsInherited":false},{"PrincipalSID":"AXLLE.HTB-S-1-5-32-544","PrincipalType":"Group","RightName":"GetChangesInFilteredSet","IsInherited":false},{"PrincipalSID":"S-1-5-21-1005535646-190407494-3473065389-498","PrincipalType":"Group","RightName":"GetChanges","IsInherited":false},{"PrincipalSID":"S-1-5-21-1005535646-190407494-3473065389-516","PrincipalType":"Group","RightName":"GetChangesAll","IsInherited":false}],"ObjectIdentifier":"S-1-5-21-1005535646-190407494-3473065389","IsDeleted":false,"IsACLProtected":false}],"meta":{"methods":741,"type":"domains","count":1,"version":5}}