﻿{"data":[{"Properties":{"domain":"AXLLE.HTB","name":"ADMINISTRATOR@AXLLE.HTB","distinguishedname":"CN=ADMINISTRATOR,CN=USERS,DC=AXLLE,DC=HTB","domainsid":"S-1-5-21-1005535646-190407494-3473065389","highvalue":false,"samaccountname":"Administrator","description":"Built-in account for administering the computer/domain","whencreated":1704079085,"sensitive":false,"dontreqpreauth":false,"passwordnotreqd":false,"unconstraineddelegation":false,"pwdneverexpires":true,"enabled":true,"trustedtoauth":false,"lastlogon":1719623558,"lastlogontimestamp":1719623542,"pwdlastset":1718265851,"serviceprincipalnames":[],"hasspn":false,"displayname":null,"email":null,"title":null,"homedirectory":null,"userpassword":null,"unixpassword":null,"unicodepassword":null,"sfupassword":null,"logonscript":null,"admincount":true,"sidhistory":[]},"AllowedToDelegate":[],"PrimaryGroupSID":"S-1-5-21-1005535646-190407494-3473065389-513","HasSIDHistory":[],"SPNTargets":[],"Aces":[{"PrincipalSID":"S-1-5-21-1005535646-190407494-3473065389-512","PrincipalType":"Group","RightName":"Owns","IsInherited":false},{"PrincipalSID":"AXLLE.HTB-S-1-5-32-544","PrincipalType":"Group","RightName":"WriteDacl","IsInherited":false},{"PrincipalSID":"AXLLE.HTB-S-1-5-32-544","PrincipalType":"Group","RightName":"WriteOwner","IsInherited":false},{"PrincipalSID":"AXLLE.HTB-S-1-5-32-544","PrincipalType":"Group","RightName":"AllExtendedRights","IsInherited":false},{"PrincipalSID":"AXLLE.HTB-S-1-5-32-544","PrincipalType":"Group","RightName":"GenericWrite","IsInherited":false},{"PrincipalSID":"S-1-5-21-1005535646-190407494-3473065389-512","PrincipalType":"Group","RightName":"WriteDacl","IsInherited":false},{"PrincipalSID":"S-1-5-21-1005535646-190407494-3473065389-512","PrincipalType":"Group","RightName":"WriteOwner","IsInherited":false},{"PrincipalSID":"S-1-5-21-1005535646-190407494-3473065389-512","PrincipalType":"Group","RightName":"AllExtendedRights","IsInherited":false},{"PrincipalSID":"S-1-5-21-1005535646-190407494-3473065389-512","PrincipalType":"Group","RightName":"GenericWrite","IsInherited":false},{"PrincipalSID":"S-1-5-21-1005535646-190407494-3473065389-519","PrincipalType":"Group","RightName":"WriteDacl","IsInherited":false},{"PrincipalSID":"S-1-5-21-1005535646-190407494-3473065389-519","PrincipalType":"Group","RightName":"WriteOwner","IsInherited":false},{"PrincipalSID":"S-1-5-21-1005535646-190407494-3473065389-519","PrincipalType":"Group","RightName":"AllExtendedRights","IsInherited":false},{"PrincipalSID":"S-1-5-21-1005535646-190407494-3473065389-519","PrincipalType":"Group","RightName":"GenericWrite","IsInherited":false}],"ObjectIdentifier":"S-1-5-21-1005535646-190407494-3473065389-500","IsDeleted":false,"IsACLProtected":true},{"Properties":{"domain":"AXLLE.HTB","name":"SAMANTHA.JADE@AXLLE.HTB","distinguishedname":"CN=SAMANTHA JADE,DC=AXLLE,DC=HTB","domainsid":"S-1-5-21-1005535646-190407494-3473065389","highvalue":false,"samaccountname":"samantha.jade","description":null,"whencreated":0,"sensitive":false,"dontreqpreauth":false,"passwordnotreqd":false,"unconstraineddelegation":false,"pwdneverexpires":false,"enabled":true,"trustedtoauth":false,"lastlogon":-1,"lastlogontimestamp":-1,"pwdlastset":-1,"serviceprincipalnames":[],"hasspn":false,"displayname":null,"email":null,"title":null,"homedirectory":null,"userpassword":null,"unixpassword":null,"unicodepassword":null,"sfupassword":null,"logonscript":null,"admincount":false,"sidhistory":[]},"AllowedToDelegate":[],"PrimaryGroupSID":"S-1-5-21-1005535646-190407494-3473065389-513","HasSIDHistory":[],"SPNTargets":[],"Aces":[{"PrincipalSID":"S-1-5-21-1005535646-190407494-3473065389-512","PrincipalType":"Group","RightName":"Owns","IsInherited":false},{"PrincipalSID":"AXLLE.HTB-S-1-5-32-544","PrincipalType":"Group","RightName":"WriteDacl","IsInherited":false},{"PrincipalSID":"AXLLE.HTB-S-1-5-32-544","PrincipalType":"Group","RightName":"WriteOwner","IsInherited":false},{"PrincipalSID":"AXLLE.HTB-S-1-5-32-544","PrincipalType":"Group","RightName":"AllExtendedRights","IsInherited":false},{"PrincipalSID":"AXLLE.HTB-S-1-5-32-544","PrincipalType":"Group","RightName":"GenericWrite","IsInherited":false},{"PrincipalSID":"AXLLE.HTB-S-1-5-32-548","PrincipalType":"Group","RightName":"GenericAll","IsInherited":false},{"PrincipalSID":"S-1-5-21-1005535646-190407494-3473065389-512","PrincipalType":"Group","RightName":"GenericAll","IsInherited":false},{"PrincipalSID":"S-1-5-21-1005535646-190407494-3473065389-519","PrincipalType":"Group","RightName":"GenericAll","IsInherited":false},{"PrincipalSID":"S-1-5-21-1005535646-190407494-3473065389-526","PrincipalType":"Group","RightName":"AddKeyCredentialLink","IsInherited":false},{"PrincipalSID":"S-1-5-21-1005535646-190407494-3473065389-527","PrincipalType":"Group","RightName":"AddKeyCredentialLink","IsInherited":false},{"PrincipalSID":"S-1-5-21-1005535646-190407494-3473065389-526","PrincipalType":"Group","RightName":"AddKeyCredentialLink","IsInherited":true},{"PrincipalSID":"S-1-5-21-1005535646-190407494-3473065389-527","PrincipalType":"Group","RightName":"AddKeyCredentialLink","IsInherited":true},{"PrincipalSID":"S-1-5-21-1005535646-190407494-3473065389-519","PrincipalType":"Group","RightName":"GenericAll","IsInherited":true},{"PrincipalSID":"AXLLE.HTB-S-1-5-32-544","PrincipalType":"Group","RightName":"WriteDacl","IsInherited":true},{"PrincipalSID":"AXLLE.HTB-S-1-5-32-544","PrincipalType":"Group","RightName":"WriteOwner","IsInherited":true},{"PrincipalSID":"AXLLE.HTB-S-1-5-32-544","PrincipalType":"Group","RightName":"AllExtendedRights","IsInherited":true},{"PrincipalSID":"AXLLE.HTB-S-1-5-32-544","PrincipalType":"Group","RightName":"GenericWrite","IsInherited":true}],"ObjectIdentifier":"S-1-5-21-1005535646-190407494-3473065389-1112","IsDeleted":false,"IsACLProtected":false},{"Properties":{"domain":"AXLLE.HTB","name":"GIDEON.HAMILL@AXLLE.HTB","distinguishedname":"CN=GIDEON HAMILL,DC=AXLLE,DC=HTB","domainsid":"S-1-5-21-1005535646-190407494-3473065389","highvalue":false,"samaccountname":"gideon.hamill","description":null,"whencreated":1704080209,"sensitive":false,"dontreqpreauth":false,"passwordnotreqd":false,"unconstraineddelegation":false,"pwdneverexpires":true,"enabled":true,"trustedtoauth":false,"lastlogon":1719624200,"lastlogontimestamp":1719623577,"pwdlastset":1704109009,"serviceprincipalnames":[],"hasspn":false,"displayname":null,"email":null,"title":null,"homedirectory":null,"userpassword":null,"unixpassword":null,"unicodepassword":null,"sfupassword":null,"logonscript":null,"admincount":false,"sidhistory":[]},"AllowedToDelegate":[],"PrimaryGroupSID":"S-1-5-21-1005535646-190407494-3473065389-513","HasSIDHistory":[],"SPNTargets":[],"Aces":[{"PrincipalSID":"S-1-5-21-1005535646-190407494-3473065389-512","PrincipalType":"Group","RightName":"Owns","IsInherited":false},{"PrincipalSID":"AXLLE.HTB-S-1-5-32-544","PrincipalType":"Group","RightName":"WriteDacl","IsInherited":false},{"PrincipalSID":"AXLLE.HTB-S-1-5-32-544","PrincipalType":"Group","RightName":"WriteOwner","IsInherited":false},{"PrincipalSID":"AXLLE.HTB-S-1-5-32-544","PrincipalType":"Group","RightName":"AllExtendedRights","IsInherited":false},{"PrincipalSID":"AXLLE.HTB-S-1-5-32-544","PrincipalType":"Group","RightName":"GenericWrite","IsInherited":false},{"PrincipalSID":"AXLLE.HTB-S-1-5-32-548","PrincipalType":"Group","RightName":"GenericAll","IsInherited":false},{"PrincipalSID":"S-1-5-21-1005535646-190407494-3473065389-512","PrincipalType":"Group","RightName":"GenericAll","IsInherited":false},{"PrincipalSID":"S-1-5-21-1005535646-190407494-3473065389-519","PrincipalType":"Group","RightName":"GenericAll","IsInherited":false},{"PrincipalSID":"S-1-5-21-1005535646-190407494-3473065389-526","PrincipalType":"Group","RightName":"AddKeyCredentialLink","IsInherited":false},{"PrincipalSID":"S-1-5-21-1005535646-190407494-3473065389-527","PrincipalType":"Group","RightName":"AddKeyCredentialLink","IsInherited":false},{"PrincipalSID":"S-1-5-21-1005535646-190407494-3473065389-526","PrincipalType":"Group","RightName":"AddKeyCredentialLink","IsInherited":true},{"PrincipalSID":"S-1-5-21-1005535646-190407494-3473065389-527","PrincipalType":"Group","RightName":"AddKeyCredentialLink","IsInherited":true},{"PrincipalSID":"S-1-5-21-1005535646-190407494-3473065389-519","PrincipalType":"Group","RightName":"GenericAll","IsInherited":true},{"PrincipalSID":"AXLLE.HTB-S-1-5-32-544","PrincipalType":"Group","RightName":"WriteDacl","IsInherited":true},{"PrincipalSID":"AXLLE.HTB-S-1-5-32-544","PrincipalType":"Group","RightName":"WriteOwner","IsInherited":true},{"PrincipalSID":"AXLLE.HTB-S-1-5-32-544","PrincipalType":"Group","RightName":"AllExtendedRights","IsInherited":true},{"PrincipalSID":"AXLLE.HTB-S-1-5-32-544","PrincipalType":"Group","RightName":"GenericWrite","IsInherited":true}],"ObjectIdentifier":"S-1-5-21-1005535646-190407494-3473065389-1113","IsDeleted":false,"IsACLProtected":false},{"Properties":{"domain":"AXLLE.HTB","name":"XAVIER.EDMUND@AXLLE.HTB","distinguishedname":"CN=XAVIER EDMUND,DC=AXLLE,DC=HTB","domainsid":"S-1-5-21-1005535646-190407494-3473065389","highvalue":false,"samaccountname":"xavier.edmund","description":null,"whencreated":0,"sensitive":false,"dontreqpreauth":false,"passwordnotreqd":false,"unconstraineddelegation":false,"pwdneverexpires":false,"enabled":true,"trustedtoauth":false,"lastlogon":-1,"lastlogontimestamp":-1,"pwdlastset":-1,"serviceprincipalnames":[],"hasspn":false,"displayname":null,"email":null,"title":null,"homedirectory":null,"userpassword":null,"unixpassword":null,"unicodepassword":null,"sfupassword":null,"logonscript":null,"admincount":false,"sidhistory":[]},"AllowedToDelegate":[],"PrimaryGroupSID":"S-1-5-21-1005535646-190407494-3473065389-513","HasSIDHistory":[],"SPNTargets":[],"Aces":[{"PrincipalSID":"S-1-5-21-1005535646-190407494-3473065389-512","PrincipalType":"Group","RightName":"Owns","IsInherited":false},{"PrincipalSID":"AXLLE.HTB-S-1-5-32-544","PrincipalType":"Group","RightName":"WriteDacl","IsInherited":false},{"PrincipalSID":"AXLLE.HTB-S-1-5-32-544","PrincipalType":"Group","RightName":"WriteOwner","IsInherited":false},{"PrincipalSID":"AXLLE.HTB-S-1-5-32-544","PrincipalType":"Group","RightName":"AllExtendedRights","IsInherited":false},{"PrincipalSID":"AXLLE.HTB-S-1-5-32-544","PrincipalType":"Group","RightName":"GenericWrite","IsInherited":false},{"PrincipalSID":"AXLLE.HTB-S-1-5-32-548","PrincipalType":"Group","RightName":"GenericAll","IsInherited":false},{"PrincipalSID":"S-1-5-21-1005535646-190407494-3473065389-512","PrincipalType":"Group","RightName":"GenericAll","IsInherited":false},{"PrincipalSID":"S-1-5-21-1005535646-190407494-3473065389-519","PrincipalType":"Group","RightName":"GenericAll","IsInherited":false},{"PrincipalSID":"S-1-5-21-1005535646-190407494-3473065389-526","PrincipalType":"Group","RightName":"AddKeyCredentialLink","IsInherited":false},{"PrincipalSID":"S-1-5-21-1005535646-190407494-3473065389-527","PrincipalType":"Group","RightName":"AddKeyCredentialLink","IsInherited":false},{"PrincipalSID":"S-1-5-21-1005535646-190407494-3473065389-526","PrincipalType":"Group","RightName":"AddKeyCredentialLink","IsInherited":true},{"PrincipalSID":"S-1-5-21-1005535646-190407494-3473065389-527","PrincipalType":"Group","RightName":"AddKeyCredentialLink","IsInherited":true},{"PrincipalSID":"S-1-5-21-1005535646-190407494-3473065389-519","PrincipalType":"Group","RightName":"GenericAll","IsInherited":true},{"PrincipalSID":"AXLLE.HTB-S-1-5-32-544","PrincipalType":"Group","RightName":"WriteDacl","IsInherited":true},{"PrincipalSID":"AXLLE.HTB-S-1-5-32-544","PrincipalType":"Group","RightName":"WriteOwner","IsInherited":true},{"PrincipalSID":"AXLLE.HTB-S-1-5-32-544","PrincipalType":"Group","RightName":"AllExtendedRights","IsInherited":true},{"PrincipalSID":"AXLLE.HTB-S-1-5-32-544","PrincipalType":"Group","RightName":"GenericWrite","IsInherited":true}],"ObjectIdentifier":"S-1-5-21-1005535646-190407494-3473065389-1114","IsDeleted":false,"IsACLProtected":false},{"Properties":{"domain":"AXLLE.HTB","name":"EMILY.COOK@AXLLE.HTB","distinguishedname":"CN=EMILY COOK,DC=AXLLE,DC=HTB","domainsid":"S-1-5-21-1005535646-190407494-3473065389","highvalue":false,"samaccountname":"emily.cook","description":null,"whencreated":0,"sensitive":false,"dontreqpreauth":false,"passwordnotreqd":false,"unconstraineddelegation":false,"pwdneverexpires":false,"enabled":true,"trustedtoauth":false,"lastlogon":-1,"lastlogontimestamp":-1,"pwdlastset":-1,"serviceprincipalnames":[],"hasspn":false,"displayname":null,"email":null,"title":null,"homedirectory":null,"userpassword":null,"unixpassword":null,"unicodepassword":null,"sfupassword":null,"logonscript":null,"admincount":false,"sidhistory":[]},"AllowedToDelegate":[],"PrimaryGroupSID":"S-1-5-21-1005535646-190407494-3473065389-513","HasSIDHistory":[],"SPNTargets":[],"Aces":[{"PrincipalSID":"S-1-5-21-1005535646-190407494-3473065389-512","PrincipalType":"Group","RightName":"Owns","IsInherited":false},{"PrincipalSID":"AXLLE.HTB-S-1-5-32-544","PrincipalType":"Group","RightName":"WriteDacl","IsInherited":false},{"PrincipalSID":"AXLLE.HTB-S-1-5-32-544","PrincipalType":"Group","RightName":"WriteOwner","IsInherited":false},{"PrincipalSID":"AXLLE.HTB-S-1-5-32-544","PrincipalType":"Group","RightName":"AllExtendedRights","IsInherited":false},{"PrincipalSID":"AXLLE.HTB-S-1-5-32-544","PrincipalType":"Group","RightName":"GenericWrite","IsInherited":false},{"PrincipalSID":"AXLLE.HTB-S-1-5-32-548","PrincipalType":"Group","RightName":"GenericAll","IsInherited":false},{"PrincipalSID":"S-1-5-21-1005535646-190407494-3473065389-512","PrincipalType":"Group","RightName":"GenericAll","IsInherited":false},{"PrincipalSID":"S-1-5-21-1005535646-190407494-3473065389-519","PrincipalType":"Group","RightName":"GenericAll","IsInherited":false},{"PrincipalSID":"S-1-5-21-1005535646-190407494-3473065389-526","PrincipalType":"Group","RightName":"AddKeyCredentialLink","IsInherited":false},{"PrincipalSID":"S-1-5-21-1005535646-190407494-3473065389-527","PrincipalType":"Group","RightName":"AddKeyCredentialLink","IsInherited":false},{"PrincipalSID":"S-1-5-21-1005535646-190407494-3473065389-526","PrincipalType":"Group","RightName":"AddKeyCredentialLink","IsInherited":true},{"PrincipalSID":"S-1-5-21-1005535646-190407494-3473065389-527","PrincipalType":"Group","RightName":"AddKeyCredentialLink","IsInherited":true},{"PrincipalSID":"S-1-5-21-1005535646-190407494-3473065389-519","PrincipalType":"Group","RightName":"GenericAll","IsInherited":true},{"PrincipalSID":"AXLLE.HTB-S-1-5-32-544","PrincipalType":"Group","RightName":"WriteDacl","IsInherited":true},{"PrincipalSID":"AXLLE.HTB-S-1-5-32-544","PrincipalType":"Group","RightName":"WriteOwner","IsInherited":true},{"PrincipalSID":"AXLLE.HTB-S-1-5-32-544","PrincipalType":"Group","RightName":"AllExtendedRights","IsInherited":true},{"PrincipalSID":"AXLLE.HTB-S-1-5-32-544","PrincipalType":"Group","RightName":"GenericWrite","IsInherited":true}],"ObjectIdentifier":"S-1-5-21-1005535646-190407494-3473065389-1115","IsDeleted":false,"IsACLProtected":false},{"Properties":{"domain":"AXLLE.HTB","name":"BROOKE.GRAHAM@AXLLE.HTB","distinguishedname":"CN=BROOKE GRAHAM,DC=AXLLE,DC=HTB","domainsid":"S-1-5-21-1005535646-190407494-3473065389","highvalue":false,"samaccountname":"brooke.graham","description":null,"whencreated":0,"sensitive":false,"dontreqpreauth":false,"passwordnotreqd":false,"unconstraineddelegation":false,"pwdneverexpires":false,"enabled":true,"trustedtoauth":false,"lastlogon":-1,"lastlogontimestamp":-1,"pwdlastset":-1,"serviceprincipalnames":[],"hasspn":false,"displayname":null,"email":null,"title":null,"homedirectory":null,"userpassword":null,"unixpassword":null,"unicodepassword":null,"sfupassword":null,"logonscript":null,"admincount":false,"sidhistory":[]},"AllowedToDelegate":[],"PrimaryGroupSID":"S-1-5-21-1005535646-190407494-3473065389-513","HasSIDHistory":[],"SPNTargets":[],"Aces":[{"PrincipalSID":"S-1-5-21-1005535646-190407494-3473065389-512","PrincipalType":"Group","RightName":"Owns","IsInherited":false},{"PrincipalSID":"AXLLE.HTB-S-1-5-32-544","PrincipalType":"Group","RightName":"WriteDacl","IsInherited":false},{"PrincipalSID":"AXLLE.HTB-S-1-5-32-544","PrincipalType":"Group","RightName":"WriteOwner","IsInherited":false},{"PrincipalSID":"AXLLE.HTB-S-1-5-32-544","PrincipalType":"Group","RightName":"AllExtendedRights","IsInherited":false},{"PrincipalSID":"AXLLE.HTB-S-1-5-32-544","PrincipalType":"Group","RightName":"GenericWrite","IsInherited":false},{"PrincipalSID":"AXLLE.HTB-S-1-5-32-548","PrincipalType":"Group","RightName":"GenericAll","IsInherited":false},{"PrincipalSID":"S-1-5-21-1005535646-190407494-3473065389-512","PrincipalType":"Group","RightName":"GenericAll","IsInherited":false},{"PrincipalSID":"S-1-5-21-1005535646-190407494-3473065389-519","PrincipalType":"Group","RightName":"GenericAll","IsInherited":false},{"PrincipalSID":"S-1-5-21-1005535646-190407494-3473065389-526","PrincipalType":"Group","RightName":"AddKeyCredentialLink","IsInherited":false},{"PrincipalSID":"S-1-5-21-1005535646-190407494-3473065389-527","PrincipalType":"Group","RightName":"AddKeyCredentialLink","IsInherited":false},{"PrincipalSID":"S-1-5-21-1005535646-190407494-3473065389-526","PrincipalType":"Group","RightName":"AddKeyCredentialLink","IsInherited":true},{"PrincipalSID":"S-1-5-21-1005535646-190407494-3473065389-527","PrincipalType":"Group","RightName":"AddKeyCredentialLink","IsInherited":true},{"PrincipalSID":"S-1-5-21-1005535646-190407494-3473065389-519","PrincipalType":"Group","RightName":"GenericAll","IsInherited":true},{"PrincipalSID":"AXLLE.HTB-S-1-5-32-544","PrincipalType":"Group","RightName":"WriteDacl","IsInherited":true},{"PrincipalSID":"AXLLE.HTB-S-1-5-32-544","PrincipalType":"Group","RightName":"WriteOwner","IsInherited":true},{"PrincipalSID":"AXLLE.HTB-S-1-5-32-544","PrincipalType":"Group","RightName":"AllExtendedRights","IsInherited":true},{"PrincipalSID":"AXLLE.HTB-S-1-5-32-544","PrincipalType":"Group","RightName":"GenericWrite","IsInherited":true}],"ObjectIdentifier":"S-1-5-21-1005535646-190407494-3473065389-1116","IsDeleted":false,"IsACLProtected":false},{"Properties":{"domain":"AXLLE.HTB","name":"TRENT.LANGDON@AXLLE.HTB","distinguishedname":"CN=TRENT LANGDON,DC=AXLLE,DC=HTB","domainsid":"S-1-5-21-1005535646-190407494-3473065389","highvalue":false,"samaccountname":"trent.langdon","description":null,"whencreated":0,"sensitive":false,"dontreqpreauth":false,"passwordnotreqd":false,"unconstraineddelegation":false,"pwdneverexpires":false,"enabled":true,"trustedtoauth":false,"lastlogon":-1,"lastlogontimestamp":-1,"pwdlastset":-1,"serviceprincipalnames":[],"hasspn":false,"displayname":null,"email":null,"title":null,"homedirectory":null,"userpassword":null,"unixpassword":null,"unicodepassword":null,"sfupassword":null,"logonscript":null,"admincount":false,"sidhistory":[]},"AllowedToDelegate":[],"PrimaryGroupSID":"S-1-5-21-1005535646-190407494-3473065389-513","HasSIDHistory":[],"SPNTargets":[],"Aces":[{"PrincipalSID":"S-1-5-21-1005535646-190407494-3473065389-512","PrincipalType":"Group","RightName":"Owns","IsInherited":false},{"PrincipalSID":"AXLLE.HTB-S-1-5-32-544","PrincipalType":"Group","RightName":"WriteDacl","IsInherited":false},{"PrincipalSID":"AXLLE.HTB-S-1-5-32-544","PrincipalType":"Group","RightName":"WriteOwner","IsInherited":false},{"PrincipalSID":"AXLLE.HTB-S-1-5-32-544","PrincipalType":"Group","RightName":"AllExtendedRights","IsInherited":false},{"PrincipalSID":"AXLLE.HTB-S-1-5-32-544","PrincipalType":"Group","RightName":"GenericWrite","IsInherited":false},{"PrincipalSID":"AXLLE.HTB-S-1-5-32-548","PrincipalType":"Group","RightName":"GenericAll","IsInherited":false},{"PrincipalSID":"S-1-5-21-1005535646-190407494-3473065389-512","PrincipalType":"Group","RightName":"GenericAll","IsInherited":false},{"PrincipalSID":"S-1-5-21-1005535646-190407494-3473065389-519","PrincipalType":"Group","RightName":"GenericAll","IsInherited":false},{"PrincipalSID":"S-1-5-21-1005535646-190407494-3473065389-526","PrincipalType":"Group","RightName":"AddKeyCredentialLink","IsInherited":false},{"PrincipalSID":"S-1-5-21-1005535646-190407494-3473065389-527","PrincipalType":"Group","RightName":"AddKeyCredentialLink","IsInherited":false},{"PrincipalSID":"S-1-5-21-1005535646-190407494-3473065389-526","PrincipalType":"Group","RightName":"AddKeyCredentialLink","IsInherited":true},{"PrincipalSID":"S-1-5-21-1005535646-190407494-3473065389-527","PrincipalType":"Group","RightName":"AddKeyCredentialLink","IsInherited":true},{"PrincipalSID":"S-1-5-21-1005535646-190407494-3473065389-519","PrincipalType":"Group","RightName":"GenericAll","IsInherited":true},{"PrincipalSID":"AXLLE.HTB-S-1-5-32-544","PrincipalType":"Group","RightName":"WriteDacl","IsInherited":true},{"PrincipalSID":"AXLLE.HTB-S-1-5-32-544","PrincipalType":"Group","RightName":"WriteOwner","IsInherited":true},{"PrincipalSID":"AXLLE.HTB-S-1-5-32-544","PrincipalType":"Group","RightName":"AllExtendedRights","IsInherited":true},{"PrincipalSID":"AXLLE.HTB-S-1-5-32-544","PrincipalType":"Group","RightName":"GenericWrite","IsInherited":true}],"ObjectIdentifier":"S-1-5-21-1005535646-190407494-3473065389-1117","IsDeleted":false,"IsACLProtected":false},{"Properties":{"domain":"AXLLE.HTB","name":"MATT.DREW@AXLLE.HTB","distinguishedname":"CN=MATT DREW,DC=AXLLE,DC=HTB","domainsid":"S-1-5-21-1005535646-190407494-3473065389","highvalue":false,"samaccountname":"matt.drew","description":null,"whencreated":0,"sensitive":false,"dontreqpreauth":false,"passwordnotreqd":false,"unconstraineddelegation":false,"pwdneverexpires":false,"enabled":true,"trustedtoauth":false,"lastlogon":-1,"lastlogontimestamp":-1,"pwdlastset":-1,"serviceprincipalnames":[],"hasspn":false,"displayname":null,"email":null,"title":null,"homedirectory":null,"userpassword":null,"unixpassword":null,"unicodepassword":null,"sfupassword":null,"logonscript":null,"admincount":false,"sidhistory":[]},"AllowedToDelegate":[],"PrimaryGroupSID":"S-1-5-21-1005535646-190407494-3473065389-513","HasSIDHistory":[],"SPNTargets":[],"Aces":[{"PrincipalSID":"S-1-5-21-1005535646-190407494-3473065389-512","PrincipalType":"Group","RightName":"Owns","IsInherited":false},{"PrincipalSID":"AXLLE.HTB-S-1-5-32-544","PrincipalType":"Group","RightName":"WriteDacl","IsInherited":false},{"PrincipalSID":"AXLLE.HTB-S-1-5-32-544","PrincipalType":"Group","RightName":"WriteOwner","IsInherited":false},{"PrincipalSID":"AXLLE.HTB-S-1-5-32-544","PrincipalType":"Group","RightName":"AllExtendedRights","IsInherited":false},{"PrincipalSID":"AXLLE.HTB-S-1-5-32-544","PrincipalType":"Group","RightName":"GenericWrite","IsInherited":false},{"PrincipalSID":"AXLLE.HTB-S-1-5-32-548","PrincipalType":"Group","RightName":"GenericAll","IsInherited":false},{"PrincipalSID":"S-1-5-21-1005535646-190407494-3473065389-512","PrincipalType":"Group","RightName":"GenericAll","IsInherited":false},{"PrincipalSID":"S-1-5-21-1005535646-190407494-3473065389-519","PrincipalType":"Group","RightName":"GenericAll","IsInherited":false},{"PrincipalSID":"S-1-5-21-1005535646-190407494-3473065389-526","PrincipalType":"Group","RightName":"AddKeyCredentialLink","IsInherited":false},{"PrincipalSID":"S-1-5-21-1005535646-190407494-3473065389-527","PrincipalType":"Group","RightName":"AddKeyCredentialLink","IsInherited":false},{"PrincipalSID":"S-1-5-21-1005535646-190407494-3473065389-526","PrincipalType":"Group","RightName":"AddKeyCredentialLink","IsInherited":true},{"PrincipalSID":"S-1-5-21-1005535646-190407494-3473065389-527","PrincipalType":"Group","RightName":"AddKeyCredentialLink","IsInherited":true},{"PrincipalSID":"S-1-5-21-1005535646-190407494-3473065389-519","PrincipalType":"Group","RightName":"GenericAll","IsInherited":true},{"PrincipalSID":"AXLLE.HTB-S-1-5-32-544","PrincipalType":"Group","RightName":"WriteDacl","IsInherited":true},{"PrincipalSID":"AXLLE.HTB-S-1-5-32-544","PrincipalType":"Group","RightName":"WriteOwner","IsInherited":true},{"PrincipalSID":"AXLLE.HTB-S-1-5-32-544","PrincipalType":"Group","RightName":"AllExtendedRights","IsInherited":true},{"PrincipalSID":"AXLLE.HTB-S-1-5-32-544","PrincipalType":"Group","RightName":"GenericWrite","IsInherited":true}],"ObjectIdentifier":"S-1-5-21-1005535646-190407494-3473065389-1118","IsDeleted":false,"IsACLProtected":false},{"Properties":{"domain":"AXLLE.HTB","name":"JESS.ADAMS@AXLLE.HTB","distinguishedname":"CN=JESS ADAMS,DC=AXLLE,DC=HTB","domainsid":"S-1-5-21-1005535646-190407494-3473065389","highvalue":false,"samaccountname":"jess.adams","description":null,"whencreated":0,"sensitive":false,"dontreqpreauth":false,"passwordnotreqd":false,"unconstraineddelegation":false,"pwdneverexpires":false,"enabled":true,"trustedtoauth":false,"lastlogon":-1,"lastlogontimestamp":-1,"pwdlastset":-1,"serviceprincipalnames":[],"hasspn":false,"displayname":null,"email":null,"title":null,"homedirectory":null,"userpassword":null,"unixpassword":null,"unicodepassword":null,"sfupassword":null,"logonscript":null,"admincount":false,"sidhistory":[]},"AllowedToDelegate":[],"PrimaryGroupSID":"S-1-5-21-1005535646-190407494-3473065389-513","HasSIDHistory":[],"SPNTargets":[],"Aces":[{"PrincipalSID":"S-1-5-21-1005535646-190407494-3473065389-512","PrincipalType":"Group","RightName":"Owns","IsInherited":false},{"PrincipalSID":"AXLLE.HTB-S-1-5-32-544","PrincipalType":"Group","RightName":"WriteDacl","IsInherited":false},{"PrincipalSID":"AXLLE.HTB-S-1-5-32-544","PrincipalType":"Group","RightName":"WriteOwner","IsInherited":false},{"PrincipalSID":"AXLLE.HTB-S-1-5-32-544","PrincipalType":"Group","RightName":"AllExtendedRights","IsInherited":false},{"PrincipalSID":"AXLLE.HTB-S-1-5-32-544","PrincipalType":"Group","RightName":"GenericWrite","IsInherited":false},{"PrincipalSID":"AXLLE.HTB-S-1-5-32-548","PrincipalType":"Group","RightName":"GenericAll","IsInherited":false},{"PrincipalSID":"S-1-5-21-1005535646-190407494-3473065389-512","PrincipalType":"Group","RightName":"GenericAll","IsInherited":false},{"PrincipalSID":"S-1-5-21-1005535646-190407494-3473065389-519","PrincipalType":"Group","RightName":"GenericAll","IsInherited":false},{"PrincipalSID":"S-1-5-21-1005535646-190407494-3473065389-526","PrincipalType":"Group","RightName":"AddKeyCredentialLink","IsInherited":false},{"PrincipalSID":"S-1-5-21-1005535646-190407494-3473065389-527","PrincipalType":"Group","RightName":"AddKeyCredentialLink","IsInherited":false},{"PrincipalSID":"S-1-5-21-1005535646-190407494-3473065389-526","PrincipalType":"Group","RightName":"AddKeyCredentialLink","IsInherited":true},{"PrincipalSID":"S-1-5-21-1005535646-190407494-3473065389-527","PrincipalType":"Group","RightName":"AddKeyCredentialLink","IsInherited":true},{"PrincipalSID":"S-1-5-21-1005535646-190407494-3473065389-519","PrincipalType":"Group","RightName":"GenericAll","IsInherited":true},{"PrincipalSID":"AXLLE.HTB-S-1-5-32-544","PrincipalType":"Group","RightName":"WriteDacl","IsInherited":true},{"PrincipalSID":"AXLLE.HTB-S-1-5-32-544","PrincipalType":"Group","RightName":"WriteOwner","IsInherited":true},{"PrincipalSID":"AXLLE.HTB-S-1-5-32-544","PrincipalType":"Group","RightName":"AllExtendedRights","IsInherited":true},{"PrincipalSID":"AXLLE.HTB-S-1-5-32-544","PrincipalType":"Group","RightName":"GenericWrite","IsInherited":true}],"ObjectIdentifier":"S-1-5-21-1005535646-190407494-3473065389-1119","IsDeleted":false,"IsACLProtected":false},{"Properties":{"domain":"AXLLE.HTB","name":"SIMON.SMALLS@AXLLE.HTB","distinguishedname":"CN=SIMON SMALLS,DC=AXLLE,DC=HTB","domainsid":"S-1-5-21-1005535646-190407494-3473065389","highvalue":false,"samaccountname":"simon.smalls","description":null,"whencreated":0,"sensitive":false,"dontreqpreauth":false,"passwordnotreqd":false,"unconstraineddelegation":false,"pwdneverexpires":false,"enabled":true,"trustedtoauth":false,"lastlogon":-1,"lastlogontimestamp":-1,"pwdlastset":-1,"serviceprincipalnames":[],"hasspn":false,"displayname":null,"email":null,"title":null,"homedirectory":null,"userpassword":null,"unixpassword":null,"unicodepassword":null,"sfupassword":null,"logonscript":null,"admincount":false,"sidhistory":[]},"AllowedToDelegate":[],"PrimaryGroupSID":"S-1-5-21-1005535646-190407494-3473065389-513","HasSIDHistory":[],"SPNTargets":[],"Aces":[{"PrincipalSID":"S-1-5-21-1005535646-190407494-3473065389-512","PrincipalType":"Group","RightName":"Owns","IsInherited":false},{"PrincipalSID":"AXLLE.HTB-S-1-5-32-544","PrincipalType":"Group","RightName":"WriteDacl","IsInherited":false},{"PrincipalSID":"AXLLE.HTB-S-1-5-32-544","PrincipalType":"Group","RightName":"WriteOwner","IsInherited":false},{"PrincipalSID":"AXLLE.HTB-S-1-5-32-544","PrincipalType":"Group","RightName":"AllExtendedRights","IsInherited":false},{"PrincipalSID":"AXLLE.HTB-S-1-5-32-544","PrincipalType":"Group","RightName":"GenericWrite","IsInherited":false},{"PrincipalSID":"AXLLE.HTB-S-1-5-32-548","PrincipalType":"Group","RightName":"GenericAll","IsInherited":false},{"PrincipalSID":"S-1-5-21-1005535646-190407494-3473065389-512","PrincipalType":"Group","RightName":"GenericAll","IsInherited":false},{"PrincipalSID":"S-1-5-21-1005535646-190407494-3473065389-519","PrincipalType":"Group","RightName":"GenericAll","IsInherited":false},{"PrincipalSID":"S-1-5-21-1005535646-190407494-3473065389-526","PrincipalType":"Group","RightName":"AddKeyCredentialLink","IsInherited":false},{"PrincipalSID":"S-1-5-21-1005535646-190407494-3473065389-527","PrincipalType":"Group","RightName":"AddKeyCredentialLink","IsInherited":false},{"PrincipalSID":"S-1-5-21-1005535646-190407494-3473065389-526","PrincipalType":"Group","RightName":"AddKeyCredentialLink","IsInherited":true},{"PrincipalSID":"S-1-5-21-1005535646-190407494-3473065389-527","PrincipalType":"Group","RightName":"AddKeyCredentialLink","IsInherited":true},{"PrincipalSID":"S-1-5-21-1005535646-190407494-3473065389-519","PrincipalType":"Group","RightName":"GenericAll","IsInherited":true},{"PrincipalSID":"AXLLE.HTB-S-1-5-32-544","PrincipalType":"Group","RightName":"WriteDacl","IsInherited":true},{"PrincipalSID":"AXLLE.HTB-S-1-5-32-544","PrincipalType":"Group","RightName":"WriteOwner","IsInherited":true},{"PrincipalSID":"AXLLE.HTB-S-1-5-32-544","PrincipalType":"Group","RightName":"AllExtendedRights","IsInherited":true},{"PrincipalSID":"AXLLE.HTB-S-1-5-32-544","PrincipalType":"Group","RightName":"GenericWrite","IsInherited":true}],"ObjectIdentifier":"S-1-5-21-1005535646-190407494-3473065389-1121","IsDeleted":false,"IsACLProtected":false},{"Properties":{"domain":"AXLLE.HTB","name":"DAN.KENDO@AXLLE.HTB","distinguishedname":"CN=DAN KENDO,DC=AXLLE,DC=HTB","domainsid":"S-1-5-21-1005535646-190407494-3473065389","highvalue":false,"samaccountname":"dan.kendo","description":null,"whencreated":0,"sensitive":false,"dontreqpreauth":false,"passwordnotreqd":false,"unconstraineddelegation":false,"pwdneverexpires":false,"enabled":true,"trustedtoauth":false,"lastlogon":-1,"lastlogontimestamp":-1,"pwdlastset":-1,"serviceprincipalnames":[],"hasspn":false,"displayname":null,"email":null,"title":null,"homedirectory":null,"userpassword":null,"unixpassword":null,"unicodepassword":null,"sfupassword":null,"logonscript":null,"admincount":false,"sidhistory":[]},"AllowedToDelegate":[],"PrimaryGroupSID":"S-1-5-21-1005535646-190407494-3473065389-513","HasSIDHistory":[],"SPNTargets":[],"Aces":[{"PrincipalSID":"S-1-5-21-1005535646-190407494-3473065389-512","PrincipalType":"Group","RightName":"Owns","IsInherited":false},{"PrincipalSID":"AXLLE.HTB-S-1-5-32-544","PrincipalType":"Group","RightName":"WriteDacl","IsInherited":false},{"PrincipalSID":"AXLLE.HTB-S-1-5-32-544","PrincipalType":"Group","RightName":"WriteOwner","IsInherited":false},{"PrincipalSID":"AXLLE.HTB-S-1-5-32-544","PrincipalType":"Group","RightName":"AllExtendedRights","IsInherited":false},{"PrincipalSID":"AXLLE.HTB-S-1-5-32-544","PrincipalType":"Group","RightName":"GenericWrite","IsInherited":false},{"PrincipalSID":"AXLLE.HTB-S-1-5-32-548","PrincipalType":"Group","RightName":"GenericAll","IsInherited":false},{"PrincipalSID":"S-1-5-21-1005535646-190407494-3473065389-512","PrincipalType":"Group","RightName":"GenericAll","IsInherited":false},{"PrincipalSID":"S-1-5-21-1005535646-190407494-3473065389-519","PrincipalType":"Group","RightName":"GenericAll","IsInherited":false},{"PrincipalSID":"S-1-5-21-1005535646-190407494-3473065389-526","PrincipalType":"Group","RightName":"AddKeyCredentialLink","IsInherited":false},{"PrincipalSID":"S-1-5-21-1005535646-190407494-3473065389-527","PrincipalType":"Group","RightName":"AddKeyCredentialLink","IsInherited":false},{"PrincipalSID":"S-1-5-21-1005535646-190407494-3473065389-526","PrincipalType":"Group","RightName":"AddKeyCredentialLink","IsInherited":true},{"PrincipalSID":"S-1-5-21-1005535646-190407494-3473065389-527","PrincipalType":"Group","RightName":"AddKeyCredentialLink","IsInherited":true},{"PrincipalSID":"S-1-5-21-1005535646-190407494-3473065389-519","PrincipalType":"Group","RightName":"GenericAll","IsInherited":true},{"PrincipalSID":"AXLLE.HTB-S-1-5-32-544","PrincipalType":"Group","RightName":"WriteDacl","IsInherited":true},{"PrincipalSID":"AXLLE.HTB-S-1-5-32-544","PrincipalType":"Group","RightName":"WriteOwner","IsInherited":true},{"PrincipalSID":"AXLLE.HTB-S-1-5-32-544","PrincipalType":"Group","RightName":"AllExtendedRights","IsInherited":true},{"PrincipalSID":"AXLLE.HTB-S-1-5-32-544","PrincipalType":"Group","RightName":"GenericWrite","IsInherited":true}],"ObjectIdentifier":"S-1-5-21-1005535646-190407494-3473065389-1122","IsDeleted":false,"IsACLProtected":false},{"Properties":{"domain":"AXLLE.HTB","name":"LINDSAY.RICHARDS@AXLLE.HTB","distinguishedname":"CN=LINDSAY RICHARDS,DC=AXLLE,DC=HTB","domainsid":"S-1-5-21-1005535646-190407494-3473065389","highvalue":false,"samaccountname":"lindsay.richards","description":null,"whencreated":0,"sensitive":false,"dontreqpreauth":false,"passwordnotreqd":false,"unconstraineddelegation":false,"pwdneverexpires":false,"enabled":true,"trustedtoauth":false,"lastlogon":-1,"lastlogontimestamp":-1,"pwdlastset":-1,"serviceprincipalnames":[],"hasspn":false,"displayname":null,"email":null,"title":null,"homedirectory":null,"userpassword":null,"unixpassword":null,"unicodepassword":null,"sfupassword":null,"logonscript":null,"admincount":false,"sidhistory":[]},"AllowedToDelegate":[],"PrimaryGroupSID":"S-1-5-21-1005535646-190407494-3473065389-513","HasSIDHistory":[],"SPNTargets":[],"Aces":[{"PrincipalSID":"S-1-5-21-1005535646-190407494-3473065389-512","PrincipalType":"Group","RightName":"Owns","IsInherited":false},{"PrincipalSID":"AXLLE.HTB-S-1-5-32-544","PrincipalType":"Group","RightName":"WriteDacl","IsInherited":false},{"PrincipalSID":"AXLLE.HTB-S-1-5-32-544","PrincipalType":"Group","RightName":"WriteOwner","IsInherited":false},{"PrincipalSID":"AXLLE.HTB-S-1-5-32-544","PrincipalType":"Group","RightName":"AllExtendedRights","IsInherited":false},{"PrincipalSID":"AXLLE.HTB-S-1-5-32-544","PrincipalType":"Group","RightName":"GenericWrite","IsInherited":false},{"PrincipalSID":"AXLLE.HTB-S-1-5-32-548","PrincipalType":"Group","RightName":"GenericAll","IsInherited":false},{"PrincipalSID":"S-1-5-21-1005535646-190407494-3473065389-512","PrincipalType":"Group","RightName":"GenericAll","IsInherited":false},{"PrincipalSID":"S-1-5-21-1005535646-190407494-3473065389-519","PrincipalType":"Group","RightName":"GenericAll","IsInherited":false},{"PrincipalSID":"S-1-5-21-1005535646-190407494-3473065389-526","PrincipalType":"Group","RightName":"AddKeyCredentialLink","IsInherited":false},{"PrincipalSID":"S-1-5-21-1005535646-190407494-3473065389-527","PrincipalType":"Group","RightName":"AddKeyCredentialLink","IsInherited":false},{"PrincipalSID":"S-1-5-21-1005535646-190407494-3473065389-526","PrincipalType":"Group","RightName":"AddKeyCredentialLink","IsInherited":true},{"PrincipalSID":"S-1-5-21-1005535646-190407494-3473065389-527","PrincipalType":"Group","RightName":"AddKeyCredentialLink","IsInherited":true},{"PrincipalSID":"S-1-5-21-1005535646-190407494-3473065389-519","PrincipalType":"Group","RightName":"GenericAll","IsInherited":true},{"PrincipalSID":"AXLLE.HTB-S-1-5-32-544","PrincipalType":"Group","RightName":"WriteDacl","IsInherited":true},{"PrincipalSID":"AXLLE.HTB-S-1-5-32-544","PrincipalType":"Group","RightName":"WriteOwner","IsInherited":true},{"PrincipalSID":"AXLLE.HTB-S-1-5-32-544","PrincipalType":"Group","RightName":"AllExtendedRights","IsInherited":true},{"PrincipalSID":"AXLLE.HTB-S-1-5-32-544","PrincipalType":"Group","RightName":"GenericWrite","IsInherited":true}],"ObjectIdentifier":"S-1-5-21-1005535646-190407494-3473065389-1123","IsDeleted":false,"IsACLProtected":false},{"Properties":{"domain":"AXLLE.HTB","name":"CALUM.SCOTT@AXLLE.HTB","distinguishedname":"CN=CALUM SCOTT,DC=AXLLE,DC=HTB","domainsid":"S-1-5-21-1005535646-190407494-3473065389","highvalue":false,"samaccountname":"calum.scott","description":null,"whencreated":0,"sensitive":false,"dontreqpreauth":false,"passwordnotreqd":false,"unconstraineddelegation":false,"pwdneverexpires":false,"enabled":true,"trustedtoauth":false,"lastlogon":-1,"lastlogontimestamp":-1,"pwdlastset":-1,"serviceprincipalnames":[],"hasspn":false,"displayname":null,"email":null,"title":null,"homedirectory":null,"userpassword":null,"unixpassword":null,"unicodepassword":null,"sfupassword":null,"logonscript":null,"admincount":false,"sidhistory":[]},"AllowedToDelegate":[],"PrimaryGroupSID":"S-1-5-21-1005535646-190407494-3473065389-513","HasSIDHistory":[],"SPNTargets":[],"Aces":[{"PrincipalSID":"S-1-5-21-1005535646-190407494-3473065389-512","PrincipalType":"Group","RightName":"Owns","IsInherited":false},{"PrincipalSID":"AXLLE.HTB-S-1-5-32-544","PrincipalType":"Group","RightName":"WriteDacl","IsInherited":false},{"PrincipalSID":"AXLLE.HTB-S-1-5-32-544","PrincipalType":"Group","RightName":"WriteOwner","IsInherited":false},{"PrincipalSID":"AXLLE.HTB-S-1-5-32-544","PrincipalType":"Group","RightName":"AllExtendedRights","IsInherited":false},{"PrincipalSID":"AXLLE.HTB-S-1-5-32-544","PrincipalType":"Group","RightName":"GenericWrite","IsInherited":false},{"PrincipalSID":"AXLLE.HTB-S-1-5-32-548","PrincipalType":"Group","RightName":"GenericAll","IsInherited":false},{"PrincipalSID":"S-1-5-21-1005535646-190407494-3473065389-512","PrincipalType":"Group","RightName":"GenericAll","IsInherited":false},{"PrincipalSID":"S-1-5-21-1005535646-190407494-3473065389-519","PrincipalType":"Group","RightName":"GenericAll","IsInherited":false},{"PrincipalSID":"S-1-5-21-1005535646-190407494-3473065389-526","PrincipalType":"Group","RightName":"AddKeyCredentialLink","IsInherited":false},{"PrincipalSID":"S-1-5-21-1005535646-190407494-3473065389-527","PrincipalType":"Group","RightName":"AddKeyCredentialLink","IsInherited":false},{"PrincipalSID":"S-1-5-21-1005535646-190407494-3473065389-526","PrincipalType":"Group","RightName":"AddKeyCredentialLink","IsInherited":true},{"PrincipalSID":"S-1-5-21-1005535646-190407494-3473065389-527","PrincipalType":"Group","RightName":"AddKeyCredentialLink","IsInherited":true},{"PrincipalSID":"S-1-5-21-1005535646-190407494-3473065389-519","PrincipalType":"Group","RightName":"GenericAll","IsInherited":true},{"PrincipalSID":"AXLLE.HTB-S-1-5-32-544","PrincipalType":"Group","RightName":"WriteDacl","IsInherited":true},{"PrincipalSID":"AXLLE.HTB-S-1-5-32-544","PrincipalType":"Group","RightName":"WriteOwner","IsInherited":true},{"PrincipalSID":"AXLLE.HTB-S-1-5-32-544","PrincipalType":"Group","RightName":"AllExtendedRights","IsInherited":true},{"PrincipalSID":"AXLLE.HTB-S-1-5-32-544","PrincipalType":"Group","RightName":"GenericWrite","IsInherited":true}],"ObjectIdentifier":"S-1-5-21-1005535646-190407494-3473065389-1124","IsDeleted":false,"IsACLProtected":false},{"Properties":{"domain":"AXLLE.HTB","name":"DALLON.MATRIX@AXLLE.HTB","distinguishedname":"CN=DALLON MATRIX,DC=AXLLE,DC=HTB","domainsid":"S-1-5-21-1005535646-190407494-3473065389","highvalue":false,"samaccountname":"dallon.matrix","description":null,"whencreated":0,"sensitive":false,"dontreqpreauth":false,"passwordnotreqd":false,"unconstraineddelegation":false,"pwdneverexpires":false,"enabled":true,"trustedtoauth":false,"lastlogon":-1,"lastlogontimestamp":-1,"pwdlastset":-1,"serviceprincipalnames":[],"hasspn":false,"displayname":null,"email":null,"title":null,"homedirectory":null,"userpassword":null,"unixpassword":null,"unicodepassword":null,"sfupassword":null,"logonscript":null,"admincount":false,"sidhistory":[]},"AllowedToDelegate":[],"PrimaryGroupSID":"S-1-5-21-1005535646-190407494-3473065389-513","HasSIDHistory":[],"SPNTargets":[],"Aces":[{"PrincipalSID":"S-1-5-21-1005535646-190407494-3473065389-512","PrincipalType":"Group","RightName":"Owns","IsInherited":false},{"PrincipalSID":"AXLLE.HTB-S-1-5-32-544","PrincipalType":"Group","RightName":"WriteDacl","IsInherited":false},{"PrincipalSID":"AXLLE.HTB-S-1-5-32-544","PrincipalType":"Group","RightName":"WriteOwner","IsInherited":false},{"PrincipalSID":"AXLLE.HTB-S-1-5-32-544","PrincipalType":"Group","RightName":"AllExtendedRights","IsInherited":false},{"PrincipalSID":"AXLLE.HTB-S-1-5-32-544","PrincipalType":"Group","RightName":"GenericWrite","IsInherited":false},{"PrincipalSID":"AXLLE.HTB-S-1-5-32-548","PrincipalType":"Group","RightName":"GenericAll","IsInherited":false},{"PrincipalSID":"S-1-5-21-1005535646-190407494-3473065389-512","PrincipalType":"Group","RightName":"GenericAll","IsInherited":false},{"PrincipalSID":"S-1-5-21-1005535646-190407494-3473065389-519","PrincipalType":"Group","RightName":"GenericAll","IsInherited":false},{"PrincipalSID":"S-1-5-21-1005535646-190407494-3473065389-526","PrincipalType":"Group","RightName":"AddKeyCredentialLink","IsInherited":false},{"PrincipalSID":"S-1-5-21-1005535646-190407494-3473065389-527","PrincipalType":"Group","RightName":"AddKeyCredentialLink","IsInherited":false},{"PrincipalSID":"S-1-5-21-1005535646-190407494-3473065389-526","PrincipalType":"Group","RightName":"AddKeyCredentialLink","IsInherited":true},{"PrincipalSID":"S-1-5-21-1005535646-190407494-3473065389-527","PrincipalType":"Group","RightName":"AddKeyCredentialLink","IsInherited":true},{"PrincipalSID":"S-1-5-21-1005535646-190407494-3473065389-519","PrincipalType":"Group","RightName":"GenericAll","IsInherited":true},{"PrincipalSID":"AXLLE.HTB-S-1-5-32-544","PrincipalType":"Group","RightName":"WriteDacl","IsInherited":true},{"PrincipalSID":"AXLLE.HTB-S-1-5-32-544","PrincipalType":"Group","RightName":"WriteOwner","IsInherited":true},{"PrincipalSID":"AXLLE.HTB-S-1-5-32-544","PrincipalType":"Group","RightName":"AllExtendedRights","IsInherited":true},{"PrincipalSID":"AXLLE.HTB-S-1-5-32-544","PrincipalType":"Group","RightName":"GenericWrite","IsInherited":true}],"ObjectIdentifier":"S-1-5-21-1005535646-190407494-3473065389-1125","IsDeleted":false,"IsACLProtected":false},{"Properties":{"domain":"AXLLE.HTB","name":"GUEST@AXLLE.HTB","distinguishedname":"CN=GUEST,CN=USERS,DC=AXLLE,DC=HTB","domainsid":"S-1-5-21-1005535646-190407494-3473065389","highvalue":false,"samaccountname":"Guest","description":"Built-in account for guest access to the computer/domain","whencreated":0,"sensitive":false,"dontreqpreauth":false,"passwordnotreqd":false,"unconstraineddelegation":false,"pwdneverexpires":false,"enabled":true,"trustedtoauth":false,"lastlogon":-1,"lastlogontimestamp":-1,"pwdlastset":-1,"serviceprincipalnames":[],"hasspn":false,"displayname":null,"email":null,"title":null,"homedirectory":null,"userpassword":null,"unixpassword":null,"unicodepassword":null,"sfupassword":null,"logonscript":null,"admincount":false,"sidhistory":[]},"AllowedToDelegate":[],"PrimaryGroupSID":"S-1-5-21-1005535646-190407494-3473065389-514","HasSIDHistory":[],"SPNTargets":[],"Aces":[{"PrincipalSID":"AXLLE.HTB-S-1-5-32-544","PrincipalType":"Group","RightName":"Owns","IsInherited":false},{"PrincipalSID":"AXLLE.HTB-S-1-5-32-544","PrincipalType":"Group","RightName":"WriteDacl","IsInherited":false},{"PrincipalSID":"AXLLE.HTB-S-1-5-32-544","PrincipalType":"Group","RightName":"WriteOwner","IsInherited":false},{"PrincipalSID":"AXLLE.HTB-S-1-5-32-544","PrincipalType":"Group","RightName":"AllExtendedRights","IsInherited":false},{"PrincipalSID":"AXLLE.HTB-S-1-5-32-544","PrincipalType":"Group","RightName":"GenericWrite","IsInherited":false},{"PrincipalSID":"AXLLE.HTB-S-1-5-32-548","PrincipalType":"Group","RightName":"GenericAll","IsInherited":false},{"PrincipalSID":"S-1-5-21-1005535646-190407494-3473065389-512","PrincipalType":"Group","RightName":"GenericAll","IsInherited":false},{"PrincipalSID":"S-1-5-21-1005535646-190407494-3473065389-519","PrincipalType":"Group","RightName":"GenericAll","IsInherited":false},{"PrincipalSID":"S-1-5-21-1005535646-190407494-3473065389-526","PrincipalType":"Group","RightName":"AddKeyCredentialLink","IsInherited":false},{"PrincipalSID":"S-1-5-21-1005535646-190407494-3473065389-527","PrincipalType":"Group","RightName":"AddKeyCredentialLink","IsInherited":false}],"ObjectIdentifier":"S-1-5-21-1005535646-190407494-3473065389-501","IsDeleted":false,"IsACLProtected":true},{"Properties":{"domain":"AXLLE.HTB","name":"BRAD.SHAW@AXLLE.HTB","distinguishedname":"CN=BRAD SHAW,DC=AXLLE,DC=HTB","domainsid":"S-1-5-21-1005535646-190407494-3473065389","highvalue":false,"samaccountname":"brad.shaw","description":null,"whencreated":0,"sensitive":false,"dontreqpreauth":false,"passwordnotreqd":false,"unconstraineddelegation":false,"pwdneverexpires":false,"enabled":true,"trustedtoauth":false,"lastlogon":-1,"lastlogontimestamp":-1,"pwdlastset":-1,"serviceprincipalnames":[],"hasspn":false,"displayname":null,"email":null,"title":null,"homedirectory":null,"userpassword":null,"unixpassword":null,"unicodepassword":null,"sfupassword":null,"logonscript":null,"admincount":false,"sidhistory":[]},"AllowedToDelegate":[],"PrimaryGroupSID":"S-1-5-21-1005535646-190407494-3473065389-513","HasSIDHistory":[],"SPNTargets":[],"Aces":[{"PrincipalSID":"S-1-5-21-1005535646-190407494-3473065389-512","PrincipalType":"Group","RightName":"Owns","IsInherited":false},{"PrincipalSID":"AXLLE.HTB-S-1-5-32-544","PrincipalType":"Group","RightName":"WriteDacl","IsInherited":false},{"PrincipalSID":"AXLLE.HTB-S-1-5-32-544","PrincipalType":"Group","RightName":"WriteOwner","IsInherited":false},{"PrincipalSID":"AXLLE.HTB-S-1-5-32-544","PrincipalType":"Group","RightName":"AllExtendedRights","IsInherited":false},{"PrincipalSID":"AXLLE.HTB-S-1-5-32-544","PrincipalType":"Group","RightName":"GenericWrite","IsInherited":false},{"PrincipalSID":"AXLLE.HTB-S-1-5-32-548","PrincipalType":"Group","RightName":"GenericAll","IsInherited":false},{"PrincipalSID":"S-1-5-21-1005535646-190407494-3473065389-512","PrincipalType":"Group","RightName":"GenericAll","IsInherited":false},{"PrincipalSID":"S-1-5-21-1005535646-190407494-3473065389-519","PrincipalType":"Group","RightName":"GenericAll","IsInherited":false},{"PrincipalSID":"S-1-5-21-1005535646-190407494-3473065389-526","PrincipalType":"Group","RightName":"AddKeyCredentialLink","IsInherited":false},{"PrincipalSID":"S-1-5-21-1005535646-190407494-3473065389-527","PrincipalType":"Group","RightName":"AddKeyCredentialLink","IsInherited":false},{"PrincipalSID":"S-1-5-21-1005535646-190407494-3473065389-526","PrincipalType":"Group","RightName":"AddKeyCredentialLink","IsInherited":true},{"PrincipalSID":"S-1-5-21-1005535646-190407494-3473065389-527","PrincipalType":"Group","RightName":"AddKeyCredentialLink","IsInherited":true},{"PrincipalSID":"S-1-5-21-1005535646-190407494-3473065389-519","PrincipalType":"Group","RightName":"GenericAll","IsInherited":true},{"PrincipalSID":"AXLLE.HTB-S-1-5-32-544","PrincipalType":"Group","RightName":"WriteDacl","IsInherited":true},{"PrincipalSID":"AXLLE.HTB-S-1-5-32-544","PrincipalType":"Group","RightName":"WriteOwner","IsInherited":true},{"PrincipalSID":"AXLLE.HTB-S-1-5-32-544","PrincipalType":"Group","RightName":"AllExtendedRights","IsInherited":true},{"PrincipalSID":"AXLLE.HTB-S-1-5-32-544","PrincipalType":"Group","RightName":"GenericWrite","IsInherited":true}],"ObjectIdentifier":"S-1-5-21-1005535646-190407494-3473065389-1111","IsDeleted":false,"IsACLProtected":false},{"Properties":{"domain":"AXLLE.HTB","name":"FRANKIE.ROSE@AXLLE.HTB","distinguishedname":"CN=FRANKIE ROSE,DC=AXLLE,DC=HTB","domainsid":"S-1-5-21-1005535646-190407494-3473065389","highvalue":false,"samaccountname":"frankie.rose","description":null,"whencreated":0,"sensitive":false,"dontreqpreauth":false,"passwordnotreqd":false,"unconstraineddelegation":false,"pwdneverexpires":false,"enabled":true,"trustedtoauth":false,"lastlogon":-1,"lastlogontimestamp":-1,"pwdlastset":-1,"serviceprincipalnames":[],"hasspn":false,"displayname":null,"email":null,"title":null,"homedirectory":null,"userpassword":null,"unixpassword":null,"unicodepassword":null,"sfupassword":null,"logonscript":null,"admincount":false,"sidhistory":[]},"AllowedToDelegate":[],"PrimaryGroupSID":"S-1-5-21-1005535646-190407494-3473065389-513","HasSIDHistory":[],"SPNTargets":[],"Aces":[{"PrincipalSID":"S-1-5-21-1005535646-190407494-3473065389-512","PrincipalType":"Group","RightName":"Owns","IsInherited":false},{"PrincipalSID":"AXLLE.HTB-S-1-5-32-544","PrincipalType":"Group","RightName":"WriteDacl","IsInherited":false},{"PrincipalSID":"AXLLE.HTB-S-1-5-32-544","PrincipalType":"Group","RightName":"WriteOwner","IsInherited":false},{"PrincipalSID":"AXLLE.HTB-S-1-5-32-544","PrincipalType":"Group","RightName":"AllExtendedRights","IsInherited":false},{"PrincipalSID":"AXLLE.HTB-S-1-5-32-544","PrincipalType":"Group","RightName":"GenericWrite","IsInherited":false},{"PrincipalSID":"AXLLE.HTB-S-1-5-32-548","PrincipalType":"Group","RightName":"GenericAll","IsInherited":false},{"PrincipalSID":"S-1-5-21-1005535646-190407494-3473065389-512","PrincipalType":"Group","RightName":"GenericAll","IsInherited":false},{"PrincipalSID":"S-1-5-21-1005535646-190407494-3473065389-519","PrincipalType":"Group","RightName":"GenericAll","IsInherited":false},{"PrincipalSID":"S-1-5-21-1005535646-190407494-3473065389-526","PrincipalType":"Group","RightName":"AddKeyCredentialLink","IsInherited":false},{"PrincipalSID":"S-1-5-21-1005535646-190407494-3473065389-527","PrincipalType":"Group","RightName":"AddKeyCredentialLink","IsInherited":false},{"PrincipalSID":"S-1-5-21-1005535646-190407494-3473065389-526","PrincipalType":"Group","RightName":"AddKeyCredentialLink","IsInherited":true},{"PrincipalSID":"S-1-5-21-1005535646-190407494-3473065389-527","PrincipalType":"Group","RightName":"AddKeyCredentialLink","IsInherited":true},{"PrincipalSID":"S-1-5-21-1005535646-190407494-3473065389-519","PrincipalType":"Group","RightName":"GenericAll","IsInherited":true},{"PrincipalSID":"AXLLE.HTB-S-1-5-32-544","PrincipalType":"Group","RightName":"WriteDacl","IsInherited":true},{"PrincipalSID":"AXLLE.HTB-S-1-5-32-544","PrincipalType":"Group","RightName":"WriteOwner","IsInherited":true},{"PrincipalSID":"AXLLE.HTB-S-1-5-32-544","PrincipalType":"Group","RightName":"AllExtendedRights","IsInherited":true},{"PrincipalSID":"AXLLE.HTB-S-1-5-32-544","PrincipalType":"Group","RightName":"GenericWrite","IsInherited":true}],"ObjectIdentifier":"S-1-5-21-1005535646-190407494-3473065389-1110","IsDeleted":false,"IsACLProtected":false},{"Properties":{"domain":"AXLLE.HTB","name":"DAVID.BRICE@AXLLE.HTB","distinguishedname":"CN=DAVID BRICE,DC=AXLLE,DC=HTB","domainsid":"S-1-5-21-1005535646-190407494-3473065389","highvalue":false,"samaccountname":"david.brice","description":null,"whencreated":0,"sensitive":false,"dontreqpreauth":false,"passwordnotreqd":false,"unconstraineddelegation":false,"pwdneverexpires":false,"enabled":true,"trustedtoauth":false,"lastlogon":-1,"lastlogontimestamp":-1,"pwdlastset":-1,"serviceprincipalnames":[],"hasspn":false,"displayname":null,"email":null,"title":null,"homedirectory":null,"userpassword":null,"unixpassword":null,"unicodepassword":null,"sfupassword":null,"logonscript":null,"admincount":false,"sidhistory":[]},"AllowedToDelegate":[],"PrimaryGroupSID":"S-1-5-21-1005535646-190407494-3473065389-513","HasSIDHistory":[],"SPNTargets":[],"Aces":[{"PrincipalSID":"S-1-5-21-1005535646-190407494-3473065389-512","PrincipalType":"Group","RightName":"Owns","IsInherited":false},{"PrincipalSID":"AXLLE.HTB-S-1-5-32-544","PrincipalType":"Group","RightName":"WriteDacl","IsInherited":false},{"PrincipalSID":"AXLLE.HTB-S-1-5-32-544","PrincipalType":"Group","RightName":"WriteOwner","IsInherited":false},{"PrincipalSID":"AXLLE.HTB-S-1-5-32-544","PrincipalType":"Group","RightName":"AllExtendedRights","IsInherited":false},{"PrincipalSID":"AXLLE.HTB-S-1-5-32-544","PrincipalType":"Group","RightName":"GenericWrite","IsInherited":false},{"PrincipalSID":"AXLLE.HTB-S-1-5-32-548","PrincipalType":"Group","RightName":"GenericAll","IsInherited":false},{"PrincipalSID":"S-1-5-21-1005535646-190407494-3473065389-512","PrincipalType":"Group","RightName":"GenericAll","IsInherited":false},{"PrincipalSID":"S-1-5-21-1005535646-190407494-3473065389-519","PrincipalType":"Group","RightName":"GenericAll","IsInherited":false},{"PrincipalSID":"S-1-5-21-1005535646-190407494-3473065389-526","PrincipalType":"Group","RightName":"AddKeyCredentialLink","IsInherited":false},{"PrincipalSID":"S-1-5-21-1005535646-190407494-3473065389-527","PrincipalType":"Group","RightName":"AddKeyCredentialLink","IsInherited":false},{"PrincipalSID":"S-1-5-21-1005535646-190407494-3473065389-526","PrincipalType":"Group","RightName":"AddKeyCredentialLink","IsInherited":true},{"PrincipalSID":"S-1-5-21-1005535646-190407494-3473065389-527","PrincipalType":"Group","RightName":"AddKeyCredentialLink","IsInherited":true},{"PrincipalSID":"S-1-5-21-1005535646-190407494-3473065389-519","PrincipalType":"Group","RightName":"GenericAll","IsInherited":true},{"PrincipalSID":"AXLLE.HTB-S-1-5-32-544","PrincipalType":"Group","RightName":"WriteDacl","IsInherited":true},{"PrincipalSID":"AXLLE.HTB-S-1-5-32-544","PrincipalType":"Group","RightName":"WriteOwner","IsInherited":true},{"PrincipalSID":"AXLLE.HTB-S-1-5-32-544","PrincipalType":"Group","RightName":"AllExtendedRights","IsInherited":true},{"PrincipalSID":"AXLLE.HTB-S-1-5-32-544","PrincipalType":"Group","RightName":"GenericWrite","IsInherited":true}],"ObjectIdentifier":"S-1-5-21-1005535646-190407494-3473065389-1109","IsDeleted":false,"IsACLProtected":false},{"Properties":{"domain":"AXLLE.HTB","name":"KRBTGT@AXLLE.HTB","distinguishedname":"CN=KRBTGT,CN=USERS,DC=AXLLE,DC=HTB","domainsid":"S-1-5-21-1005535646-190407494-3473065389","highvalue":false,"samaccountname":"krbtgt","description":"Key Distribution Center Service Account","whencreated":1704079136,"sensitive":false,"dontreqpreauth":false,"passwordnotreqd":false,"unconstraineddelegation":false,"pwdneverexpires":false,"enabled":false,"trustedtoauth":false,"lastlogon":0,"lastlogontimestamp":-1,"pwdlastset":1704107936,"serviceprincipalnames":["kadmin/changepw"],"hasspn":true,"displayname":null,"email":null,"title":null,"homedirectory":null,"userpassword":null,"unixpassword":null,"unicodepassword":null,"sfupassword":null,"logonscript":null,"admincount":true,"sidhistory":[]},"AllowedToDelegate":[],"PrimaryGroupSID":"S-1-5-21-1005535646-190407494-3473065389-513","HasSIDHistory":[],"SPNTargets":[],"Aces":[{"PrincipalSID":"S-1-5-21-1005535646-190407494-3473065389-512","PrincipalType":"Group","RightName":"Owns","IsInherited":false},{"PrincipalSID":"AXLLE.HTB-S-1-5-32-544","PrincipalType":"Group","RightName":"WriteDacl","IsInherited":false},{"PrincipalSID":"AXLLE.HTB-S-1-5-32-544","PrincipalType":"Group","RightName":"WriteOwner","IsInherited":false},{"PrincipalSID":"AXLLE.HTB-S-1-5-32-544","PrincipalType":"Group","RightName":"AllExtendedRights","IsInherited":false},{"PrincipalSID":"AXLLE.HTB-S-1-5-32-544","PrincipalType":"Group","RightName":"GenericWrite","IsInherited":false},{"PrincipalSID":"S-1-5-21-1005535646-190407494-3473065389-512","PrincipalType":"Group","RightName":"WriteDacl","IsInherited":false},{"PrincipalSID":"S-1-5-21-1005535646-190407494-3473065389-512","PrincipalType":"Group","RightName":"WriteOwner","IsInherited":false},{"PrincipalSID":"S-1-5-21-1005535646-190407494-3473065389-512","PrincipalType":"Group","RightName":"AllExtendedRights","IsInherited":false},{"PrincipalSID":"S-1-5-21-1005535646-190407494-3473065389-512","PrincipalType":"Group","RightName":"GenericWrite","IsInherited":false},{"PrincipalSID":"S-1-5-21-1005535646-190407494-3473065389-519","PrincipalType":"Group","RightName":"WriteDacl","IsInherited":false},{"PrincipalSID":"S-1-5-21-1005535646-190407494-3473065389-519","PrincipalType":"Group","RightName":"WriteOwner","IsInherited":false},{"PrincipalSID":"S-1-5-21-1005535646-190407494-3473065389-519","PrincipalType":"Group","RightName":"AllExtendedRights","IsInherited":false},{"PrincipalSID":"S-1-5-21-1005535646-190407494-3473065389-519","PrincipalType":"Group","RightName":"GenericWrite","IsInherited":false}],"ObjectIdentifier":"S-1-5-21-1005535646-190407494-3473065389-502","IsDeleted":false,"IsACLProtected":true},{"Properties":{"domain":"AXLLE.HTB","name":"BAZ.HUMPHRIES@AXLLE.HTB","distinguishedname":"CN=BAZ HUMPHRIES,DC=AXLLE,DC=HTB","domainsid":"S-1-5-21-1005535646-190407494-3473065389","highvalue":false,"samaccountname":"baz.humphries","description":null,"whencreated":0,"sensitive":false,"dontreqpreauth":false,"passwordnotreqd":false,"unconstraineddelegation":false,"pwdneverexpires":false,"enabled":true,"trustedtoauth":false,"lastlogon":-1,"lastlogontimestamp":-1,"pwdlastset":-1,"serviceprincipalnames":[],"hasspn":false,"displayname":null,"email":null,"title":null,"homedirectory":null,"userpassword":null,"unixpassword":null,"unicodepassword":null,"sfupassword":null,"logonscript":null,"admincount":false,"sidhistory":[]},"AllowedToDelegate":[],"PrimaryGroupSID":"S-1-5-21-1005535646-190407494-3473065389-513","HasSIDHistory":[],"SPNTargets":[],"Aces":[{"PrincipalSID":"S-1-5-21-1005535646-190407494-3473065389-512","PrincipalType":"Group","RightName":"Owns","IsInherited":false},{"PrincipalSID":"AXLLE.HTB-S-1-5-32-544","PrincipalType":"Group","RightName":"WriteDacl","IsInherited":false},{"PrincipalSID":"AXLLE.HTB-S-1-5-32-544","PrincipalType":"Group","RightName":"WriteOwner","IsInherited":false},{"PrincipalSID":"AXLLE.HTB-S-1-5-32-544","PrincipalType":"Group","RightName":"AllExtendedRights","IsInherited":false},{"PrincipalSID":"AXLLE.HTB-S-1-5-32-544","PrincipalType":"Group","RightName":"GenericWrite","IsInherited":false},{"PrincipalSID":"AXLLE.HTB-S-1-5-32-548","PrincipalType":"Group","RightName":"GenericAll","IsInherited":false},{"PrincipalSID":"S-1-5-21-1005535646-190407494-3473065389-512","PrincipalType":"Group","RightName":"GenericAll","IsInherited":false},{"PrincipalSID":"S-1-5-21-1005535646-190407494-3473065389-519","PrincipalType":"Group","RightName":"GenericAll","IsInherited":false},{"PrincipalSID":"S-1-5-21-1005535646-190407494-3473065389-526","PrincipalType":"Group","RightName":"AddKeyCredentialLink","IsInherited":false},{"PrincipalSID":"S-1-5-21-1005535646-190407494-3473065389-527","PrincipalType":"Group","RightName":"AddKeyCredentialLink","IsInherited":false},{"PrincipalSID":"S-1-5-21-1005535646-190407494-3473065389-1127","PrincipalType":"Group","RightName":"ForceChangePassword","IsInherited":false},{"PrincipalSID":"S-1-5-21-1005535646-190407494-3473065389-526","PrincipalType":"Group","RightName":"AddKeyCredentialLink","IsInherited":true},{"PrincipalSID":"S-1-5-21-1005535646-190407494-3473065389-527","PrincipalType":"Group","RightName":"AddKeyCredentialLink","IsInherited":true},{"PrincipalSID":"S-1-5-21-1005535646-190407494-3473065389-519","PrincipalType":"Group","RightName":"GenericAll","IsInherited":true},{"PrincipalSID":"AXLLE.HTB-S-1-5-32-544","PrincipalType":"Group","RightName":"WriteDacl","IsInherited":true},{"PrincipalSID":"AXLLE.HTB-S-1-5-32-544","PrincipalType":"Group","RightName":"WriteOwner","IsInherited":true},{"PrincipalSID":"AXLLE.HTB-S-1-5-32-544","PrincipalType":"Group","RightName":"AllExtendedRights","IsInherited":true},{"PrincipalSID":"AXLLE.HTB-S-1-5-32-544","PrincipalType":"Group","RightName":"GenericWrite","IsInherited":true}],"ObjectIdentifier":"S-1-5-21-1005535646-190407494-3473065389-1126","IsDeleted":false,"IsACLProtected":false},{"Properties":{"domain":"AXLLE.HTB","name":"JACOB.GREENY@AXLLE.HTB","distinguishedname":"CN=JACOB GREENY,DC=AXLLE,DC=HTB","domainsid":"S-1-5-21-1005535646-190407494-3473065389","highvalue":false,"samaccountname":"jacob.greeny","description":null,"whencreated":0,"sensitive":false,"dontreqpreauth":false,"passwordnotreqd":false,"unconstraineddelegation":false,"pwdneverexpires":false,"enabled":true,"trustedtoauth":false,"lastlogon":-1,"lastlogontimestamp":-1,"pwdlastset":-1,"serviceprincipalnames":[],"hasspn":false,"displayname":null,"email":null,"title":null,"homedirectory":null,"userpassword":null,"unixpassword":null,"unicodepassword":null,"sfupassword":null,"logonscript":null,"admincount":false,"sidhistory":[]},"AllowedToDelegate":[],"PrimaryGroupSID":"S-1-5-21-1005535646-190407494-3473065389-513","HasSIDHistory":[],"SPNTargets":[],"Aces":[{"PrincipalSID":"S-1-5-21-1005535646-190407494-3473065389-512","PrincipalType":"Group","RightName":"Owns","IsInherited":false},{"PrincipalSID":"AXLLE.HTB-S-1-5-32-544","PrincipalType":"Group","RightName":"WriteDacl","IsInherited":false},{"PrincipalSID":"AXLLE.HTB-S-1-5-32-544","PrincipalType":"Group","RightName":"WriteOwner","IsInherited":false},{"PrincipalSID":"AXLLE.HTB-S-1-5-32-544","PrincipalType":"Group","RightName":"AllExtendedRights","IsInherited":false},{"PrincipalSID":"AXLLE.HTB-S-1-5-32-544","PrincipalType":"Group","RightName":"GenericWrite","IsInherited":false},{"PrincipalSID":"AXLLE.HTB-S-1-5-32-548","PrincipalType":"Group","RightName":"GenericAll","IsInherited":false},{"PrincipalSID":"S-1-5-21-1005535646-190407494-3473065389-512","PrincipalType":"Group","RightName":"GenericAll","IsInherited":false},{"PrincipalSID":"S-1-5-21-1005535646-190407494-3473065389-519","PrincipalType":"Group","RightName":"GenericAll","IsInherited":false},{"PrincipalSID":"S-1-5-21-1005535646-190407494-3473065389-526","PrincipalType":"Group","RightName":"AddKeyCredentialLink","IsInherited":false},{"PrincipalSID":"S-1-5-21-1005535646-190407494-3473065389-527","PrincipalType":"Group","RightName":"AddKeyCredentialLink","IsInherited":false},{"PrincipalSID":"S-1-5-21-1005535646-190407494-3473065389-1127","PrincipalType":"Group","RightName":"ForceChangePassword","IsInherited":false},{"PrincipalSID":"S-1-5-21-1005535646-190407494-3473065389-526","PrincipalType":"Group","RightName":"AddKeyCredentialLink","IsInherited":true},{"PrincipalSID":"S-1-5-21-1005535646-190407494-3473065389-527","PrincipalType":"Group","RightName":"AddKeyCredentialLink","IsInherited":true},{"PrincipalSID":"S-1-5-21-1005535646-190407494-3473065389-519","PrincipalType":"Group","RightName":"GenericAll","IsInherited":true},{"PrincipalSID":"AXLLE.HTB-S-1-5-32-544","PrincipalType":"Group","RightName":"WriteDacl","IsInherited":true},{"PrincipalSID":"AXLLE.HTB-S-1-5-32-544","PrincipalType":"Group","RightName":"WriteOwner","IsInherited":true},{"PrincipalSID":"AXLLE.HTB-S-1-5-32-544","PrincipalType":"Group","RightName":"AllExtendedRights","IsInherited":true},{"PrincipalSID":"AXLLE.HTB-S-1-5-32-544","PrincipalType":"Group","RightName":"GenericWrite","IsInherited":true}],"ObjectIdentifier":"S-1-5-21-1005535646-190407494-3473065389-1120","IsDeleted":false,"IsACLProtected":false}],"meta":{"methods":741,"type":"users","count":21,"version":5}}