﻿{"data":[{"GPOChanges":{"LocalAdmins":[],"RemoteDesktopUsers":[],"DcomUsers":[],"PSRemoteUsers":[],"AffectedComputers":[{"ObjectIdentifier":"S-1-5-21-1005535646-190407494-3473065389-1000","ObjectType":"Computer"}]},"Properties":{"domain":"AXLLE.HTB","name":"DOMAIN CONTROLLERS@AXLLE.HTB","distinguishedname":"OU=DOMAIN CONTROLLERS,DC=AXLLE,DC=HTB","domainsid":"S-1-5-21-1005535646-190407494-3473065389","highvalue":false,"description":"Default container for domain controllers","whencreated":1704079084,"blocksinheritance":false},"Links":[{"IsEnforced":false,"GUID":"91C2D6AB-8099-4062-9E94-D2181D4DEA6A"}],"ChildObjects":[{"ObjectIdentifier":"S-1-5-21-1005535646-190407494-3473065389-1000","ObjectType":"Computer"}],"Aces":[{"PrincipalSID":"S-1-5-21-1005535646-190407494-3473065389-512","PrincipalType":"Group","RightName":"Owns","IsInherited":false},{"PrincipalSID":"S-1-5-21-1005535646-190407494-3473065389-512","PrincipalType":"Group","RightName":"WriteDacl","IsInherited":false},{"PrincipalSID":"S-1-5-21-1005535646-190407494-3473065389-512","PrincipalType":"Group","RightName":"WriteOwner","IsInherited":false},{"PrincipalSID":"S-1-5-21-1005535646-190407494-3473065389-519","PrincipalType":"Group","RightName":"GenericAll","IsInherited":true},{"PrincipalSID":"AXLLE.HTB-S-1-5-32-544","PrincipalType":"Group","RightName":"WriteDacl","IsInherited":true},{"PrincipalSID":"AXLLE.HTB-S-1-5-32-544","PrincipalType":"Group","RightName":"WriteOwner","IsInherited":true}],"ObjectIdentifier":"15D7FDD7-C02A-407D-B97C-49825A493CD0","IsDeleted":false,"IsACLProtected":false}],"meta":{"methods":741,"type":"ous","count":1,"version":5}}