﻿{"data":[{"Properties":{"domain":"AXLLE.HTB","name":"DEFAULT DOMAIN CONTROLLERS POLICY@AXLLE.HTB","distinguishedname":"CN={6AC1786C-016F-11D2-945F-00C04FB984F9},CN=POLICIES,CN=SYSTEM,DC=AXLLE,DC=HTB","domainsid":"S-1-5-21-1005535646-190407494-3473065389","highvalue":false,"description":null,"whencreated":1704079084,"gpcpath":"\\\\AXLLE.HTB\\SYSVOL\\AXLLE.HTB\\POLICIES\\{6AC1786C-016F-11D2-945F-00C04FB984F9}"},"Aces":[{"PrincipalSID":"S-1-5-21-1005535646-190407494-3473065389-512","PrincipalType":"Group","RightName":"Owns","IsInherited":false},{"PrincipalSID":"S-1-5-21-1005535646-190407494-3473065389-512","PrincipalType":"Group","RightName":"WriteDacl","IsInherited":false},{"PrincipalSID":"S-1-5-21-1005535646-190407494-3473065389-512","PrincipalType":"Group","RightName":"WriteOwner","IsInherited":false},{"PrincipalSID":"S-1-5-21-1005535646-190407494-3473065389-512","PrincipalType":"Group","RightName":"GenericWrite","IsInherited":false},{"PrincipalSID":"S-1-5-21-1005535646-190407494-3473065389-512","PrincipalType":"Group","RightName":"WriteDacl","IsInherited":false},{"PrincipalSID":"S-1-5-21-1005535646-190407494-3473065389-512","PrincipalType":"Group","RightName":"WriteOwner","IsInherited":false},{"PrincipalSID":"S-1-5-21-1005535646-190407494-3473065389-512","PrincipalType":"Group","RightName":"GenericWrite","IsInherited":false},{"PrincipalSID":"S-1-5-21-1005535646-190407494-3473065389-519","PrincipalType":"Group","RightName":"WriteDacl","IsInherited":false},{"PrincipalSID":"S-1-5-21-1005535646-190407494-3473065389-519","PrincipalType":"Group","RightName":"WriteOwner","IsInherited":false},{"PrincipalSID":"S-1-5-21-1005535646-190407494-3473065389-519","PrincipalType":"Group","RightName":"GenericWrite","IsInherited":false}],"ObjectIdentifier":"91C2D6AB-8099-4062-9E94-D2181D4DEA6A","IsDeleted":false,"IsACLProtected":true},{"Properties":{"domain":"AXLLE.HTB","name":"DEFAULT DOMAIN POLICY@AXLLE.HTB","distinguishedname":"CN={31B2F340-016D-11D2-945F-00C04FB984F9},CN=POLICIES,CN=SYSTEM,DC=AXLLE,DC=HTB","domainsid":"S-1-5-21-1005535646-190407494-3473065389","highvalue":false,"description":null,"whencreated":1704079084,"gpcpath":"\\\\AXLLE.HTB\\SYSVOL\\AXLLE.HTB\\POLICIES\\{31B2F340-016D-11D2-945F-00C04FB984F9}"},"Aces":[{"PrincipalSID":"S-1-5-21-1005535646-190407494-3473065389-512","PrincipalType":"Group","RightName":"Owns","IsInherited":false},{"PrincipalSID":"S-1-5-21-1005535646-190407494-3473065389-512","PrincipalType":"Group","RightName":"WriteDacl","IsInherited":false},{"PrincipalSID":"S-1-5-21-1005535646-190407494-3473065389-512","PrincipalType":"Group","RightName":"WriteOwner","IsInherited":false},{"PrincipalSID":"S-1-5-21-1005535646-190407494-3473065389-512","PrincipalType":"Group","RightName":"GenericWrite","IsInherited":false},{"PrincipalSID":"S-1-5-21-1005535646-190407494-3473065389-512","PrincipalType":"Group","RightName":"WriteDacl","IsInherited":false},{"PrincipalSID":"S-1-5-21-1005535646-190407494-3473065389-512","PrincipalType":"Group","RightName":"WriteOwner","IsInherited":false},{"PrincipalSID":"S-1-5-21-1005535646-190407494-3473065389-512","PrincipalType":"Group","RightName":"GenericWrite","IsInherited":false},{"PrincipalSID":"S-1-5-21-1005535646-190407494-3473065389-519","PrincipalType":"Group","RightName":"WriteDacl","IsInherited":false},{"PrincipalSID":"S-1-5-21-1005535646-190407494-3473065389-519","PrincipalType":"Group","RightName":"WriteOwner","IsInherited":false},{"PrincipalSID":"S-1-5-21-1005535646-190407494-3473065389-519","PrincipalType":"Group","RightName":"GenericWrite","IsInherited":false}],"ObjectIdentifier":"34EFCEAC-7E15-4F96-9E8A-0F9CDBA1F126","IsDeleted":false,"IsACLProtected":true}],"meta":{"methods":741,"type":"gpos","count":2,"version":5}}