﻿{"data":[{"Properties":{"domain":"AXLLE.HTB","name":"ADMINSDHOLDER@AXLLE.HTB","distinguishedname":"CN=ADMINSDHOLDER,CN=SYSTEM,DC=AXLLE,DC=HTB","domainsid":"S-1-5-21-1005535646-190407494-3473065389","highvalue":false},"ChildObjects":[],"Aces":[{"PrincipalSID":"S-1-5-21-1005535646-190407494-3473065389-512","PrincipalType":"Group","RightName":"Owns","IsInherited":false},{"PrincipalSID":"AXLLE.HTB-S-1-5-32-544","PrincipalType":"Group","RightName":"WriteDacl","IsInherited":false},{"PrincipalSID":"AXLLE.HTB-S-1-5-32-544","PrincipalType":"Group","RightName":"WriteOwner","IsInherited":false},{"PrincipalSID":"S-1-5-21-1005535646-190407494-3473065389-512","PrincipalType":"Group","RightName":"WriteDacl","IsInherited":false},{"PrincipalSID":"S-1-5-21-1005535646-190407494-3473065389-512","PrincipalType":"Group","RightName":"WriteOwner","IsInherited":false},{"PrincipalSID":"S-1-5-21-1005535646-190407494-3473065389-519","PrincipalType":"Group","RightName":"WriteDacl","IsInherited":false},{"PrincipalSID":"S-1-5-21-1005535646-190407494-3473065389-519","PrincipalType":"Group","RightName":"WriteOwner","IsInherited":false}],"ObjectIdentifier":"9FA4DE3D-1A9B-4418-A7B1-6960A29DDAD2","IsDeleted":false,"IsACLProtected":true},{"Properties":{"domain":"AXLLE.HTB","name":"WMIPOLICY@AXLLE.HTB","distinguishedname":"CN=WMIPOLICY,CN=SYSTEM,DC=AXLLE,DC=HTB","domainsid":"S-1-5-21-1005535646-190407494-3473065389","highvalue":false},"ChildObjects":[],"Aces":[{"PrincipalSID":"S-1-5-21-1005535646-190407494-3473065389-512","PrincipalType":"Group","RightName":"Owns","IsInherited":false},{"PrincipalSID":"S-1-5-21-1005535646-190407494-3473065389-512","PrincipalType":"Group","RightName":"GenericAll","IsInherited":false},{"PrincipalSID":"S-1-5-21-1005535646-190407494-3473065389-519","PrincipalType":"Group","RightName":"GenericAll","IsInherited":false}],"ObjectIdentifier":"CCCDE846-85F8-4556-BB06-7F3CC07E6E0F","IsDeleted":false,"IsACLProtected":true},{"Properties":{"domain":"AXLLE.HTB","name":"POLICYTYPE@AXLLE.HTB","distinguishedname":"CN=POLICYTYPE,CN=WMIPOLICY,CN=SYSTEM,DC=AXLLE,DC=HTB","domainsid":"S-1-5-21-1005535646-190407494-3473065389","highvalue":false},"ChildObjects":[],"Aces":[{"PrincipalSID":"S-1-5-21-1005535646-190407494-3473065389-512","PrincipalType":"Group","RightName":"Owns","IsInherited":false},{"PrincipalSID":"S-1-5-21-1005535646-190407494-3473065389-512","PrincipalType":"Group","RightName":"WriteDacl","IsInherited":false},{"PrincipalSID":"S-1-5-21-1005535646-190407494-3473065389-512","PrincipalType":"Group","RightName":"WriteOwner","IsInherited":false},{"PrincipalSID":"S-1-5-21-1005535646-190407494-3473065389-519","PrincipalType":"Group","RightName":"GenericAll","IsInherited":true},{"PrincipalSID":"S-1-5-21-1005535646-190407494-3473065389-512","PrincipalType":"Group","RightName":"GenericAll","IsInherited":true}],"ObjectIdentifier":"85D69BAA-A040-4F55-A1E1-89CE18101F2A","IsDeleted":false,"IsACLProtected":false},{"Properties":{"domain":"AXLLE.HTB","name":"SYSTEM@AXLLE.HTB","distinguishedname":"CN=SYSTEM,DC=AXLLE,DC=HTB","domainsid":"S-1-5-21-1005535646-190407494-3473065389","highvalue":false},"ChildObjects":[],"Aces":[{"PrincipalSID":"S-1-5-21-1005535646-190407494-3473065389-512","PrincipalType":"Group","RightName":"Owns","IsInherited":false},{"PrincipalSID":"S-1-5-21-1005535646-190407494-3473065389-512","PrincipalType":"Group","RightName":"WriteDacl","IsInherited":false},{"PrincipalSID":"S-1-5-21-1005535646-190407494-3473065389-512","PrincipalType":"Group","RightName":"WriteOwner","IsInherited":false},{"PrincipalSID":"S-1-5-21-1005535646-190407494-3473065389-519","PrincipalType":"Group","RightName":"GenericAll","IsInherited":true},{"PrincipalSID":"AXLLE.HTB-S-1-5-32-544","PrincipalType":"Group","RightName":"WriteDacl","IsInherited":true},{"PrincipalSID":"AXLLE.HTB-S-1-5-32-544","PrincipalType":"Group","RightName":"WriteOwner","IsInherited":true}],"ObjectIdentifier":"31A5129A-33C9-41F9-91AC-FEFB1EB05B6B","IsDeleted":false,"IsACLProtected":false},{"Properties":{"domain":"AXLLE.HTB","name":"FOREIGNSECURITYPRINCIPALS@AXLLE.HTB","distinguishedname":"CN=FOREIGNSECURITYPRINCIPALS,DC=AXLLE,DC=HTB","domainsid":"S-1-5-21-1005535646-190407494-3473065389","highvalue":false},"ChildObjects":[],"Aces":[{"PrincipalSID":"S-1-5-21-1005535646-190407494-3473065389-512","PrincipalType":"Group","RightName":"Owns","IsInherited":false},{"PrincipalSID":"S-1-5-21-1005535646-190407494-3473065389-512","PrincipalType":"Group","RightName":"GenericAll","IsInherited":false},{"PrincipalSID":"S-1-5-21-1005535646-190407494-3473065389-519","PrincipalType":"Group","RightName":"GenericAll","IsInherited":true},{"PrincipalSID":"AXLLE.HTB-S-1-5-32-544","PrincipalType":"Group","RightName":"WriteDacl","IsInherited":true},{"PrincipalSID":"AXLLE.HTB-S-1-5-32-544","PrincipalType":"Group","RightName":"WriteOwner","IsInherited":true}],"ObjectIdentifier":"10BE17AB-E891-466B-9DFA-38E5C108D865","IsDeleted":false,"IsACLProtected":false},{"Properties":{"domain":"AXLLE.HTB","name":"PROGRAM DATA@AXLLE.HTB","distinguishedname":"CN=PROGRAM DATA,DC=AXLLE,DC=HTB","domainsid":"S-1-5-21-1005535646-190407494-3473065389","highvalue":false},"ChildObjects":[],"Aces":[{"PrincipalSID":"S-1-5-21-1005535646-190407494-3473065389-512","PrincipalType":"Group","RightName":"Owns","IsInherited":false},{"PrincipalSID":"S-1-5-21-1005535646-190407494-3473065389-512","PrincipalType":"Group","RightName":"GenericAll","IsInherited":false},{"PrincipalSID":"S-1-5-21-1005535646-190407494-3473065389-519","PrincipalType":"Group","RightName":"GenericAll","IsInherited":true},{"PrincipalSID":"AXLLE.HTB-S-1-5-32-544","PrincipalType":"Group","RightName":"WriteDacl","IsInherited":true},{"PrincipalSID":"AXLLE.HTB-S-1-5-32-544","PrincipalType":"Group","RightName":"WriteOwner","IsInherited":true}],"ObjectIdentifier":"EC79C6EE-0983-4AD7-9FE1-72418568DB41","IsDeleted":false,"IsACLProtected":false},{"Properties":{"domain":"AXLLE.HTB","name":"MANAGED SERVICE ACCOUNTS@AXLLE.HTB","distinguishedname":"CN=MANAGED SERVICE ACCOUNTS,DC=AXLLE,DC=HTB","domainsid":"S-1-5-21-1005535646-190407494-3473065389","highvalue":false},"ChildObjects":[],"Aces":[{"PrincipalSID":"S-1-5-21-1005535646-190407494-3473065389-512","PrincipalType":"Group","RightName":"Owns","IsInherited":false},{"PrincipalSID":"S-1-5-21-1005535646-190407494-3473065389-512","PrincipalType":"Group","RightName":"WriteDacl","IsInherited":false},{"PrincipalSID":"S-1-5-21-1005535646-190407494-3473065389-512","PrincipalType":"Group","RightName":"WriteOwner","IsInherited":false},{"PrincipalSID":"S-1-5-21-1005535646-190407494-3473065389-519","PrincipalType":"Group","RightName":"GenericAll","IsInherited":true},{"PrincipalSID":"AXLLE.HTB-S-1-5-32-544","PrincipalType":"Group","RightName":"WriteDacl","IsInherited":true},{"PrincipalSID":"AXLLE.HTB-S-1-5-32-544","PrincipalType":"Group","RightName":"WriteOwner","IsInherited":true}],"ObjectIdentifier":"D038B6AD-A0C8-4CA7-A6D7-7A96EC13D65E","IsDeleted":false,"IsACLProtected":false},{"Properties":{"domain":"AXLLE.HTB","name":"WINSOCKSERVICES@AXLLE.HTB","distinguishedname":"CN=WINSOCKSERVICES,CN=SYSTEM,DC=AXLLE,DC=HTB","domainsid":"S-1-5-21-1005535646-190407494-3473065389","highvalue":false},"ChildObjects":[],"Aces":[{"PrincipalSID":"S-1-5-21-1005535646-190407494-3473065389-512","PrincipalType":"Group","RightName":"Owns","IsInherited":false},{"PrincipalSID":"S-1-5-21-1005535646-190407494-3473065389-512","PrincipalType":"Group","RightName":"WriteDacl","IsInherited":false},{"PrincipalSID":"S-1-5-21-1005535646-190407494-3473065389-512","PrincipalType":"Group","RightName":"WriteOwner","IsInherited":false},{"PrincipalSID":"S-1-5-21-1005535646-190407494-3473065389-519","PrincipalType":"Group","RightName":"GenericAll","IsInherited":true},{"PrincipalSID":"AXLLE.HTB-S-1-5-32-544","PrincipalType":"Group","RightName":"WriteDacl","IsInherited":true},{"PrincipalSID":"AXLLE.HTB-S-1-5-32-544","PrincipalType":"Group","RightName":"WriteOwner","IsInherited":true}],"ObjectIdentifier":"645564A4-9814-47A1-944C-AFB4468CDCB1","IsDeleted":false,"IsACLProtected":false},{"Properties":{"domain":"AXLLE.HTB","name":"RPCSERVICES@AXLLE.HTB","distinguishedname":"CN=RPCSERVICES,CN=SYSTEM,DC=AXLLE,DC=HTB","domainsid":"S-1-5-21-1005535646-190407494-3473065389","highvalue":false},"ChildObjects":[],"Aces":[{"PrincipalSID":"S-1-5-21-1005535646-190407494-3473065389-512","PrincipalType":"Group","RightName":"Owns","IsInherited":false},{"PrincipalSID":"S-1-5-21-1005535646-190407494-3473065389-512","PrincipalType":"Group","RightName":"WriteDacl","IsInherited":false},{"PrincipalSID":"S-1-5-21-1005535646-190407494-3473065389-512","PrincipalType":"Group","RightName":"WriteOwner","IsInherited":false},{"PrincipalSID":"S-1-5-21-1005535646-190407494-3473065389-519","PrincipalType":"Group","RightName":"GenericAll","IsInherited":true},{"PrincipalSID":"AXLLE.HTB-S-1-5-32-544","PrincipalType":"Group","RightName":"WriteDacl","IsInherited":true},{"PrincipalSID":"AXLLE.HTB-S-1-5-32-544","PrincipalType":"Group","RightName":"WriteOwner","IsInherited":true}],"ObjectIdentifier":"AB4574D3-13AB-480C-AF57-413069D0D936","IsDeleted":false,"IsACLProtected":false},{"Properties":{"domain":"AXLLE.HTB","name":"MEETINGS@AXLLE.HTB","distinguishedname":"CN=MEETINGS,CN=SYSTEM,DC=AXLLE,DC=HTB","domainsid":"S-1-5-21-1005535646-190407494-3473065389","highvalue":false},"ChildObjects":[],"Aces":[{"PrincipalSID":"S-1-5-21-1005535646-190407494-3473065389-512","PrincipalType":"Group","RightName":"Owns","IsInherited":false},{"PrincipalSID":"S-1-5-21-1005535646-190407494-3473065389-512","PrincipalType":"Group","RightName":"WriteDacl","IsInherited":false},{"PrincipalSID":"S-1-5-21-1005535646-190407494-3473065389-512","PrincipalType":"Group","RightName":"WriteOwner","IsInherited":false},{"PrincipalSID":"S-1-5-21-1005535646-190407494-3473065389-519","PrincipalType":"Group","RightName":"GenericAll","IsInherited":true},{"PrincipalSID":"AXLLE.HTB-S-1-5-32-544","PrincipalType":"Group","RightName":"WriteDacl","IsInherited":true},{"PrincipalSID":"AXLLE.HTB-S-1-5-32-544","PrincipalType":"Group","RightName":"WriteOwner","IsInherited":true}],"ObjectIdentifier":"0855D4B6-2122-4697-A323-2C1AA1ED1D9E","IsDeleted":false,"IsACLProtected":false},{"Properties":{"domain":"AXLLE.HTB","name":"POLICIES@AXLLE.HTB","distinguishedname":"CN=POLICIES,CN=SYSTEM,DC=AXLLE,DC=HTB","domainsid":"S-1-5-21-1005535646-190407494-3473065389","highvalue":false},"ChildObjects":[],"Aces":[{"PrincipalSID":"S-1-5-21-1005535646-190407494-3473065389-512","PrincipalType":"Group","RightName":"Owns","IsInherited":false},{"PrincipalSID":"S-1-5-21-1005535646-190407494-3473065389-512","PrincipalType":"Group","RightName":"WriteDacl","IsInherited":false},{"PrincipalSID":"S-1-5-21-1005535646-190407494-3473065389-512","PrincipalType":"Group","RightName":"WriteOwner","IsInherited":false},{"PrincipalSID":"S-1-5-21-1005535646-190407494-3473065389-519","PrincipalType":"Group","RightName":"GenericAll","IsInherited":true},{"PrincipalSID":"AXLLE.HTB-S-1-5-32-544","PrincipalType":"Group","RightName":"WriteDacl","IsInherited":true},{"PrincipalSID":"AXLLE.HTB-S-1-5-32-544","PrincipalType":"Group","RightName":"WriteOwner","IsInherited":true}],"ObjectIdentifier":"27B85609-6E6D-4527-9D93-5271EDDB7F64","IsDeleted":false,"IsACLProtected":false},{"Properties":{"domain":"AXLLE.HTB","name":"PSPS@AXLLE.HTB","distinguishedname":"CN=PSPS,CN=SYSTEM,DC=AXLLE,DC=HTB","domainsid":"S-1-5-21-1005535646-190407494-3473065389","highvalue":false},"ChildObjects":[],"Aces":[{"PrincipalSID":"S-1-5-21-1005535646-190407494-3473065389-512","PrincipalType":"Group","RightName":"Owns","IsInherited":false},{"PrincipalSID":"S-1-5-21-1005535646-190407494-3473065389-512","PrincipalType":"Group","RightName":"GenericAll","IsInherited":false},{"PrincipalSID":"S-1-5-21-1005535646-190407494-3473065389-519","PrincipalType":"Group","RightName":"GenericAll","IsInherited":true},{"PrincipalSID":"AXLLE.HTB-S-1-5-32-544","PrincipalType":"Group","RightName":"WriteDacl","IsInherited":true},{"PrincipalSID":"AXLLE.HTB-S-1-5-32-544","PrincipalType":"Group","RightName":"WriteOwner","IsInherited":true}],"ObjectIdentifier":"F73D5C97-FC99-46F2-857F-770BE0F9118A","IsDeleted":false,"IsACLProtected":false},{"Properties":{"domain":"AXLLE.HTB","name":"WMIGPO@AXLLE.HTB","distinguishedname":"CN=WMIGPO,CN=WMIPOLICY,CN=SYSTEM,DC=AXLLE,DC=HTB","domainsid":"S-1-5-21-1005535646-190407494-3473065389","highvalue":false},"ChildObjects":[],"Aces":[{"PrincipalSID":"S-1-5-21-1005535646-190407494-3473065389-512","PrincipalType":"Group","RightName":"Owns","IsInherited":false},{"PrincipalSID":"S-1-5-21-1005535646-190407494-3473065389-512","PrincipalType":"Group","RightName":"WriteDacl","IsInherited":false},{"PrincipalSID":"S-1-5-21-1005535646-190407494-3473065389-512","PrincipalType":"Group","RightName":"WriteOwner","IsInherited":false},{"PrincipalSID":"S-1-5-21-1005535646-190407494-3473065389-519","PrincipalType":"Group","RightName":"GenericAll","IsInherited":true},{"PrincipalSID":"S-1-5-21-1005535646-190407494-3473065389-512","PrincipalType":"Group","RightName":"GenericAll","IsInherited":true}],"ObjectIdentifier":"1ADB117A-BF53-46B2-9833-2ECD70FD524D","IsDeleted":false,"IsACLProtected":false},{"Properties":{"domain":"AXLLE.HTB","name":"SOM@AXLLE.HTB","distinguishedname":"CN=SOM,CN=WMIPOLICY,CN=SYSTEM,DC=AXLLE,DC=HTB","domainsid":"S-1-5-21-1005535646-190407494-3473065389","highvalue":false},"ChildObjects":[],"Aces":[{"PrincipalSID":"S-1-5-21-1005535646-190407494-3473065389-512","PrincipalType":"Group","RightName":"Owns","IsInherited":false},{"PrincipalSID":"S-1-5-21-1005535646-190407494-3473065389-512","PrincipalType":"Group","RightName":"GenericAll","IsInherited":false},{"PrincipalSID":"S-1-5-21-1005535646-190407494-3473065389-519","PrincipalType":"Group","RightName":"GenericAll","IsInherited":false}],"ObjectIdentifier":"93278EB8-BEBA-4582-8E2E-330B64DBD61A","IsDeleted":false,"IsACLProtected":true},{"Properties":{"domain":"AXLLE.HTB","name":"POLICYTEMPLATE@AXLLE.HTB","distinguishedname":"CN=POLICYTEMPLATE,CN=WMIPOLICY,CN=SYSTEM,DC=AXLLE,DC=HTB","domainsid":"S-1-5-21-1005535646-190407494-3473065389","highvalue":false},"ChildObjects":[],"Aces":[{"PrincipalSID":"S-1-5-21-1005535646-190407494-3473065389-512","PrincipalType":"Group","RightName":"Owns","IsInherited":false},{"PrincipalSID":"S-1-5-21-1005535646-190407494-3473065389-512","PrincipalType":"Group","RightName":"WriteDacl","IsInherited":false},{"PrincipalSID":"S-1-5-21-1005535646-190407494-3473065389-512","PrincipalType":"Group","RightName":"WriteOwner","IsInherited":false},{"PrincipalSID":"S-1-5-21-1005535646-190407494-3473065389-519","PrincipalType":"Group","RightName":"GenericAll","IsInherited":true},{"PrincipalSID":"S-1-5-21-1005535646-190407494-3473065389-512","PrincipalType":"Group","RightName":"GenericAll","IsInherited":true}],"ObjectIdentifier":"9FBA311D-4571-4DB6-AB4A-9225E9CC9BB2","IsDeleted":false,"IsACLProtected":false},{"Properties":{"domain":"AXLLE.HTB","name":"COMPARTITIONSETS@AXLLE.HTB","distinguishedname":"CN=COMPARTITIONSETS,CN=SYSTEM,DC=AXLLE,DC=HTB","domainsid":"S-1-5-21-1005535646-190407494-3473065389","highvalue":false},"ChildObjects":[],"Aces":[{"PrincipalSID":"S-1-5-21-1005535646-190407494-3473065389-512","PrincipalType":"Group","RightName":"Owns","IsInherited":false},{"PrincipalSID":"S-1-5-21-1005535646-190407494-3473065389-512","PrincipalType":"Group","RightName":"WriteDacl","IsInherited":false},{"PrincipalSID":"S-1-5-21-1005535646-190407494-3473065389-512","PrincipalType":"Group","RightName":"WriteOwner","IsInherited":false},{"PrincipalSID":"S-1-5-21-1005535646-190407494-3473065389-519","PrincipalType":"Group","RightName":"GenericAll","IsInherited":true},{"PrincipalSID":"AXLLE.HTB-S-1-5-32-544","PrincipalType":"Group","RightName":"WriteDacl","IsInherited":true},{"PrincipalSID":"AXLLE.HTB-S-1-5-32-544","PrincipalType":"Group","RightName":"WriteOwner","IsInherited":true}],"ObjectIdentifier":"D8113BAF-39F0-4437-97AC-7AEE623E402F","IsDeleted":false,"IsACLProtected":false},{"Properties":{"domain":"AXLLE.HTB","name":"MICROSOFT@AXLLE.HTB","distinguishedname":"CN=MICROSOFT,CN=PROGRAM DATA,DC=AXLLE,DC=HTB","domainsid":"S-1-5-21-1005535646-190407494-3473065389","highvalue":false},"ChildObjects":[],"Aces":[{"PrincipalSID":"S-1-5-21-1005535646-190407494-3473065389-512","PrincipalType":"Group","RightName":"Owns","IsInherited":false},{"PrincipalSID":"S-1-5-21-1005535646-190407494-3473065389-512","PrincipalType":"Group","RightName":"GenericAll","IsInherited":false},{"PrincipalSID":"S-1-5-21-1005535646-190407494-3473065389-519","PrincipalType":"Group","RightName":"GenericAll","IsInherited":true},{"PrincipalSID":"AXLLE.HTB-S-1-5-32-544","PrincipalType":"Group","RightName":"WriteDacl","IsInherited":true},{"PrincipalSID":"AXLLE.HTB-S-1-5-32-544","PrincipalType":"Group","RightName":"WriteOwner","IsInherited":true}],"ObjectIdentifier":"0D00A89F-790C-4ECB-846B-335B5DC567E7","IsDeleted":false,"IsACLProtected":false},{"Properties":{"domain":"AXLLE.HTB","name":"COMPUTERS@AXLLE.HTB","distinguishedname":"CN=COMPUTERS,DC=AXLLE,DC=HTB","domainsid":"S-1-5-21-1005535646-190407494-3473065389","highvalue":false},"ChildObjects":[],"Aces":[{"PrincipalSID":"S-1-5-21-1005535646-190407494-3473065389-512","PrincipalType":"Group","RightName":"Owns","IsInherited":false},{"PrincipalSID":"S-1-5-21-1005535646-190407494-3473065389-512","PrincipalType":"Group","RightName":"WriteDacl","IsInherited":false},{"PrincipalSID":"S-1-5-21-1005535646-190407494-3473065389-512","PrincipalType":"Group","RightName":"WriteOwner","IsInherited":false},{"PrincipalSID":"S-1-5-21-1005535646-190407494-3473065389-519","PrincipalType":"Group","RightName":"GenericAll","IsInherited":true},{"PrincipalSID":"AXLLE.HTB-S-1-5-32-544","PrincipalType":"Group","RightName":"WriteDacl","IsInherited":true},{"PrincipalSID":"AXLLE.HTB-S-1-5-32-544","PrincipalType":"Group","RightName":"WriteOwner","IsInherited":true}],"ObjectIdentifier":"25627A66-82C4-4FE6-940E-EC9EA24EF31E","IsDeleted":false,"IsACLProtected":false},{"Properties":{"domain":"AXLLE.HTB","name":"USERS@AXLLE.HTB","distinguishedname":"CN=USERS,DC=AXLLE,DC=HTB","domainsid":"S-1-5-21-1005535646-190407494-3473065389","highvalue":false},"ChildObjects":[{"ObjectIdentifier":"S-1-5-21-1005535646-190407494-3473065389-1104","ObjectType":"Group"},{"ObjectIdentifier":"S-1-5-21-1005535646-190407494-3473065389-500","ObjectType":"User"},{"ObjectIdentifier":"S-1-5-21-1005535646-190407494-3473065389-571","ObjectType":"Group"},{"ObjectIdentifier":"S-1-5-21-1005535646-190407494-3473065389-1108","ObjectType":"Group"},{"ObjectIdentifier":"S-1-5-21-1005535646-190407494-3473065389-517","ObjectType":"Group"},{"ObjectIdentifier":"S-1-5-21-1005535646-190407494-3473065389-522","ObjectType":"Group"},{"ObjectIdentifier":"S-1-5-21-1005535646-190407494-3473065389-572","ObjectType":"Group"},{"ObjectIdentifier":"S-1-5-21-1005535646-190407494-3473065389-1101","ObjectType":"Group"},{"ObjectIdentifier":"S-1-5-21-1005535646-190407494-3473065389-1102","ObjectType":"Group"},{"ObjectIdentifier":"S-1-5-21-1005535646-190407494-3473065389-512","ObjectType":"Group"},{"ObjectIdentifier":"S-1-5-21-1005535646-190407494-3473065389-515","ObjectType":"Group"},{"ObjectIdentifier":"S-1-5-21-1005535646-190407494-3473065389-516","ObjectType":"Group"},{"ObjectIdentifier":"S-1-5-21-1005535646-190407494-3473065389-514","ObjectType":"Group"},{"ObjectIdentifier":"S-1-5-21-1005535646-190407494-3473065389-513","ObjectType":"Group"},{"ObjectIdentifier":"S-1-5-21-1005535646-190407494-3473065389-1103","ObjectType":"Group"},{"ObjectIdentifier":"S-1-5-21-1005535646-190407494-3473065389-519","ObjectType":"Group"},{"ObjectIdentifier":"S-1-5-21-1005535646-190407494-3473065389-527","ObjectType":"Group"},{"ObjectIdentifier":"S-1-5-21-1005535646-190407494-3473065389-498","ObjectType":"Group"},{"ObjectIdentifier":"S-1-5-21-1005535646-190407494-3473065389-520","ObjectType":"Group"},{"ObjectIdentifier":"S-1-5-21-1005535646-190407494-3473065389-501","ObjectType":"User"},{"ObjectIdentifier":"S-1-5-21-1005535646-190407494-3473065389-1105","ObjectType":"Group"},{"ObjectIdentifier":"S-1-5-21-1005535646-190407494-3473065389-526","ObjectType":"Group"},{"ObjectIdentifier":"S-1-5-21-1005535646-190407494-3473065389-502","ObjectType":"User"},{"ObjectIdentifier":"S-1-5-21-1005535646-190407494-3473065389-525","ObjectType":"Group"},{"ObjectIdentifier":"S-1-5-21-1005535646-190407494-3473065389-553","ObjectType":"Group"},{"ObjectIdentifier":"S-1-5-21-1005535646-190407494-3473065389-521","ObjectType":"Group"},{"ObjectIdentifier":"S-1-5-21-1005535646-190407494-3473065389-1106","ObjectType":"Group"},{"ObjectIdentifier":"S-1-5-21-1005535646-190407494-3473065389-518","ObjectType":"Group"},{"ObjectIdentifier":"S-1-5-21-1005535646-190407494-3473065389-1127","ObjectType":"Group"}],"Aces":[{"PrincipalSID":"S-1-5-21-1005535646-190407494-3473065389-512","PrincipalType":"Group","RightName":"Owns","IsInherited":false},{"PrincipalSID":"S-1-5-21-1005535646-190407494-3473065389-512","PrincipalType":"Group","RightName":"WriteDacl","IsInherited":false},{"PrincipalSID":"S-1-5-21-1005535646-190407494-3473065389-512","PrincipalType":"Group","RightName":"WriteOwner","IsInherited":false},{"PrincipalSID":"S-1-5-21-1005535646-190407494-3473065389-519","PrincipalType":"Group","RightName":"GenericAll","IsInherited":true},{"PrincipalSID":"AXLLE.HTB-S-1-5-32-544","PrincipalType":"Group","RightName":"WriteDacl","IsInherited":true},{"PrincipalSID":"AXLLE.HTB-S-1-5-32-544","PrincipalType":"Group","RightName":"WriteOwner","IsInherited":true}],"ObjectIdentifier":"C27ED1E8-FC59-445A-AC1E-A0D6B8FEC648","IsDeleted":false,"IsACLProtected":false},{"Properties":{"domain":"AXLLE.HTB","name":"COMPARTITIONS@AXLLE.HTB","distinguishedname":"CN=COMPARTITIONS,CN=SYSTEM,DC=AXLLE,DC=HTB","domainsid":"S-1-5-21-1005535646-190407494-3473065389","highvalue":false},"ChildObjects":[],"Aces":[{"PrincipalSID":"S-1-5-21-1005535646-190407494-3473065389-512","PrincipalType":"Group","RightName":"Owns","IsInherited":false},{"PrincipalSID":"S-1-5-21-1005535646-190407494-3473065389-512","PrincipalType":"Group","RightName":"WriteDacl","IsInherited":false},{"PrincipalSID":"S-1-5-21-1005535646-190407494-3473065389-512","PrincipalType":"Group","RightName":"WriteOwner","IsInherited":false},{"PrincipalSID":"S-1-5-21-1005535646-190407494-3473065389-519","PrincipalType":"Group","RightName":"GenericAll","IsInherited":true},{"PrincipalSID":"AXLLE.HTB-S-1-5-32-544","PrincipalType":"Group","RightName":"WriteDacl","IsInherited":true},{"PrincipalSID":"AXLLE.HTB-S-1-5-32-544","PrincipalType":"Group","RightName":"WriteOwner","IsInherited":true}],"ObjectIdentifier":"94A863B6-1DD0-4676-917B-AD5DA01B5C9C","IsDeleted":false,"IsACLProtected":false}],"meta":{"methods":741,"type":"containers","count":20,"version":5}}