﻿{"data":[{"Properties":{"domain":"AXLLE.HTB","name":"MAINFRAME.AXLLE.HTB","distinguishedname":"CN=MAINFRAME,OU=DOMAIN CONTROLLERS,DC=AXLLE,DC=HTB","domainsid":"S-1-5-21-1005535646-190407494-3473065389","highvalue":false,"samaccountname":"MAINFRAME$","haslaps":false,"description":null,"whencreated":1704079136,"enabled":true,"unconstraineddelegation":true,"trustedtoauth":false,"lastlogon":1719623561,"lastlogontimestamp":1718642777,"pwdlastset":1716204314,"serviceprincipalnames":["TERMSRV/MAINFRAME","TERMSRV/MAINFRAME.axlle.htb","Dfsr-12F9A27C-BF97-4787-9364-D31B6C55EB04/MAINFRAME.axlle.htb","ldap/MAINFRAME.axlle.htb/ForestDnsZones.axlle.htb","ldap/MAINFRAME.axlle.htb/DomainDnsZones.axlle.htb","DNS/MAINFRAME.axlle.htb","GC/MAINFRAME.axlle.htb/axlle.htb","RestrictedKrbHost/MAINFRAME.axlle.htb","RestrictedKrbHost/MAINFRAME","RPC/26502ac6-db3a-4614-bcac-2dd26f62284d._msdcs.axlle.htb","HOST/MAINFRAME/AXLLE","HOST/MAINFRAME.axlle.htb/AXLLE","HOST/MAINFRAME","HOST/MAINFRAME.axlle.htb","HOST/MAINFRAME.axlle.htb/axlle.htb","E3514235-4B06-11D1-AB04-00C04FC2DCD2/26502ac6-db3a-4614-bcac-2dd26f62284d/axlle.htb","ldap/MAINFRAME/AXLLE","ldap/26502ac6-db3a-4614-bcac-2dd26f62284d._msdcs.axlle.htb","ldap/MAINFRAME.axlle.htb/AXLLE","ldap/MAINFRAME","ldap/MAINFRAME.axlle.htb","ldap/MAINFRAME.axlle.htb/axlle.htb"],"operatingsystem":"Windows Server 2022 Standard","sidhistory":[]},"PrimaryGroupSID":"S-1-5-21-1005535646-190407494-3473065389-516","AllowedToDelegate":[],"AllowedToAct":[],"HasSIDHistory":[],"DumpSMSAPassword":[],"Sessions":{"Results":[],"Collected":false,"FailureReason":null},"PrivilegedSessions":{"Results":[],"Collected":false,"FailureReason":null},"RegistrySessions":{"Results":[],"Collected":false,"FailureReason":null},"LocalAdmins":{"Results":[],"Collected":false,"FailureReason":null},"RemoteDesktopUsers":{"Results":[],"Collected":false,"FailureReason":null},"DcomUsers":{"Results":[],"Collected":false,"FailureReason":null},"PSRemoteUsers":{"Results":[],"Collected":false,"FailureReason":null},"Status":null,"Aces":[{"PrincipalSID":"S-1-5-21-1005535646-190407494-3473065389-512","PrincipalType":"Group","RightName":"Owns","IsInherited":false},{"PrincipalSID":"S-1-5-21-1005535646-190407494-3473065389-512","PrincipalType":"Group","RightName":"GenericAll","IsInherited":false},{"PrincipalSID":"S-1-5-21-1005535646-190407494-3473065389-526","PrincipalType":"Group","RightName":"AddKeyCredentialLink","IsInherited":true},{"PrincipalSID":"S-1-5-21-1005535646-190407494-3473065389-527","PrincipalType":"Group","RightName":"AddKeyCredentialLink","IsInherited":true},{"PrincipalSID":"S-1-5-21-1005535646-190407494-3473065389-519","PrincipalType":"Group","RightName":"GenericAll","IsInherited":true},{"PrincipalSID":"AXLLE.HTB-S-1-5-32-544","PrincipalType":"Group","RightName":"WriteDacl","IsInherited":true},{"PrincipalSID":"AXLLE.HTB-S-1-5-32-544","PrincipalType":"Group","RightName":"WriteOwner","IsInherited":true},{"PrincipalSID":"AXLLE.HTB-S-1-5-32-544","PrincipalType":"Group","RightName":"GenericWrite","IsInherited":true}],"ObjectIdentifier":"S-1-5-21-1005535646-190407494-3473065389-1000","IsDeleted":false,"IsACLProtected":false}],"meta":{"methods":741,"type":"computers","count":1,"version":5}}